date,market,symbol,name,asset_type,open_price,high_price,low_price,close_price,previous_close,change_pct,volume,turnover,quote_time,source_provider,source_updated_at
2026-07-08,A股,000333,美的集团,stock,78.75,79.96,78.33,79.41,79.12,0.3665,31545922.0,2505012479.57,2026-07-08 16:29:45,sina,2026-07-08T21:24:04
2026-07-08,A股,000977,浪潮信息,stock,78.17,78.17,78.17,78.17,71.06,10.0056,40847014.0,3193011084.38,2026-07-08 16:29:30,sina,2026-07-08T21:24:04
2026-07-08,A股,002371,北方华创,stock,806.39,830.02,768.0,802.32,806.39,-0.5047,14807528.0,11840891128.66,2026-07-08 16:29:15,sina,2026-07-08T21:24:04
2026-07-08,A股,002463,沪电股份,stock,131.0,132.5,125.13,128.2,129.72,-1.1718,45616189.0,5901305052.32,2026-07-08 16:29:45,sina,2026-07-08T21:24:04
2026-07-08,A股,002594,比亚迪,stock,86.01,88.34,85.28,87.8,86.26,1.7853,40380908.0,3527472657.03,2026-07-08 16:29:00,sina,2026-07-08T21:24:04
2026-07-08,A股,300059,东方财富,stock,20.21,20.75,20.06,20.13,20.29,-0.7886,288191605.0,5865562679.95,2026-07-08 16:29:15,sina,2026-07-08T21:24:04
2026-07-08,A股,300274,阳光电源,stock,127.0,130.13,124.01,124.49,127.53,-2.3838,41308631.0,5189824826.09,2026-07-08 16:29:45,sina,2026-07-08T21:24:04
2026-07-08,A股,300308,中际旭创,stock,1134.8,1179.3,1114.56,1128.35,1121.9,0.5749,31732800.0,36323448241.25,2026-07-08 16:29:30,sina,2026-07-08T21:24:04
2026-07-08,A股,300502,新易盛,stock,515.0,533.38,498.13,510.84,510.1,0.1451,44527631.0,23032919119.39,2026-07-08 16:29:00,sina,2026-07-08T21:24:04
2026-07-08,A股,300750,宁德时代,stock,374.0,376.68,361.0,361.0,372.49,-3.0846,27051874.0,9902742689.32,2026-07-08 16:29:00,sina,2026-07-08T21:24:04
2026-07-08,A股,600030,中信证券,stock,28.29,28.55,27.98,28.0,28.45,-1.5817,135465073.0,3823541520.0,2026-07-08 15:34:59,sina,2026-07-08T21:24:04
2026-07-08,A股,600036,招商银行,stock,37.36,37.97,37.15,37.94,37.55,1.0386,76713452.0,2899053623.0,2026-07-08 15:34:59,sina,2026-07-08T21:24:04
2026-07-08,A股,600519,贵州茅台,stock,1188.77,1200.98,1177.0,1199.3,1188.8,0.8832,2577602.0,3071933498.0,2026-07-08 15:34:59,sina,2026-07-08T21:24:04
2026-07-08,A股,600941,中国移动,stock,88.4,90.04,87.9,89.95,88.42,1.7304,9440440.0,843508619.0,2026-07-08 15:34:59,sina,2026-07-08T21:24:04
2026-07-08,A股,601138,工业富联,stock,65.0,67.57,64.32,66.01,63.78,3.4964,180377105.0,11892708830.0,2026-07-08 15:34:59,sina,2026-07-08T21:24:04
2026-07-08,A股,601318,中国平安,stock,49.36,49.8,48.96,49.54,49.29,0.5072,54099529.0,2678589604.0,2026-07-08 15:34:59,sina,2026-07-08T21:24:04
2026-07-08,A股,601899,紫金矿业,stock,27.12,28.03,26.8,27.36,27.62,-0.9413,196981818.0,5419862358.0,2026-07-08 15:34:59,sina,2026-07-08T21:24:04
2026-07-08,A股,603019,中科曙光,stock,97.88,101.15,95.39,98.15,93.5,4.9733,120597192.0,11901041423.0,2026-07-08 15:34:59,sina,2026-07-08T21:24:04
2026-07-08,A股,603501,豪威集团,stock,99.85,103.48,97.01,100.95,99.46,1.4981,34150915.0,3432906016.0,2026-07-08 15:34:59,sina,2026-07-08T21:24:04
2026-07-08,A股,688041,海光信息,stock,349.0,359.04,342.01,343.0,342.6,0.1168,30295791.0,10588825918.0,2026-07-08 15:34:59,sina,2026-07-08T21:24:04
2026-07-08,A股,688256,寒武纪,stock,1423.0,1479.31,1400.01,1413.55,1388.0,1.8408,11717727.0,16775188064.0,2026-07-08 15:34:59,sina,2026-07-08T21:24:04
2026-07-08,A股,688981,中芯国际,stock,148.0,156.98,142.6,152.1,145.42,4.5936,100025303.0,15091486397.0,2026-07-08 15:34:59,sina,2026-07-08T21:24:04
2026-07-08,美股,AAPL,Apple Inc.,stock,311.6600036621094,314.81,307.052,313.39,310.66,0.8788,38466049.0,12054875096.11,2026-07-08T20:00:00+00:00,yahoo_chart,2026-07-08T21:24:04
2026-07-08,美股,AMAT,"Applied Materials, Inc.",stock,547.0999755859375,578.14,546.18,570.5,554.5,2.8855,7481392.0,4268134136.0,2026-07-08T20:00:01+00:00,yahoo_chart,2026-07-08T21:24:04
2026-07-08,美股,AMD,"Advanced Micro Devices, Inc.",stock,504.80499267578125,522.98,498.15,517.405,516.11,0.2509,22824431.0,11809474721.56,2026-07-08T20:00:01+00:00,yahoo_chart,2026-07-08T21:24:04
2026-07-08,美股,AMZN,"Amazon.com, Inc.",stock,244.13999938964844,244.8,240.52,243.62,245.98,-0.9594,27799758.0,6772577043.96,2026-07-08T20:00:00+00:00,yahoo_chart,2026-07-08T21:24:04
2026-07-08,美股,ASML,ASML Holding N.V.,stock,1732.3399658203125,1780.66,1729.4,1768.65,1747.28,1.223,1374339.0,2430724672.35,2026-07-08T20:00:01+00:00,yahoo_chart,2026-07-08T21:24:04
2026-07-08,美股,AVGO,Broadcom Inc.,stock,377.3450012207031,395.09,376.89,388.69,370.78,4.8304,28744548.0,11172718362.12,2026-07-08T20:00:01+00:00,yahoo_chart,2026-07-08T21:24:04
2026-07-08,美股,CRM,"Salesforce, Inc.",stock,167.3699951171875,167.52,164.78,166.58,169.52,-1.7343,6415863.0,1068754458.54,2026-07-08T20:00:03+00:00,yahoo_chart,2026-07-08T21:24:04
2026-07-08,美股,GOOGL,Alphabet Inc.,stock,365.052490234375,367.82,358.02,361.92,367.03,-1.3923,21880821.0,7919106736.32,2026-07-08T20:00:01+00:00,yahoo_chart,2026-07-08T21:24:04
2026-07-08,美股,INTC,Intel Corporation,stock,108.27999877929688,110.49,104.41,110.24,110.39,-0.1359,103494333.0,11409215269.92,2026-07-08T20:00:01+00:00,yahoo_chart,2026-07-08T21:24:04
2026-07-08,美股,KLAC,KLA Corporation,stock,215.8000030517578,223.4,214.3,221.18,216.47,2.1758,12457852.0,2755427705.36,2026-07-08T20:00:01+00:00,yahoo_chart,2026-07-08T21:24:04
2026-07-08,美股,LRCX,Lam Research Corporation,stock,325.4700012207031,337.5,322.72,333.15,326.13,2.1525,7897186.0,2630947515.9,2026-07-08T20:00:01+00:00,yahoo_chart,2026-07-08T21:24:04
2026-07-08,美股,META,"Meta Platforms, Inc.",stock,614.385009765625,616.0,598.01,603.12,615.58,-2.0241,13291122.0,8016141500.64,2026-07-08T20:00:00+00:00,yahoo_chart,2026-07-08T21:24:04
2026-07-08,美股,MSFT,Microsoft Corporation,stock,384.07501220703125,385.29,381.33,383.34,388.84,-1.4145,24764264.0,9493132961.76,2026-07-08T20:00:01+00:00,yahoo_chart,2026-07-08T21:24:04
2026-07-08,美股,MU,"Micron Technology, Inc.",stock,902.4000244140625,959.0,900.42,948.8,938.38,1.1104,40550345.0,38474167336.0,2026-07-08T20:00:01+00:00,yahoo_chart,2026-07-08T21:24:04
2026-07-08,美股,NVDA,NVIDIA Corporation,stock,195.1300048828125,205.15,195.105,204.12,196.93,3.651,145806099.0,29761940927.88,2026-07-08T20:00:00+00:00,yahoo_chart,2026-07-08T21:24:04
2026-07-08,美股,ORCL,Oracle Corporation,stock,139.05499267578125,141.84,137.545,140.49,141.6,-0.7839,33564540.0,4715482224.6,2026-07-08T20:05:00+00:00,yahoo_chart,2026-07-08T21:24:04
2026-07-08,美股,PLTR,Palantir Technologies Inc.,stock,129.63499450683594,132.39,126.717,132.22,134.37,-1.6001,38838343.0,5135205711.46,2026-07-08T20:00:00+00:00,yahoo_chart,2026-07-08T21:24:04
2026-07-08,美股,TSLA,"Tesla, Inc.",stock,399.375,399.63,390.51,394.06,402.9,-2.1941,33241905.0,13099305084.3,2026-07-08T20:00:01+00:00,yahoo_chart,2026-07-08T21:24:04
2026-07-08,美股,TSM,Taiwan Semiconductor Manufacturing Company Limited,stock,429.0,440.49,428.75,436.98,432.57,1.0195,10277039.0,4490860502.22,2026-07-08T20:00:02+00:00,yahoo_chart,2026-07-08T21:24:04
2026-07-10,美股,AAPL,Apple Inc.,stock,314.7200012207031,316.91,312.17,315.32,316.22,-0.2846,34132321.0,10762603457.72,2026-07-10T20:00:01+00:00,yahoo_chart,2026-07-13T08:15:36
2026-07-10,美股,AMAT,"Applied Materials, Inc.",stock,577.905029296875,609.22,573.8,602.5,588.66,2.3511,6279311.0,3783284877.5,2026-07-10T20:00:01+00:00,yahoo_chart,2026-07-13T08:15:36
2026-07-10,美股,AMD,"Advanced Micro Devices, Inc.",stock,542.7000122070312,560.25,540.05,557.89,546.72003,2.0431,20704530.0,11550850241.7,2026-07-10T20:00:01+00:00,yahoo_chart,2026-07-13T08:15:36
2026-07-10,美股,AMZN,"Amazon.com, Inc.",stock,249.63999938964844,251.03,244.41,245.34,247.04,-0.6881,31653997.0,7765991623.98,2026-07-10T20:00:01+00:00,yahoo_chart,2026-07-13T08:15:36
2026-07-10,美股,ASML,ASML Holding N.V.,stock,1782.239990234375,1815.18,1766.66,1797.32,1804.25,-0.3841,1218431.0,2189910404.92,2026-07-10T20:00:01+00:00,yahoo_chart,2026-07-13T08:15:36
2026-07-10,美股,AVGO,Broadcom Inc.,stock,398.5,402.44,395.7,399.97,401.11002,-0.2842,14595928.0,5837933322.16,2026-07-10T20:00:01+00:00,yahoo_chart,2026-07-13T08:15:36
2026-07-10,美股,CRM,"Salesforce, Inc.",stock,165.60000610351562,166.18,162.46,163.32,162.5,0.5046,8293110.0,1354430725.2,2026-07-10T20:00:02+00:00,yahoo_chart,2026-07-13T08:15:36
2026-07-10,美股,GOOGL,Alphabet Inc.,stock,357.5249938964844,357.82,352.75,357.18,358.88998,-0.4765,18146146.0,6481440428.28,2026-07-10T20:00:00+00:00,yahoo_chart,2026-07-13T08:15:36
2026-07-10,美股,INTC,Intel Corporation,stock,109.57499694824219,110.85,107.45,109.84,112.53999,-2.3991,70846601.0,7781790653.84,2026-07-10T20:00:01+00:00,yahoo_chart,2026-07-13T08:15:36
2026-07-10,美股,KLAC,KLA Corporation,stock,224.8300018310547,232.1,222.13,231.52,229.492,0.8837,7447781.0,1724310257.12,2026-07-10T20:00:01+00:00,yahoo_chart,2026-07-13T08:15:36
2026-07-10,美股,LRCX,Lam Research Corporation,stock,341.3599853515625,354.73,338.1319,350.33,353.16998,-0.8041,6890932.0,2414100207.56,2026-07-10T20:00:01+00:00,yahoo_chart,2026-07-13T08:15:36
2026-07-10,美股,META,"Meta Platforms, Inc.",stock,660.3350219726562,677.85,658.01,669.21,631.48004,5.9748,40608860.0,27175855200.6,2026-07-10T20:00:01+00:00,yahoo_chart,2026-07-13T08:15:36
2026-07-10,美股,MSFT,Microsoft Corporation,stock,387.79998779296875,391.875,381.5,385.1,384.36002,0.1925,24644605.0,9490637385.5,2026-07-10T20:00:00+00:00,yahoo_chart,2026-07-13T08:15:36
2026-07-10,美股,MU,"Micron Technology, Inc.",stock,965.0800170898438,998.0,954.13,979.3,991.64,-1.2444,31768093.0,31110493474.9,2026-07-10T20:00:01+00:00,yahoo_chart,2026-07-13T08:15:36
2026-07-10,美股,NVDA,NVIDIA Corporation,stock,201.9199981689453,211.0,201.92,210.96,202.78,4.0339,148421001.0,31310894370.96,2026-07-10T20:00:00+00:00,yahoo_chart,2026-07-13T08:15:36
2026-07-10,美股,ORCL,Oracle Corporation,stock,145.64999389648438,145.595,139.26,140.64,143.72,-2.1431,26601250.0,3741199800.0,2026-07-10T20:03:57+00:00,yahoo_chart,2026-07-13T08:15:36
2026-07-10,美股,PLTR,Palantir Technologies Inc.,stock,132.13999938964844,132.27,125.77,126.79,129.04001,-1.7437,31162959.0,3951151571.61,2026-07-10T20:00:00+00:00,yahoo_chart,2026-07-13T08:15:36
2026-07-10,美股,TSLA,"Tesla, Inc.",stock,410.489990234375,413.16,402.8101,407.76,406.55002,0.2976,33409995.0,13623259561.2,2026-07-10T20:00:00+00:00,yahoo_chart,2026-07-13T08:15:36
2026-07-10,美股,TSM,Taiwan Semiconductor Manufacturing Company Limited,stock,438.6650085449219,439.655,428.1,434.11,436.96,-0.6522,9558426.0,4149408310.86,2026-07-10T20:00:02+00:00,yahoo_chart,2026-07-13T08:15:36
2026-07-13,A股,000333,美的集团,stock,78.5,80.67,78.42,80.4,78.99,1.785,47041628.0,3769459400.78,2026-07-13 15:15:00,sina,2026-07-15T22:46:11
2026-07-13,A股,000977,浪潮信息,stock,91.0,92.21,83.8,85.49,89.52,-4.5018,168585956.0,14755516805.21,2026-07-13 15:15:00,sina,2026-07-15T22:46:11
2026-07-13,A股,002371,北方华创,stock,795.61,813.7,755.0,764.3,801.0,-4.5818,16314186.0,12784581134.16,2026-07-13 15:14:00,sina,2026-07-15T22:46:11
2026-07-13,A股,002463,沪电股份,stock,127.7,132.0,123.12,124.66,129.44,-3.6928,52716686.0,6719189798.92,2026-07-13 15:15:00,sina,2026-07-15T22:46:11
2026-07-13,A股,002594,比亚迪,stock,89.0,89.0,86.78,86.98,90.0,-3.3556,42458495.0,3714908441.87,2026-07-13 15:15:00,sina,2026-07-15T22:46:11
2026-07-13,A股,300059,东方财富,stock,20.03,20.32,19.62,19.84,20.19,-1.7335,328386783.0,6558881438.57,2026-07-13 15:15:00,sina,2026-07-15T22:46:11
2026-07-13,A股,300274,阳光电源,stock,112.54,114.05,106.8,108.0,114.79,-5.9151,74568297.0,8168368808.04,2026-07-13 15:15:00,sina,2026-07-15T22:46:11
2026-07-13,A股,300308,中际旭创,stock,1100.01,1148.48,1076.8,1108.0,1093.98,1.2816,34452091.0,38390820847.98,2026-07-13 15:15:00,sina,2026-07-15T22:46:11
2026-07-13,A股,300502,新易盛,stock,518.0,541.74,502.88,512.5,523.05,-2.017,41130487.0,21387137627.47,2026-07-13 15:15:00,sina,2026-07-15T22:46:11
2026-07-13,A股,300750,宁德时代,stock,349.0,362.0,348.0,359.06,348.76,2.9533,46290681.0,16540015163.16,2026-07-13 15:15:00,sina,2026-07-15T22:46:11
2026-07-13,A股,600030,中信证券,stock,28.38,28.49,27.93,28.12,28.4,-0.9859,159038431.0,4482410728.0,2026-07-13 15:15:12,sina,2026-07-15T22:46:11
2026-07-13,A股,600036,招商银行,stock,36.81,37.4,36.71,37.25,36.88,1.0033,93308476.0,3469591941.0,2026-07-13 15:15:12,sina,2026-07-15T22:46:11
2026-07-13,A股,600519,贵州茅台,stock,1197.12,1215.0,1190.19,1210.99,1204.98,0.4988,4198257.0,5056689558.0,2026-07-13 15:15:12,sina,2026-07-15T22:46:11
2026-07-13,A股,600941,中国移动,stock,89.6,91.53,89.41,91.43,89.98,1.6115,10608523.0,962005538.0,2026-07-13 15:15:12,sina,2026-07-15T22:46:11
2026-07-13,A股,601138,工业富联,stock,65.3,66.16,62.5,63.08,66.27,-4.8136,126413447.0,8102096295.0,2026-07-13 15:15:12,sina,2026-07-15T22:46:11
2026-07-13,A股,601318,中国平安,stock,49.36,49.73,49.11,49.53,49.48,0.1011,71652351.0,3539328300.0,2026-07-13 15:15:12,sina,2026-07-15T22:46:11
2026-07-13,A股,601899,紫金矿业,stock,27.23,27.63,26.74,27.36,27.72,-1.2987,213023840.0,5804744893.0,2026-07-13 15:15:12,sina,2026-07-15T22:46:11
2026-07-13,A股,603019,中科曙光,stock,110.0,113.0,103.0,106.13,107.5,-1.2744,123798266.0,13373549456.0,2026-07-13 15:15:12,sina,2026-07-15T22:46:11
2026-07-13,A股,603501,豪威集团,stock,103.21,107.53,101.0,102.49,103.21,-0.6976,34783250.0,3629731877.0,2026-07-13 15:15:12,sina,2026-07-15T22:46:11
2026-07-13,A股,688041,海光信息,stock,347.0,370.3,339.1,345.0,353.0,-2.2663,36402947.0,12969860136.0,2026-07-13 15:15:12,sina,2026-07-15T22:46:11
2026-07-13,A股,688256,寒武纪,stock,1421.4,1504.96,1363.0,1390.0,1400.0,-0.7143,16476372.0,23601713850.0,2026-07-13 15:15:12,sina,2026-07-15T22:46:11
2026-07-13,A股,688981,中芯国际,stock,160.01,172.44,160.01,163.58,163.02,0.3435,108133330.0,17953925596.0,2026-07-13 15:15:12,sina,2026-07-15T22:46:11
2026-07-13,美股,AAPL,Apple Inc.,stock,317.0150146484375,323.45,315.78,317.02,315.32,0.5391,28205354.0,8941661325.08,2026-07-13T19:00:54+00:00,yahoo_chart,2026-07-13T20:01:02
2026-07-13,美股,AMAT,"Applied Materials, Inc.",stock,581.4340209960938,590.02,568.154,573.03,602.5,-4.8913,3599779.0,2062781360.37,2026-07-13T19:00:49+00:00,yahoo_chart,2026-07-13T20:01:02
2026-07-13,美股,AMD,"Advanced Micro Devices, Inc.",stock,537.5700073242188,551.87,526.97,535.63,557.89,-3.99,15813739.0,8470313020.57,2026-07-13T19:00:42+00:00,yahoo_chart,2026-07-13T20:01:02
2026-07-13,美股,AMZN,"Amazon.com, Inc.",stock,244.25999450683594,249.65,244.23,248.5,245.34,1.288,21875256.0,5436001116.0,2026-07-13T19:00:52+00:00,yahoo_chart,2026-07-13T20:01:02
2026-07-13,美股,ASML,ASML Holding N.V.,stock,1772.56005859375,1775.79,1724.41,1728.03,1797.32,-3.8552,968755.0,1674037702.65,2026-07-13T19:00:46+00:00,yahoo_chart,2026-07-13T20:01:02
2026-07-13,美股,AVGO,Broadcom Inc.,stock,393.4750061035156,395.745,385.13,385.28,399.97,-3.6728,9463081.0,3645935847.68,2026-07-13T19:00:43+00:00,yahoo_chart,2026-07-13T20:01:02
2026-07-13,美股,CRM,"Salesforce, Inc.",stock,165.9199981689453,172.76,165.92,170.565,163.32,4.4361,8376785.0,1428786333.53,2026-07-13T19:00:56+00:00,yahoo_chart,2026-07-13T20:01:02
2026-07-13,美股,GOOGL,Alphabet Inc.,stock,356.20001220703125,358.12,354.11,354.84,357.18,-0.6551,8738365.0,3100721436.6,2026-07-13T19:00:51+00:00,yahoo_chart,2026-07-13T20:01:02
2026-07-13,美股,INTC,Intel Corporation,stock,105.95500183105469,106.17,102.21,102.38,109.84,-6.7917,65851408.0,6741867151.04,2026-07-13T19:00:46+00:00,yahoo_chart,2026-07-13T20:01:02
2026-07-13,美股,KLAC,KLA Corporation,stock,221.5500030517578,226.855,218.89,221.37,231.52,-4.3841,4323942.0,957191040.54,2026-07-13T19:00:49+00:00,yahoo_chart,2026-07-13T20:01:02
2026-07-13,美股,LRCX,Lam Research Corporation,stock,335.3756103515625,337.96,326.9,329.111,350.33,-6.0569,4644839.0,1528667608.13,2026-07-13T19:00:48+00:00,yahoo_chart,2026-07-13T20:01:02
2026-07-13,美股,META,"Meta Platforms, Inc.",stock,661.510009765625,676.62,654.2,662.37,669.21,-1.0221,12850650.0,8511885040.5,2026-07-13T19:00:52+00:00,yahoo_chart,2026-07-13T20:01:02
2026-07-13,美股,MSFT,Microsoft Corporation,stock,387.7250061035156,393.64,384.15,392.77,385.1,1.9917,17974081.0,7059679794.37,2026-07-13T19:00:50+00:00,yahoo_chart,2026-07-13T20:01:02
2026-07-13,美股,MU,"Micron Technology, Inc.",stock,928.4849853515625,943.5,902.6,929.6,979.3,-5.0751,26180623.0,24337507140.8,2026-07-13T19:00:46+00:00,yahoo_chart,2026-07-13T20:01:02
2026-07-13,美股,NVDA,NVIDIA Corporation,stock,208.5399932861328,210.57,203.35,203.68,210.96,-3.4509,80361737.0,16368078592.16,2026-07-13T19:00:43+00:00,yahoo_chart,2026-07-13T20:01:02
2026-07-13,美股,ORCL,Oracle Corporation,stock,139.02999877929688,139.64,132.09,133.17,140.64,-5.3114,39783644.0,5297987871.48,2026-07-13T19:00:55+00:00,yahoo_chart,2026-07-13T20:01:02
2026-07-13,美股,PLTR,Palantir Technologies Inc.,stock,127.39900207519531,130.72,126.195,129.675,126.79,2.2754,26800401.0,3475341999.68,2026-07-13T19:00:56+00:00,yahoo_chart,2026-07-13T20:01:02
2026-07-13,美股,TSLA,"Tesla, Inc.",stock,404.6099853515625,405.4,392.13,392.21,407.76,-3.8135,24252171.0,9511943987.91,2026-07-13T19:00:54+00:00,yahoo_chart,2026-07-13T20:01:02
2026-07-13,美股,TSM,Taiwan Semiconductor Manufacturing Company Limited,stock,433.82000732421875,437.99,422.2,422.94,434.11,-2.5731,9226892.0,3902421702.48,2026-07-13T19:00:47+00:00,yahoo_chart,2026-07-13T20:01:02
2026-07-14,美股,AAPL,Apple Inc.,stock,313.6400146484375,316.19,311.91,314.86,317.31,-0.7721,36202131.0,11398602966.66,2026-07-14T20:00:01+00:00,yahoo_chart,2026-07-14T22:46:07
2026-07-14,美股,AMAT,"Applied Materials, Inc.",stock,614.135009765625,614.135,584.0,595.7,575.39,3.5298,6406311.0,3816239462.7,2026-07-14T20:00:01+00:00,yahoo_chart,2026-07-14T22:46:07
2026-07-14,美股,AMD,"Advanced Micro Devices, Inc.",stock,567.7369995117188,574.2,546.77,548.13,534.39,2.5712,21085850.0,11557786960.5,2026-07-14T20:00:01+00:00,yahoo_chart,2026-07-14T22:46:07
2026-07-14,美股,AMZN,"Amazon.com, Inc.",stock,245.52999877929688,248.56,243.8,247.49,247.31,0.0728,29883823.0,7395947354.27,2026-07-14T20:00:01+00:00,yahoo_chart,2026-07-14T22:46:07
2026-07-14,美股,ASML,ASML Holding N.V.,stock,1787.4449462890625,1798.27,1749.86,1775.64,1726.04,2.8736,2445820.0,4342895824.8,2026-07-14T20:00:01+00:00,yahoo_chart,2026-07-14T22:46:07
2026-07-14,美股,AVGO,Broadcom Inc.,stock,395.6050109863281,397.33,384.64,389.11,384.05,1.3175,19949796.0,7762665121.56,2026-07-14T20:00:01+00:00,yahoo_chart,2026-07-14T22:46:07
2026-07-14,美股,CRM,"Salesforce, Inc.",stock,162.49000549316406,171.35,161.47,167.56,171.22,-2.1376,11979855.0,2007344503.8,2026-07-14T20:00:02+00:00,yahoo_chart,2026-07-14T22:46:07
2026-07-14,美股,GOOGL,Alphabet Inc.,stock,351.0899963378906,360.16,351.09,359.51,352.51,1.9858,18165860.0,6530808328.6,2026-07-14T20:00:01+00:00,yahoo_chart,2026-07-14T22:46:07
2026-07-14,美股,INTC,Intel Corporation,stock,107.95999908447266,109.19,103.59,107.76,103.12,4.4996,90744188.0,9778593698.88,2026-07-14T20:00:01+00:00,yahoo_chart,2026-07-14T22:46:07
2026-07-14,美股,KLAC,KLA Corporation,stock,237.72000122070312,237.72,226.29,230.37,222.25,3.6535,8778581.0,2022321704.97,2026-07-14T20:00:01+00:00,yahoo_chart,2026-07-14T22:46:07
2026-07-14,美股,LRCX,Lam Research Corporation,stock,354.6600036621094,354.66,338.875,346.1,329.92,4.9042,9086791.0,3144938365.1,2026-07-14T20:00:00+00:00,yahoo_chart,2026-07-14T22:46:07
2026-07-14,美股,META,"Meta Platforms, Inc.",stock,652.0,666.5,649.05,661.04,656.73,0.6563,13244016.0,8754824336.64,2026-07-14T20:00:01+00:00,yahoo_chart,2026-07-14T22:46:07
2026-07-14,美股,MSFT,Microsoft Corporation,stock,382.5050048828125,388.19,378.65,384.93,390.99,-1.5499,27741653.0,10678594489.29,2026-07-14T20:00:01+00:00,yahoo_chart,2026-07-14T22:46:07
2026-07-14,美股,MU,"Micron Technology, Inc.",stock,987.9500122070312,994.8,950.07,983.12,937.0,4.9221,30470097.0,29955761762.64,2026-07-14T20:00:01+00:00,yahoo_chart,2026-07-14T22:46:07
2026-07-14,美股,NVDA,NVIDIA Corporation,stock,208.1999969482422,212.54,203.8,211.8,203.5284,4.0641,118014431.0,24995456485.8,2026-07-14T20:00:00+00:00,yahoo_chart,2026-07-14T22:46:07
2026-07-14,美股,ORCL,Oracle Corporation,stock,132.0,132.75,127.83,127.94,131.54,-2.7368,45418183.0,5810802333.02,2026-07-14T20:05:23+00:00,yahoo_chart,2026-07-14T22:46:07
2026-07-14,美股,PLTR,Palantir Technologies Inc.,stock,123.61199951171875,135.79,122.64,133.72,130.04,2.8299,49516261.0,6621314420.92,2026-07-14T20:00:00+00:00,yahoo_chart,2026-07-14T22:46:07
2026-07-14,美股,TSLA,"Tesla, Inc.",stock,399.1000061035156,402.22,394.76,396.18,394.76,0.3597,22670942.0,8981773801.56,2026-07-14T20:00:00+00:00,yahoo_chart,2026-07-14T22:46:07
2026-07-14,美股,TSM,Taiwan Semiconductor Manufacturing Company Limited,stock,430.8699951171875,430.87,418.86,420.39,421.58,-0.2823,14192635.0,5966441827.65,2026-07-14T20:00:02+00:00,yahoo_chart,2026-07-14T22:46:07
2026-07-15,美股,AAPL,Apple Inc.,stock,317.625,328.72,317.32,327.5,314.86,4.0145,60780931.0,19905754902.5,2026-07-15T20:00:00+00:00,yahoo_chart,2026-07-16T08:46:00
2026-07-15,美股,AMAT,"Applied Materials, Inc.",stock,610.375,611.72,557.16,579.43,595.7,-2.7312,8149547.0,4722092018.21,2026-07-15T20:00:00+00:00,yahoo_chart,2026-07-16T08:46:00
2026-07-15,美股,AMD,"Advanced Micro Devices, Inc.",stock,556.02001953125,558.81,509.57,529.14,548.13,-3.4645,27727468.0,14671712417.52,2026-07-15T20:00:00+00:00,yahoo_chart,2026-07-16T08:46:00
2026-07-15,美股,AMZN,"Amazon.com, Inc.",stock,249.97000122070312,256.48,249.92,254.96,247.49,3.0183,42296511.0,10783918444.56,2026-07-15T20:00:01+00:00,yahoo_chart,2026-07-16T08:46:00
2026-07-15,美股,ASML,ASML Holding N.V.,stock,1825.0,1830.0,1735.65,1815.27,1775.64,2.2319,4153139.0,7539068632.53,2026-07-15T20:00:00+00:00,yahoo_chart,2026-07-16T08:46:00
2026-07-15,美股,AVGO,Broadcom Inc.,stock,396.05999755859375,399.0,386.74,394.28,389.11,1.3287,16167483.0,6374515197.24,2026-07-15T20:00:01+00:00,yahoo_chart,2026-07-16T08:46:00
2026-07-15,美股,CRM,"Salesforce, Inc.",stock,170.52000427246094,172.79,166.56,167.0,167.56,-0.3342,13314476.0,2223517492.0,2026-07-15T20:00:02+00:00,yahoo_chart,2026-07-16T08:46:00
2026-07-15,美股,GOOGL,Alphabet Inc.,stock,358.1499938964844,373.65,357.76,370.92,359.51,3.1738,28115784.0,10428706601.28,2026-07-15T20:00:01+00:00,yahoo_chart,2026-07-16T08:46:00
2026-07-15,美股,INTC,Intel Corporation,stock,109.30000305175781,109.49,99.2,102.99,107.76,-4.4265,119660956.0,12323881858.44,2026-07-15T20:00:00+00:00,yahoo_chart,2026-07-16T08:46:00
2026-07-15,美股,KLAC,KLA Corporation,stock,235.9600067138672,236.54,216.47,224.5,230.37,-2.5481,10355414.0,2324790443.0,2026-07-15T20:00:01+00:00,yahoo_chart,2026-07-16T08:46:00
2026-07-15,美股,LRCX,Lam Research Corporation,stock,352.1199951171875,356.28,319.8,335.43,346.1,-3.0829,10243704.0,3436045632.72,2026-07-15T20:00:01+00:00,yahoo_chart,2026-07-16T08:46:00
2026-07-15,美股,META,"Meta Platforms, Inc.",stock,663.5999755859375,686.08,656.66,681.31,661.04,3.0664,17731107.0,12080380510.17,2026-07-15T20:00:01+00:00,yahoo_chart,2026-07-16T08:46:00
2026-07-15,美股,MSFT,Microsoft Corporation,stock,387.79998779296875,398.96,386.4,395.63,384.93,2.7797,32663427.0,12922631624.01,2026-07-15T20:00:01+00:00,yahoo_chart,2026-07-16T08:46:00
2026-07-15,美股,MU,"Micron Technology, Inc.",stock,975.8049926757812,978.4,873.63,904.28,983.12,-8.0194,54188069.0,49001187035.32,2026-07-15T20:00:01+00:00,yahoo_chart,2026-07-16T08:46:00
2026-07-15,美股,NVDA,NVIDIA Corporation,stock,212.00999450683594,213.81,206.04,212.5,211.8,0.3305,118979465.0,25283136312.5,2026-07-15T20:00:00+00:00,yahoo_chart,2026-07-16T08:46:00
2026-07-15,美股,ORCL,Oracle Corporation,stock,130.55999755859375,133.9,128.841,132.49,127.94,3.5564,48263565.0,6394439726.85,2026-07-15T20:03:23+00:00,yahoo_chart,2026-07-16T08:46:00
2026-07-15,美股,PLTR,Palantir Technologies Inc.,stock,134.1699981689453,136.88,132.88,133.76,133.72,0.0299,25984282.0,3475657560.32,2026-07-15T20:00:00+00:00,yahoo_chart,2026-07-16T08:46:00
2026-07-15,美股,TSLA,"Tesla, Inc.",stock,399.3949890136719,406.59,390.66,394.46,396.18,-0.4341,31393664.0,12383544701.44,2026-07-15T20:00:00+00:00,yahoo_chart,2026-07-16T08:46:00
2026-07-15,美股,TSM,Taiwan Semiconductor Manufacturing Company Limited,stock,425.75,428.875,410.78,419.48,420.39,-0.2165,16826838.0,7058522004.24,2026-07-15T20:00:02+00:00,yahoo_chart,2026-07-16T08:46:00
2026-07-16,A股,000333,美的集团,stock,82.15,83.45,81.8,81.8,82.67,-1.0524,36238235.0,2982559446.26,2026-07-16 15:35:30,sina,2026-07-16T22:46:57
2026-07-16,A股,000977,浪潮信息,stock,81.3,88.58,81.3,85.0,84.7,0.3542,148017316.0,12691483551.7,2026-07-16 15:35:15,sina,2026-07-16T22:46:57
2026-07-16,A股,002371,北方华创,stock,732.96,745.65,693.7,702.76,742.66,-5.3726,13509339.0,9684632548.17,2026-07-16 15:35:00,sina,2026-07-16T22:46:57
2026-07-16,A股,002463,沪电股份,stock,133.81,142.99,133.16,136.72,137.23,-0.3716,78354277.0,10879695653.77,2026-07-16 15:35:30,sina,2026-07-16T22:46:57
2026-07-16,A股,002594,比亚迪,stock,91.74,94.76,91.15,94.14,91.76,2.5937,60720397.0,5673387681.66,2026-07-16 15:35:45,sina,2026-07-16T22:46:57
2026-07-16,A股,300059,东方财富,stock,19.95,20.1,19.71,19.82,20.14,-1.5889,261353383.0,5192459885.48,2026-07-16 15:35:00,sina,2026-07-16T22:46:57
2026-07-16,A股,300274,阳光电源,stock,108.17,112.0,104.53,105.84,108.95,-2.8545,62478680.0,6734754605.88,2026-07-16 15:35:30,sina,2026-07-16T22:46:57
2026-07-16,A股,300308,中际旭创,stock,1122.22,1163.0,1098.0,1113.0,1169.31,-4.8157,30663363.0,34474188926.12,2026-07-16 15:35:15,sina,2026-07-16T22:46:57
2026-07-16,A股,300502,新易盛,stock,530.0,558.0,526.21,542.6,556.0,-2.4101,40875345.0,22051853828.18,2026-07-16 15:35:45,sina,2026-07-16T22:46:57
2026-07-16,A股,300750,宁德时代,stock,369.48,375.02,364.5,366.2,373.0,-1.8231,25186882.0,9290699880.4,2026-07-16 15:35:45,sina,2026-07-16T22:46:57
2026-07-16,A股,600030,中信证券,stock,28.34,28.44,27.99,28.1,28.6,-1.7483,138492702.0,3898053451.0,2026-07-16 15:34:59,sina,2026-07-16T22:46:57
2026-07-16,A股,600036,招商银行,stock,37.7,38.12,37.5,37.67,37.76,-0.2383,76689870.0,2894610320.0,2026-07-16 15:34:59,sina,2026-07-16T22:46:57
2026-07-16,A股,600519,贵州茅台,stock,1252.0,1267.97,1245.05,1258.99,1251.06,0.6339,4761114.0,5987570858.0,2026-07-16 15:34:59,sina,2026-07-16T22:46:57
2026-07-16,A股,600941,中国移动,stock,92.79,93.6,92.46,93.05,92.8,0.2694,9533640.0,887470274.0,2026-07-16 15:34:59,sina,2026-07-16T22:46:57
2026-07-16,A股,601138,工业富联,stock,62.35,64.94,61.46,63.02,63.62,-0.9431,98286733.0,6234675296.0,2026-07-16 15:34:59,sina,2026-07-16T22:46:57
2026-07-16,A股,601318,中国平安,stock,50.7,51.29,50.24,50.67,50.95,-0.5496,81279871.0,4120400653.0,2026-07-16 15:34:59,sina,2026-07-16T22:46:57
2026-07-16,A股,601899,紫金矿业,stock,28.82,29.59,28.79,29.25,28.83,1.4568,265438976.0,7773402449.0,2026-07-16 15:34:59,sina,2026-07-16T22:46:57
2026-07-16,A股,603019,中科曙光,stock,93.5,101.32,92.01,97.66,96.76,0.9301,85878060.0,8404779082.0,2026-07-16 15:34:59,sina,2026-07-16T22:46:57
2026-07-16,A股,603501,豪威集团,stock,108.08,113.77,108.0,109.85,111.12,-1.1429,45522722.0,5082515853.0,2026-07-16 15:34:59,sina,2026-07-16T22:46:57
2026-07-16,A股,688041,海光信息,stock,319.78,337.5,315.0,320.4,324.11,-1.1447,27996349.0,9141122237.0,2026-07-16 15:34:59,sina,2026-07-16T22:46:57
2026-07-16,A股,688256,寒武纪,stock,1305.9,1357.77,1261.0,1279.22,1347.46,-5.0643,13208718.0,17259534161.0,2026-07-16 15:34:59,sina,2026-07-16T22:46:57
2026-07-16,A股,688981,中芯国际,stock,146.0,160.47,145.99,151.8,153.64,-1.1976,84258615.0,13055294759.0,2026-07-16 15:34:59,sina,2026-07-16T22:46:57
2026-07-16,美股,AAPL,Apple Inc.,stock,328.0050048828125,334.68,326.79,333.26,327.5,1.7588,62673782.0,20886664589.32,2026-07-16T20:00:01+00:00,yahoo_chart,2026-07-17T08:46:02
2026-07-16,美股,AMAT,"Applied Materials, Inc.",stock,562.4299926757812,591.088,557.27,560.93,579.43,-3.1928,8355944.0,4687099667.92,2026-07-16T20:00:01+00:00,yahoo_chart,2026-07-17T08:46:02
2026-07-16,美股,AMD,"Advanced Micro Devices, Inc.",stock,509.3299865722656,518.74,491.8,500.94,529.14,-5.3294,26933821.0,13492228291.74,2026-07-16T20:00:01+00:00,yahoo_chart,2026-07-17T08:46:02
2026-07-16,美股,AMZN,"Amazon.com, Inc.",stock,255.38499450683594,258.082,248.0,249.89,254.96,-1.9885,44640934.0,11155322997.26,2026-07-16T20:00:01+00:00,yahoo_chart,2026-07-17T08:46:02
2026-07-16,美股,ASML,ASML Holding N.V.,stock,1797.4849853515625,1853.41,1779.12,1784.87,1815.27,-1.6747,2568853.0,4585068654.11,2026-07-16T20:00:01+00:00,yahoo_chart,2026-07-17T08:46:02
2026-07-16,美股,AVGO,Broadcom Inc.,stock,384.5350036621094,386.74,371.9,374.45,394.28,-5.0294,22216413.0,8318935847.85,2026-07-16T20:00:01+00:00,yahoo_chart,2026-07-17T08:46:02
2026-07-16,美股,CRM,"Salesforce, Inc.",stock,170.83999633789062,174.539,166.92,172.68,167.0,3.4012,8186720.0,1413682809.6,2026-07-16T20:00:03+00:00,yahoo_chart,2026-07-17T08:46:02
2026-07-16,美股,GOOGL,Alphabet Inc.,stock,373.19500732421875,375.27,352.32,354.46,370.92,-4.4376,40951931.0,14515821462.26,2026-07-16T20:00:00+00:00,yahoo_chart,2026-07-17T08:46:02
2026-07-16,美股,INTC,Intel Corporation,stock,101.12999725341797,101.88,95.48,96.98,102.99,-5.8355,105837548.0,10264125405.04,2026-07-16T20:00:01+00:00,yahoo_chart,2026-07-17T08:46:02
2026-07-16,美股,KLAC,KLA Corporation,stock,217.7550048828125,228.78,216.72,219.37,224.5,-2.2851,14751975.0,3236140755.75,2026-07-16T20:00:01+00:00,yahoo_chart,2026-07-17T08:46:02
2026-07-16,美股,LRCX,Lam Research Corporation,stock,324.9949951171875,336.68,315.16,320.96,335.43,-4.3139,10331242.0,3315915432.32,2026-07-16T20:00:01+00:00,yahoo_chart,2026-07-17T08:46:02
2026-07-16,美股,META,"Meta Platforms, Inc.",stock,678.6099853515625,681.9,660.16,664.54,681.31,-2.4614,15736700.0,10457666618.0,2026-07-16T20:00:01+00:00,yahoo_chart,2026-07-17T08:46:02
2026-07-16,美股,MSFT,Microsoft Corporation,stock,398.0799865722656,405.99,392.05,401.1,395.63,1.3826,34338326.0,13773102558.6,2026-07-16T20:00:00+00:00,yahoo_chart,2026-07-17T08:46:02
2026-07-16,美股,MU,"Micron Technology, Inc.",stock,866.375,887.71,840.51,853.2,904.28,-5.6487,45784925.0,39063698010.0,2026-07-16T20:00:01+00:00,yahoo_chart,2026-07-17T08:46:02
2026-07-16,美股,NVDA,NVIDIA Corporation,stock,210.26499938964844,211.08,205.85,207.4,212.5,-2.4,116253420.0,24110959308.0,2026-07-16T20:00:00+00:00,yahoo_chart,2026-07-17T08:46:02
2026-07-16,美股,ORCL,Oracle Corporation,stock,131.47500610351562,131.65,123.66,124.21,132.49,-6.2495,54322695.0,6747421945.95,2026-07-16T20:04:50+00:00,yahoo_chart,2026-07-17T08:46:02
2026-07-16,美股,PLTR,Palantir Technologies Inc.,stock,133.27999877929688,134.89,128.68,134.44,133.76,0.5084,28569134.0,3840834374.96,2026-07-16T20:00:00+00:00,yahoo_chart,2026-07-17T08:46:02
2026-07-16,美股,TSLA,"Tesla, Inc.",stock,392.3500061035156,395.31,385.32,391.06,394.46,-0.8619,28935215.0,11315405177.9,2026-07-16T20:00:00+00:00,yahoo_chart,2026-07-17T08:46:02
2026-07-16,美股,TSM,Taiwan Semiconductor Manufacturing Company Limited,stock,405.2900085449219,415.95,403.5,409.74,419.48,-2.3219,24793300.0,10158806742.0,2026-07-16T20:00:02+00:00,yahoo_chart,2026-07-17T08:46:02
2026-07-17,A股,000333,美的集团,stock,82.31,83.45,81.34,82.71,81.8,1.1125,46279515.0,3817607250.08,2026-07-17 15:35:30,sina,2026-07-20T07:38:50
2026-07-17,A股,000977,浪潮信息,stock,85.01,85.88,76.5,77.4,85.0,-8.9412,152228625.0,12217563043.6,2026-07-17 15:35:15,sina,2026-07-20T07:38:50
2026-07-17,A股,002371,北方华创,stock,693.3,707.78,660.01,677.0,702.76,-3.6655,16618562.0,11379353080.14,2026-07-17 15:36:00,sina,2026-07-20T07:38:50
2026-07-17,A股,002463,沪电股份,stock,134.09,136.45,123.05,127.8,136.72,-6.5243,95729852.0,12161243297.64,2026-07-17 15:35:30,sina,2026-07-20T07:38:50
2026-07-17,A股,002594,比亚迪,stock,94.14,95.95,91.9,93.47,94.14,-0.7117,68734582.0,6442145672.28,2026-07-17 15:35:45,sina,2026-07-20T07:38:50
2026-07-17,A股,300059,东方财富,stock,19.79,20.44,19.67,19.7,19.82,-0.6054,451533945.0,9039491441.74,2026-07-17 15:35:15,sina,2026-07-20T07:38:50
2026-07-17,A股,300274,阳光电源,stock,106.07,106.24,100.2,101.61,105.84,-3.9966,62204958.0,6384992787.91,2026-07-17 15:35:45,sina,2026-07-20T07:38:50
2026-07-17,A股,300308,中际旭创,stock,1057.36,1072.0,950.55,979.46,1113.0,-11.9982,56186085.0,56485631462.15,2026-07-17 15:35:30,sina,2026-07-20T07:38:50
2026-07-17,A股,300502,新易盛,stock,518.0,520.9,452.96,482.88,542.6,-11.0063,76002466.0,37485566621.4,2026-07-17 15:35:00,sina,2026-07-20T07:38:50
2026-07-17,A股,300750,宁德时代,stock,372.3,375.24,360.0,360.0,366.2,-1.6931,51245336.0,18846714585.55,2026-07-17 15:35:00,sina,2026-07-20T07:38:50
2026-07-17,A股,600030,中信证券,stock,28.0,28.27,27.6,27.6,28.1,-1.7794,170077850.0,4751646929.0,2026-07-17 15:34:59,sina,2026-07-20T07:38:50
2026-07-17,A股,600036,招商银行,stock,37.76,38.2,37.68,38.02,37.67,0.9291,115858449.0,4404072223.0,2026-07-17 15:34:59,sina,2026-07-20T07:38:50
2026-07-17,A股,600519,贵州茅台,stock,1269.01,1269.33,1238.98,1253.0,1258.99,-0.4758,5841730.0,7322732709.0,2026-07-17 15:34:59,sina,2026-07-20T07:38:50
2026-07-17,A股,600941,中国移动,stock,93.0,94.6,92.81,93.4,93.05,0.3761,16682878.0,1567074507.0,2026-07-17 15:34:59,sina,2026-07-20T07:38:50
2026-07-17,A股,601138,工业富联,stock,62.02,62.44,56.82,57.59,63.02,-8.6163,154904250.0,9200843618.0,2026-07-17 15:34:59,sina,2026-07-20T07:38:50
2026-07-17,A股,601318,中国平安,stock,50.66,51.45,50.58,50.7,50.67,0.0592,107232650.0,5464124961.0,2026-07-17 15:34:59,sina,2026-07-20T07:38:50
2026-07-17,A股,601899,紫金矿业,stock,28.65,28.82,27.92,28.36,29.25,-3.0427,290416859.0,8241056106.0,2026-07-17 15:34:59,sina,2026-07-20T07:38:50
2026-07-17,A股,603019,中科曙光,stock,96.67,98.64,87.89,87.89,97.66,-10.0041,97625989.0,8999104161.0,2026-07-17 15:34:59,sina,2026-07-20T07:38:50
2026-07-17,A股,603501,豪威集团,stock,109.03,112.48,103.33,104.12,109.85,-5.2162,48088804.0,5196279825.0,2026-07-17 15:34:59,sina,2026-07-20T07:38:50
2026-07-17,A股,688041,海光信息,stock,317.0,323.62,298.0,304.88,320.4,-4.8439,35790245.0,11054575479.0,2026-07-17 15:34:59,sina,2026-07-20T07:38:50
2026-07-17,A股,688256,寒武纪,stock,1268.0,1278.0,1156.0,1190.58,1279.22,-6.9292,16650126.0,20207709790.0,2026-07-17 15:34:59,sina,2026-07-20T07:38:50
2026-07-17,A股,688981,中芯国际,stock,150.01,155.51,139.02,139.88,151.8,-7.8524,102952043.0,15171663143.0,2026-07-17 15:34:59,sina,2026-07-20T07:38:50
2026-07-17,美股,AAPL,Apple Inc.,stock,331.9800109863281,334.98,329.0006,333.74,333.25998,0.144,63407059.0,21161471870.66,2026-07-17T20:00:01+00:00,yahoo_chart,2026-07-20T14:53:50
2026-07-17,美股,AMAT,"Applied Materials, Inc.",stock,532.4000244140625,551.18,513.22,529.66,560.93,-5.5747,10326483.0,5469524985.78,2026-07-17T20:00:01+00:00,yahoo_chart,2026-07-20T14:53:50
2026-07-17,美股,AMD,"Advanced Micro Devices, Inc.",stock,477.25,505.879,460.21,495.76,500.94,-1.0341,32115875.0,15921766190.0,2026-07-17T20:00:01+00:00,yahoo_chart,2026-07-20T14:53:50
2026-07-17,美股,AMZN,"Amazon.com, Inc.",stock,244.6999969482422,250.24,243.59,247.23,249.89,-1.0645,43572361.0,10772394810.03,2026-07-17T20:00:01+00:00,yahoo_chart,2026-07-20T14:53:50
2026-07-17,美股,ASML,ASML Holding N.V.,stock,1734.1700439453125,1790.91,1703.4,1747.58,1784.87,-2.0892,2209396.0,3861096261.68,2026-07-17T20:00:01+00:00,yahoo_chart,2026-07-20T14:53:50
2026-07-17,美股,AVGO,Broadcom Inc.,stock,366.0450134277344,377.313,357.8,370.825,374.45,-0.9681,23272208.0,8629916531.6,2026-07-17T20:00:01+00:00,yahoo_chart,2026-07-20T14:53:50
2026-07-17,美股,CRM,"Salesforce, Inc.",stock,171.5,175.43,169.75,170.77,172.68,-1.1061,7913287.0,1351352020.99,2026-07-17T20:00:03+00:00,yahoo_chart,2026-07-20T14:53:50
2026-07-17,美股,GOOGL,Alphabet Inc.,stock,345.9949951171875,348.52,341.36,346.77,354.46,-2.1695,29959283.0,10388980565.91,2026-07-17T20:00:01+00:00,yahoo_chart,2026-07-20T14:53:50
2026-07-17,美股,INTC,Intel Corporation,stock,92.07499694824219,98.05,89.59,95.04,96.98,-2.0004,126779308.0,12049105432.32,2026-07-17T20:00:01+00:00,yahoo_chart,2026-07-20T14:53:50
2026-07-17,美股,KLAC,KLA Corporation,stock,208.4499969482422,216.79,204.584,212.75,219.37,-3.0177,13061825.0,2778903268.75,2026-07-17T20:00:01+00:00,yahoo_chart,2026-07-20T14:53:50
2026-07-17,美股,LRCX,Lam Research Corporation,stock,303.8299865722656,322.07,298.65,313.3,320.96,-2.3866,12805720.0,4012032076.0,2026-07-17T20:00:01+00:00,yahoo_chart,2026-07-20T14:53:50
2026-07-17,美股,META,"Meta Platforms, Inc.",stock,647.7000122070312,652.2,626.0,646.01,664.54004,-2.7884,22267862.0,14385261530.62,2026-07-17T20:00:01+00:00,yahoo_chart,2026-07-20T14:53:50
2026-07-17,美股,MSFT,Microsoft Corporation,stock,394.8550109863281,398.39,389.39,393.82,401.1,-1.815,33049842.0,13015688776.44,2026-07-17T20:00:01+00:00,yahoo_chart,2026-07-20T14:53:50
2026-07-17,美股,MU,"Micron Technology, Inc.",stock,822.5250244140625,903.93,804.0,848.95,853.2,-0.4981,63346278.0,53777822708.1,2026-07-17T20:00:01+00:00,yahoo_chart,2026-07-20T14:53:50
2026-07-17,美股,NVDA,NVIDIA Corporation,stock,202.39999389648438,206.645,197.97,202.81,207.4,-2.2131,144281910.0,29261814167.1,2026-07-17T20:00:01+00:00,yahoo_chart,2026-07-20T14:53:50
2026-07-17,美股,ORCL,Oracle Corporation,stock,121.69999694824219,128.43,121.5,126.41,124.21,1.7712,33592043.0,4246370155.63,2026-07-17T20:05:03+00:00,yahoo_chart,2026-07-20T14:53:50
2026-07-17,美股,PLTR,Palantir Technologies Inc.,stock,131.80499267578125,134.77,129.05,132.38,134.44,-1.5323,31875064.0,4219620972.32,2026-07-17T20:00:00+00:00,yahoo_chart,2026-07-20T14:53:50
2026-07-17,美股,TSLA,"Tesla, Inc.",stock,381.7799987792969,385.69,377.22,380.84,391.06,-2.6134,31394594.0,11956317178.96,2026-07-17T20:00:00+00:00,yahoo_chart,2026-07-20T14:53:50
2026-07-17,美股,TSM,Taiwan Semiconductor Manufacturing Company Limited,stock,392.1199951171875,404.7,386.034,398.37,409.74,-2.7749,20866543.0,8312604734.91,2026-07-17T20:00:02+00:00,yahoo_chart,2026-07-20T14:53:50
2026-07-20,A股,000300,沪深300,index,4575.6712,4628.7985,4521.1808,4598.3208,4529.0953,1.5285,333116058.0,933403207741.0,2026-07-20 15:35:34,sina,2026-08-08T14:23:21
2026-07-20,A股,000333,美的集团,stock,81.23,84.5,81.11,84.3,82.71,1.9224,54704808.0,4571947510.88,2026-07-20 15:35:30,sina,2026-08-08T14:23:21
2026-07-20,A股,000688,科创50,index,1764.5933,1776.0733,1646.3869,1718.6895,1715.4044,0.1915,17984793.0,183748976943.0,2026-07-20 15:35:40,sina,2026-08-08T14:23:21
2026-07-20,A股,000905,中证500,index,7597.7694,7626.489,7253.5179,7411.3134,7513.7627,-1.3635,253763302.0,537630257770.0,2026-07-20 15:35:40,sina,2026-08-08T14:23:21
2026-07-20,A股,000977,浪潮信息,stock,82.02,85.14,78.52,81.29,77.4,5.0258,171314722.0,14116566420.38,2026-07-20 15:35:15,sina,2026-08-08T14:23:21
2026-07-20,A股,002371,北方华创,stock,704.0,716.66,659.1,676.91,677.0,-0.0133,17483200.0,12040705471.24,2026-07-20 15:36:00,sina,2026-08-08T14:23:21
2026-07-20,A股,002463,沪电股份,stock,130.35,131.48,115.02,115.02,127.8,-10.0,87426039.0,10440701013.63,2026-07-20 15:35:30,sina,2026-08-08T14:23:21
2026-07-20,A股,002594,比亚迪,stock,93.49,95.28,92.77,93.92,93.47,0.4814,43989030.0,4119522142.59,2026-07-20 15:35:45,sina,2026-08-08T14:23:21
2026-07-20,A股,159915,创业板,ETF,3.512,3.572,3.358,3.477,3.463,0.4043,5629939389.0,19456636143.639,2026-07-20 15:35:30,sina,2026-08-08T14:23:21
2026-07-20,A股,300059,东方财富,stock,19.8,20.43,19.8,20.18,19.7,2.4365,383137770.0,7700009644.57,2026-07-20 15:35:45,sina,2026-08-08T14:23:21
2026-07-20,A股,300274,阳光电源,stock,102.0,105.49,99.77,101.77,101.61,0.1575,65928400.0,6773216065.5,2026-07-20 15:35:15,sina,2026-08-08T14:23:21
2026-07-20,A股,300308,中际旭创,stock,1028.43,1057.77,967.68,1004.0,979.46,2.5055,45366520.0,46094376323.78,2026-07-20 15:35:00,sina,2026-08-08T14:23:21
2026-07-20,A股,300502,新易盛,stock,512.0,523.96,481.5,510.0,482.88,5.6163,68169192.0,34530785007.46,2026-07-20 15:35:30,sina,2026-08-08T14:23:21
2026-07-20,A股,300750,宁德时代,stock,354.0,377.6,353.8,376.43,360.0,4.5639,44790768.0,16632779398.89,2026-07-20 15:35:30,sina,2026-08-08T14:23:21
2026-07-20,A股,399006,创业板指,index,3504.116,3550.594,3338.213,3443.102,3428.63,0.4221,23717409929.0,671204865964.61,2026-07-20 15:00:03,sina,2026-08-08T14:23:21
2026-07-20,A股,510300,沪深300ETF华泰柏瑞,ETF,4.63,4.685,4.577,4.65,4.589,1.3293,4010453802.0,18562451759.0,2026-07-20 15:34:59,sina,2026-08-08T14:23:21
2026-07-20,A股,512760,芯片ETF国泰,ETF,1.176,1.201,1.092,1.13,1.155,-2.1645,545049333.0,628234185.0,2026-07-20 15:34:59,sina,2026-08-08T14:23:21
2026-07-20,A股,512880,证券ETF国泰,ETF,1.1,1.126,1.1,1.118,1.097,1.9143,2696208405.0,3005524368.0,2026-07-20 15:34:59,sina,2026-08-08T14:23:21
2026-07-20,A股,588000,科创50ETF华夏,ETF,1.851,1.873,1.737,1.815,1.807,0.4427,13058736297.0,23452637630.0,2026-07-20 15:34:59,sina,2026-08-08T14:23:21
2026-07-20,A股,600030,中信证券,stock,27.76,28.39,27.76,28.28,27.6,2.4638,190738400.0,5360957298.0,2026-07-20 15:34:59,sina,2026-08-08T14:23:21
2026-07-20,A股,600036,招商银行,stock,37.95,38.91,37.89,38.91,38.02,2.3409,143361015.0,5534176002.0,2026-07-20 15:34:59,sina,2026-08-08T14:23:21
2026-07-20,A股,600519,贵州茅台,stock,1270.0,1329.0,1266.0,1327.5,1253.0,5.9457,10615115.0,13898351084.0,2026-07-20 15:34:59,sina,2026-08-08T14:23:21
2026-07-20,A股,600941,中国移动,stock,93.4,96.08,93.4,95.8,93.4,2.5696,20161171.0,1925214028.0,2026-07-20 15:34:59,sina,2026-08-08T14:23:21
2026-07-20,A股,601138,工业富联,stock,58.88,59.69,55.04,56.5,57.59,-1.8927,147788546.0,8488593157.0,2026-07-20 15:34:59,sina,2026-08-08T14:23:21
2026-07-20,A股,601318,中国平安,stock,50.72,53.27,50.71,53.23,50.7,4.9901,175445104.0,9212523658.0,2026-07-20 15:34:59,sina,2026-08-08T14:23:21
2026-07-20,A股,601899,紫金矿业,stock,28.36,29.45,28.29,29.35,28.36,3.4908,275768250.0,7992030452.0,2026-07-20 15:34:59,sina,2026-08-08T14:23:21
2026-07-20,A股,603019,中科曙光,stock,90.86,95.96,88.88,91.04,87.89,3.584,95276529.0,8806066297.0,2026-07-20 15:34:59,sina,2026-08-08T14:23:21
2026-07-20,A股,603501,豪威集团,stock,106.0,106.99,97.99,101.16,104.12,-2.8429,43160962.0,4400081655.0,2026-07-20 15:34:59,sina,2026-08-08T14:23:21
2026-07-20,A股,688041,海光信息,stock,311.0,320.99,299.92,320.12,304.88,4.9987,36494316.0,11296798645.0,2026-07-20 15:34:59,sina,2026-08-08T14:23:21
2026-07-20,A股,688256,寒武纪,stock,1240.0,1278.53,1167.0,1209.0,1190.58,1.5471,16139997.0,19752324179.0,2026-07-20 15:34:59,sina,2026-08-08T14:23:21
2026-07-20,A股,688981,中芯国际,stock,145.0,147.47,138.11,144.0,139.88,2.9454,93942500.0,13464937827.0,2026-07-20 15:34:59,sina,2026-08-08T14:23:21
2026-07-20,美股,AAPL,Apple Inc.,stock,333.0249938964844,333.71,323.7,326.59,333.74,-2.1424,51014085.0,16660690020.15,2026-07-20T20:00:00+00:00,yahoo_chart,2026-07-20T22:46:26
2026-07-20,美股,AMAT,"Applied Materials, Inc.",stock,545.280029296875,554.8,522.96,525.7,529.66,-0.7476,6489103.0,3411321447.1,2026-07-20T20:00:01+00:00,yahoo_chart,2026-07-20T22:46:26
2026-07-20,美股,AMD,"Advanced Micro Devices, Inc.",stock,516.9949951171875,522.44,502.36,503.57,495.76,1.5754,23212955.0,11689347749.35,2026-07-20T20:00:01+00:00,yahoo_chart,2026-07-20T22:46:26
2026-07-20,美股,AMZN,"Amazon.com, Inc.",stock,248.75,252.89,248.12,249.99,247.23,1.1164,30630782.0,7657389192.18,2026-07-20T20:00:01+00:00,yahoo_chart,2026-07-20T22:46:26
2026-07-20,美股,ASML,ASML Holding N.V.,stock,1778.5899658203125,1798.34,1728.6,1739.02,1747.58,-0.4898,1603536.0,2788581174.72,2026-07-20T20:00:01+00:00,yahoo_chart,2026-07-20T22:46:26
2026-07-20,美股,AVGO,Broadcom Inc.,stock,378.0,383.59,375.96,378.16,370.825,1.978,14214613.0,5375398052.08,2026-07-20T20:00:01+00:00,yahoo_chart,2026-07-20T22:46:26
2026-07-20,美股,CRM,"Salesforce, Inc.",stock,167.86000061035156,175.38,166.495,173.79,170.77,1.7685,9398962.0,1633445605.98,2026-07-20T20:00:03+00:00,yahoo_chart,2026-07-20T22:46:26
2026-07-20,美股,GOOGL,Alphabet Inc.,stock,353.9700012207031,359.67,350.52,351.99,346.77,1.5053,24606836.0,8661360203.64,2026-07-20T20:00:01+00:00,yahoo_chart,2026-07-20T22:46:26
2026-07-20,美股,INTC,Intel Corporation,stock,97.77999877929688,100.98,96.92,97.06,95.04,2.1254,89273530.0,8664888821.8,2026-07-20T20:00:01+00:00,yahoo_chart,2026-07-20T22:46:26
2026-07-20,美股,KLAC,KLA Corporation,stock,217.4499969482422,220.79,206.92,207.6,212.75,-2.4207,8223684.0,1707236798.4,2026-07-20T20:00:00+00:00,yahoo_chart,2026-07-20T22:46:26
2026-07-20,美股,LRCX,Lam Research Corporation,stock,321.8299865722656,324.45,305.27,306.76,313.3,-2.0875,8059474.0,2472324244.24,2026-07-20T20:00:01+00:00,yahoo_chart,2026-07-20T22:46:26
2026-07-20,美股,META,"Meta Platforms, Inc.",stock,643.9099731445312,653.3,636.01,645.85,646.01,-0.0248,9924164.0,6409521319.4,2026-07-20T20:00:01+00:00,yahoo_chart,2026-07-20T22:46:26
2026-07-20,美股,MSFT,Microsoft Corporation,stock,390.0799865722656,403.18,389.67,402.29,393.82,2.1507,27729614.0,11155346416.06,2026-07-20T20:00:01+00:00,yahoo_chart,2026-07-20T22:46:26
2026-07-20,美股,MU,"Micron Technology, Inc.",stock,879.5,901.0,858.9,865.46,848.95,1.9448,37344218.0,32319926910.28,2026-07-20T20:00:01+00:00,yahoo_chart,2026-07-20T22:46:26
2026-07-20,美股,NVDA,NVIDIA Corporation,stock,205.97500610351562,207.74,202.28,203.28,202.81,0.2317,88271631.0,17943857149.68,2026-07-20T20:00:01+00:00,yahoo_chart,2026-07-20T22:46:26
2026-07-20,美股,ORCL,Oracle Corporation,stock,124.2699966430664,125.49,120.03,121.38,126.41,-3.9791,36384270.0,4416322692.6,2026-07-20T20:04:40+00:00,yahoo_chart,2026-07-20T22:46:26
2026-07-20,美股,PLTR,Palantir Technologies Inc.,stock,133.25,136.62,131.82,134.85,132.38,1.8658,30202806.0,4072848389.1,2026-07-20T20:00:01+00:00,yahoo_chart,2026-07-20T22:46:26
2026-07-20,美股,TSLA,"Tesla, Inc.",stock,384.1099853515625,386.49,369.425,369.57,380.84,-2.9592,32893543.0,12156466686.51,2026-07-20T20:00:00+00:00,yahoo_chart,2026-07-20T22:46:26
2026-07-20,美股,TSM,Taiwan Semiconductor Manufacturing Company Limited,stock,407.7049865722656,409.88,400.08,402.3,398.37,0.9865,10757296.0,4327660180.8,2026-07-20T20:00:02+00:00,yahoo_chart,2026-07-20T22:46:26
2026-07-21,美股,AAPL,Apple Inc.,stock,323.3450012207031,329.6,322.22,328.21,326.59,0.496,26268298.0,8621518086.58,2026-07-21T19:07:57+00:00,yahoo_chart,2026-07-21T19:08:01
2026-07-21,美股,AMAT,"Applied Materials, Inc.",stock,564.7050170898438,572.5,552.0,564.075,525.7,7.2998,4841391.0,2730907628.33,2026-07-21T19:07:56+00:00,yahoo_chart,2026-07-21T19:08:01
2026-07-21,美股,AMD,"Advanced Micro Devices, Inc.",stock,525.760009765625,548.14,522.6,541.8,503.57,7.5918,20428681.0,11068259365.8,2026-07-21T19:07:56+00:00,yahoo_chart,2026-07-21T19:08:01
2026-07-21,美股,AMZN,"Amazon.com, Inc.",stock,249.1219940185547,249.34,246.72,247.63,249.99,-0.944,16387221.0,4057967536.23,2026-07-21T19:07:53+00:00,yahoo_chart,2026-07-21T19:08:01
2026-07-21,美股,ASML,ASML Holding N.V.,stock,1800.81494140625,1823.88,1785.54,1803.65,1739.02,3.7165,1177652.0,2124072029.8,2026-07-21T19:07:56+00:00,yahoo_chart,2026-07-21T19:08:01
2026-07-21,美股,AVGO,Broadcom Inc.,stock,390.0199890136719,390.583,379.22,385.885,378.16,2.0428,9180234.0,3542514597.09,2026-07-21T19:07:53+00:00,yahoo_chart,2026-07-21T19:08:01
2026-07-21,美股,CRM,"Salesforce, Inc.",stock,167.05999755859375,172.425,166.93,170.46,173.79,-1.9161,5969678.0,1017591311.88,2026-07-21T19:07:57+00:00,yahoo_chart,2026-07-21T19:08:01
2026-07-21,美股,GOOGL,Alphabet Inc.,stock,350.8299865722656,351.14,347.59,349.23,351.99,-0.7841,13575214.0,4740871985.22,2026-07-21T19:07:56+00:00,yahoo_chart,2026-07-21T19:08:01
2026-07-21,美股,INTC,Intel Corporation,stock,103.2699966430664,105.655,101.22,104.815,97.06,7.9899,76163168.0,7983042453.92,2026-07-21T19:07:56+00:00,yahoo_chart,2026-07-21T19:08:01
2026-07-21,美股,KLAC,KLA Corporation,stock,220.88999938964844,220.89,214.23,217.37,207.6,4.7062,4492247.0,976479730.39,2026-07-21T19:07:56+00:00,yahoo_chart,2026-07-21T19:08:01
2026-07-21,美股,LRCX,Lam Research Corporation,stock,328.1300048828125,328.135,313.29,321.425,306.76,4.7806,7004023.0,2251268092.78,2026-07-21T19:07:54+00:00,yahoo_chart,2026-07-21T19:08:01
2026-07-21,美股,META,"Meta Platforms, Inc.",stock,654.1300048828125,655.88,643.2,648.03,645.85,0.3375,5058047.0,3277766197.41,2026-07-21T19:07:55+00:00,yahoo_chart,2026-07-21T19:08:01
2026-07-21,美股,MSFT,Microsoft Corporation,stock,398.80499267578125,401.47,396.32,398.705,402.29,-0.8911,15018528.0,5987962206.24,2026-07-21T19:07:57+00:00,yahoo_chart,2026-07-21T19:08:01
2026-07-21,美股,MU,"Micron Technology, Inc.",stock,925.3499755859375,982.88,916.57,968.57,865.46,11.9139,38049010.0,36853129615.7,2026-07-21T19:07:55+00:00,yahoo_chart,2026-07-21T19:08:01
2026-07-21,美股,NVDA,NVIDIA Corporation,stock,207.5399932861328,208.65,204.01,206.8,203.28,1.7316,74446455.0,15395526894.0,2026-07-21T19:07:54+00:00,yahoo_chart,2026-07-21T19:08:01
2026-07-21,美股,ORCL,Oracle Corporation,stock,122.80999755859375,127.25,122.21,126.28,121.38,4.0369,19940215.0,2518050350.2,2026-07-21T19:07:57+00:00,yahoo_chart,2026-07-21T19:08:01
2026-07-21,美股,PLTR,Palantir Technologies Inc.,stock,133.97500610351562,134.68,131.225,133.06,134.85,-1.3274,16476356.0,2192343929.36,2026-07-21T19:07:58+00:00,yahoo_chart,2026-07-21T19:08:01
2026-07-21,美股,TSLA,"Tesla, Inc.",stock,370.9800109863281,384.07,369.99,378.21,369.57,2.3379,23826242.0,9011322986.82,2026-07-21T19:07:58+00:00,yahoo_chart,2026-07-21T19:08:01
2026-07-21,美股,TSM,Taiwan Semiconductor Manufacturing Company Limited,stock,418.739990234375,425.34,413.56,424.58,402.3,5.5382,12878424.0,5467921261.92,2026-07-21T19:07:55+00:00,yahoo_chart,2026-07-21T19:08:01
2026-07-22,美股,AAPL,Apple Inc.,stock,327.875,329.0,323.34,326.235,327.74,-0.4592,26843438.0,8757268995.93,2026-07-22T19:59:49+00:00,yahoo_chart,2026-07-22T20:00:02
2026-07-22,美股,AMAT,"Applied Materials, Inc.",stock,550.0944213867188,563.342,543.31,554.11,564.55,-1.8493,2896214.0,1604821139.54,2026-07-22T19:59:49+00:00,yahoo_chart,2026-07-22T20:00:02
2026-07-22,美股,AMD,"Advanced Micro Devices, Inc.",stock,537.0,561.47,526.875,552.68,544.43,1.5153,21549084.0,11909747745.12,2026-07-22T19:59:49+00:00,yahoo_chart,2026-07-22T20:00:02
2026-07-22,美股,AMZN,"Amazon.com, Inc.",stock,248.1300048828125,248.45,242.45,244.87,247.55,-1.0826,24047944.0,5888620047.28,2026-07-22T19:59:49+00:00,yahoo_chart,2026-07-22T20:00:02
2026-07-22,美股,ASML,ASML Holding N.V.,stock,1767.47998046875,1817.2,1767.281,1803.145,1801.51,0.0908,894586.0,1613068272.97,2026-07-22T19:59:49+00:00,yahoo_chart,2026-07-22T20:00:02
2026-07-22,美股,AVGO,Broadcom Inc.,stock,380.5400085449219,398.585,380.0,397.06,386.5,2.7322,11418017.0,4533637830.02,2026-07-22T19:59:49+00:00,yahoo_chart,2026-07-22T20:00:02
2026-07-22,美股,CRM,"Salesforce, Inc.",stock,169.47000122070312,169.57,162.21,163.08,170.06,-4.1044,9817192.0,1600987671.36,2026-07-22T19:59:48+00:00,yahoo_chart,2026-07-22T20:00:02
2026-07-22,美股,GOOGL,Alphabet Inc.,stock,347.7449951171875,349.94,341.73,342.36,347.15,-1.3798,22204468.0,7601921664.48,2026-07-22T19:59:49+00:00,yahoo_chart,2026-07-22T20:00:02
2026-07-22,美股,INTC,Intel Corporation,stock,101.5999984741211,106.85,101.48,102.68,105.45,-2.6268,67016103.0,6881213456.04,2026-07-22T19:59:49+00:00,yahoo_chart,2026-07-22T20:00:02
2026-07-22,美股,KLAC,KLA Corporation,stock,210.42999267578125,218.37,210.274,214.79,217.56,-1.2732,5505559.0,1182539017.61,2026-07-22T19:59:50+00:00,yahoo_chart,2026-07-22T20:00:02
2026-07-22,美股,LRCX,Lam Research Corporation,stock,310.54998779296875,322.25,310.55,319.52,322.0,-0.7702,4145917.0,1324703399.84,2026-07-22T19:59:49+00:00,yahoo_chart,2026-07-22T20:00:02
2026-07-22,美股,META,"Meta Platforms, Inc.",stock,642.469970703125,648.998,624.0,627.34,643.81,-2.5582,8541095.0,5358170537.3,2026-07-22T19:59:49+00:00,yahoo_chart,2026-07-22T20:00:02
2026-07-22,美股,MSFT,Microsoft Corporation,stock,395.5799865722656,401.0,386.97,390.59,397.75,-1.8001,21010075.0,8206325194.25,2026-07-22T19:59:49+00:00,yahoo_chart,2026-07-22T20:00:02
2026-07-22,美股,MU,"Micron Technology, Inc.",stock,946.0,982.62,936.06,959.25,970.82,-1.1918,27658096.0,26531028588.0,2026-07-22T19:59:49+00:00,yahoo_chart,2026-07-22T20:00:02
2026-07-22,美股,NVDA,NVIDIA Corporation,stock,205.80499267578125,214.39,204.95,212.155,207.29,2.347,114583878.0,24309542637.09,2026-07-22T19:59:48+00:00,yahoo_chart,2026-07-22T20:00:02
2026-07-22,美股,ORCL,Oracle Corporation,stock,126.18000030517578,128.84,124.7,125.93,127.05,-0.8815,19034451.0,2397008414.43,2026-07-22T19:59:47+00:00,yahoo_chart,2026-07-22T20:00:02
2026-07-22,美股,PLTR,Palantir Technologies Inc.,stock,132.22000122070312,132.31,123.45,124.65,132.66,-6.038,32574064.0,4060357077.6,2026-07-22T19:59:50+00:00,yahoo_chart,2026-07-22T20:00:02
2026-07-22,美股,TSLA,"Tesla, Inc.",stock,377.635009765625,380.17,372.9,374.05,378.93,-1.2878,20476102.0,7659085953.1,2026-07-22T19:59:50+00:00,yahoo_chart,2026-07-22T20:00:02
2026-07-22,美股,TSM,Taiwan Semiconductor Manufacturing Company Limited,stock,414.9049987792969,424.81,414.218,421.11,424.61,-0.8243,8958102.0,3772346333.22,2026-07-22T19:59:48+00:00,yahoo_chart,2026-07-22T20:00:02
2026-07-23,美股,AAPL,Apple Inc.,stock,321.7300109863281,323.3,319.35,321.545,325.89,-1.3333,27828313.0,8948054903.59,2026-07-23T19:57:12+00:00,yahoo_chart,2026-07-23T19:57:13
2026-07-23,美股,AMAT,"Applied Materials, Inc.",stock,547.989990234375,576.49,547.39,560.24,553.92,1.141,4171121.0,2336828829.04,2026-07-23T19:57:10+00:00,yahoo_chart,2026-07-23T19:57:13
2026-07-23,美股,AMD,"Advanced Micro Devices, Inc.",stock,544.739990234375,556.49,525.0,538.65,552.33,-2.4768,22120240.0,11915067276.0,2026-07-23T19:57:09+00:00,yahoo_chart,2026-07-23T19:57:13
2026-07-23,美股,AMZN,"Amazon.com, Inc.",stock,236.32000732421875,238.35,232.052,234.08,244.85,-4.3986,37263931.0,8722740968.48,2026-07-23T19:57:11+00:00,yahoo_chart,2026-07-23T19:57:13
2026-07-23,美股,ASML,ASML Holding N.V.,stock,1782.1199951171875,1823.575,1780.238,1796.32,1801.86,-0.3075,915126.0,1643859136.32,2026-07-23T19:57:11+00:00,yahoo_chart,2026-07-23T19:57:13
2026-07-23,美股,AVGO,Broadcom Inc.,stock,392.19000244140625,397.6,386.82,391.69,396.81,-1.2903,9630353.0,3772112966.57,2026-07-23T19:57:09+00:00,yahoo_chart,2026-07-23T19:57:13
2026-07-23,美股,CRM,"Salesforce, Inc.",stock,163.5050048828125,165.86,155.145,156.985,163.0,-3.6902,9900671.0,1554256836.94,2026-07-23T19:57:10+00:00,yahoo_chart,2026-07-23T19:57:13
2026-07-23,美股,GOOGL,Alphabet Inc.,stock,321.1300048828125,324.49,314.91,318.012,342.09,-7.0385,59989927.0,19077516665.12,2026-07-23T19:57:11+00:00,yahoo_chart,2026-07-23T19:57:13
2026-07-23,美股,INTC,Intel Corporation,stock,100.99500274658203,104.18,99.235,99.87,102.62,-2.6798,84032116.0,8392287424.92,2026-07-23T19:57:10+00:00,yahoo_chart,2026-07-23T19:57:13
2026-07-23,美股,KLAC,KLA Corporation,stock,213.35000610351562,218.14,212.86,217.115,214.69,1.1295,4822027.0,1046934392.11,2026-07-23T19:57:11+00:00,yahoo_chart,2026-07-23T19:57:13
2026-07-23,美股,LRCX,Lam Research Corporation,stock,314.93499755859375,325.88,314.35,318.355,319.29,-0.2928,4724165.0,1503961548.58,2026-07-23T19:57:10+00:00,yahoo_chart,2026-07-23T19:57:13
2026-07-23,美股,META,"Meta Platforms, Inc.",stock,608.4099731445312,614.635,597.22,606.883,627.17,-3.2347,12120273.0,7355587639.06,2026-07-23T19:57:11+00:00,yahoo_chart,2026-07-23T19:57:13
2026-07-23,美股,MSFT,Microsoft Corporation,stock,389.9649963378906,391.78,377.4,381.855,390.34,-2.1737,23216538.0,8865351117.99,2026-07-23T19:57:11+00:00,yahoo_chart,2026-07-23T19:57:13
2026-07-23,美股,MU,"Micron Technology, Inc.",stock,975.22998046875,1011.77,964.4,981.27,959.48,2.271,36148685.0,35471620129.95,2026-07-23T19:57:10+00:00,yahoo_chart,2026-07-23T19:57:13
2026-07-23,美股,NVDA,NVIDIA Corporation,stock,209.39500427246094,210.869,205.96,208.22,212.06,-1.8108,84592970.0,17613948213.4,2026-07-23T19:57:02+00:00,yahoo_chart,2026-07-23T19:57:13
2026-07-23,美股,ORCL,Oracle Corporation,stock,123.95999908447266,124.7,119.44,120.145,125.84,-4.5256,25409698.0,3052848166.21,2026-07-23T19:57:12+00:00,yahoo_chart,2026-07-23T19:57:13
2026-07-23,美股,PLTR,Palantir Technologies Inc.,stock,125.93499755859375,126.39,120.73,123.396,124.57,-0.9424,23748292.0,2930444239.63,2026-07-23T19:57:12+00:00,yahoo_chart,2026-07-23T19:57:13
2026-07-23,美股,TSLA,"Tesla, Inc.",stock,341.0,341.86,315.735,323.065,374.01,-13.6213,101987257.0,32948513182.7,2026-07-23T19:57:11+00:00,yahoo_chart,2026-07-23T19:57:13
2026-07-23,美股,TSM,Taiwan Semiconductor Manufacturing Company Limited,stock,415.8399963378906,420.84,411.8,414.36,421.21,-1.6263,8705273.0,3607116920.28,2026-07-23T19:57:10+00:00,yahoo_chart,2026-07-23T19:57:13
2026-07-24,美股,AAPL,Apple Inc.,stock,322.0400085449219,334.37,321.62,333.2,321.66,3.5876,37817263.0,12600712031.6,2026-07-24T19:57:46+00:00,yahoo_chart,2026-07-24T19:57:48
2026-07-24,美股,AMAT,"Applied Materials, Inc.",stock,556.2100219726562,562.8,530.01,535.67,562.8,-4.8205,4312131.0,2309879212.77,2026-07-24T19:57:45+00:00,yahoo_chart,2026-07-24T19:57:48
2026-07-24,美股,AMD,"Advanced Micro Devices, Inc.",stock,546.905029296875,549.0,518.01,520.93,539.69,-3.4761,23383906.0,12181378152.58,2026-07-24T19:57:46+00:00,yahoo_chart,2026-07-24T19:57:48
2026-07-24,美股,AMZN,"Amazon.com, Inc.",stock,234.3699951171875,234.95,231.35,232.05,233.66,-0.689,28789428.0,6680586767.4,2026-07-24T19:57:45+00:00,yahoo_chart,2026-07-24T19:57:48
2026-07-24,美股,ASML,ASML Holding N.V.,stock,1788.4599609375,1797.87,1739.88,1755.52,1803.0,-2.6334,1031558.0,1810920700.16,2026-07-24T19:57:45+00:00,yahoo_chart,2026-07-24T19:57:48
2026-07-24,美股,AVGO,Broadcom Inc.,stock,387.92498779296875,389.27,378.75,381.18,392.47,-2.8767,9296189.0,3543521323.02,2026-07-24T19:57:45+00:00,yahoo_chart,2026-07-24T19:57:48
2026-07-24,美股,CRM,"Salesforce, Inc.",stock,160.3800048828125,164.45,159.76,163.61,156.93,4.2567,8658133.0,1416557140.13,2026-07-24T19:57:45+00:00,yahoo_chart,2026-07-24T19:57:48
2026-07-24,美股,GOOGL,Alphabet Inc.,stock,318.31500244140625,324.18,317.33,319.76,317.69,0.6516,25162446.0,8045943732.96,2026-07-24T19:57:46+00:00,yahoo_chart,2026-07-24T19:57:48
2026-07-24,美股,INTC,Intel Corporation,stock,100.38999938964844,101.74,91.58,92.32,100.23,-7.8918,164859287.0,15219809375.84,2026-07-24T19:57:45+00:00,yahoo_chart,2026-07-24T19:57:48
2026-07-24,美股,KLAC,KLA Corporation,stock,214.86000061035156,219.99,207.44,210.085,218.73,-3.9524,6634639.0,1393838134.32,2026-07-24T19:57:46+00:00,yahoo_chart,2026-07-24T19:57:48
2026-07-24,美股,LRCX,Lam Research Corporation,stock,312.6199951171875,319.7,301.675,304.565,319.78,-4.758,5813549.0,1770603551.18,2026-07-24T19:57:46+00:00,yahoo_chart,2026-07-24T19:57:48
2026-07-24,美股,META,"Meta Platforms, Inc.",stock,605.3400268554688,609.98,594.6,595.29,606.1,-1.7835,8860564.0,5274605143.56,2026-07-24T19:57:46+00:00,yahoo_chart,2026-07-24T19:57:48
2026-07-24,美股,MSFT,Microsoft Corporation,stock,387.04998779296875,389.03,380.65,381.71,381.58,0.0341,20913016.0,7982707337.36,2026-07-24T19:57:46+00:00,yahoo_chart,2026-07-24T19:57:48
2026-07-24,美股,MU,"Micron Technology, Inc.",stock,959.030029296875,967.125,904.0,917.67,990.21,-7.3257,34740804.0,31880593606.68,2026-07-24T19:57:46+00:00,yahoo_chart,2026-07-24T19:57:48
2026-07-24,美股,NVDA,NVIDIA Corporation,stock,207.55999755859375,211.91,204.81,206.8,208.76,-0.9389,94667360.0,19577210048.0,2026-07-24T19:57:45+00:00,yahoo_chart,2026-07-24T19:57:48
2026-07-24,美股,ORCL,Oracle Corporation,stock,122.47000122070312,123.08,114.93,115.045,120.04,-4.1611,40098979.0,4613187039.06,2026-07-24T19:57:47+00:00,yahoo_chart,2026-07-24T19:57:48
2026-07-24,美股,PLTR,Palantir Technologies Inc.,stock,125.30000305175781,125.3,122.02,122.97,123.37,-0.3242,16867548.0,2074202377.56,2026-07-24T19:57:45+00:00,yahoo_chart,2026-07-24T19:57:48
2026-07-24,美股,TSLA,"Tesla, Inc.",stock,320.8800048828125,322.96,306.51,312.3,319.69,-2.3116,57109674.0,17835351190.2,2026-07-24T19:57:47+00:00,yahoo_chart,2026-07-24T19:57:48
2026-07-24,美股,TSM,Taiwan Semiconductor Manufacturing Company Limited,stock,411.3450012207031,412.88,400.8,403.26,415.58,-2.9645,9378786.0,3782089242.36,2026-07-24T19:57:46+00:00,yahoo_chart,2026-07-24T19:57:48
2026-07-27,美股,AAPL,Apple Inc.,stock,334.8999938964844,339.57,334.02,335.79,333.02,0.8318,36796502.0,12355897406.58,2026-07-27T19:47:06+00:00,yahoo_chart,2026-07-27T19:47:08
2026-07-27,美股,AMAT,"Applied Materials, Inc.",stock,539.5399780273438,548.55,493.64,516.32,536.25,-3.7166,5676727.0,2931007684.64,2026-07-27T19:47:06+00:00,yahoo_chart,2026-07-27T19:47:08
2026-07-27,美股,AMD,"Advanced Micro Devices, Inc.",stock,527.5050048828125,528.0,476.93,493.335,521.95,-5.4823,26773240.0,13208176355.4,2026-07-27T19:47:05+00:00,yahoo_chart,2026-07-27T19:47:08
2026-07-27,美股,AMZN,"Amazon.com, Inc.",stock,235.6999969482422,235.89,230.99,231.47,232.11,-0.2757,23458702.0,5429985751.94,2026-07-27T19:47:07+00:00,yahoo_chart,2026-07-27T19:47:08
2026-07-27,美股,ASML,ASML Holding N.V.,stock,1739.1800537109375,1746.7,1613.34,1656.975,1757.09,-5.6978,2866251.0,4749306250.72,2026-07-27T19:47:06+00:00,yahoo_chart,2026-07-27T19:47:08
2026-07-27,美股,AVGO,Broadcom Inc.,stock,387.67999267578125,389.842,373.5,382.95,381.92,0.2697,11047653.0,4230698716.35,2026-07-27T19:47:06+00:00,yahoo_chart,2026-07-27T19:47:08
2026-07-27,美股,CRM,"Salesforce, Inc.",stock,168.0,176.949,167.14,173.98,163.66,6.3058,9703980.0,1688298440.4,2026-07-27T19:47:06+00:00,yahoo_chart,2026-07-27T19:47:08
2026-07-27,美股,GOOGL,Alphabet Inc.,stock,327.0,330.42,324.46,327.39,319.74,2.3926,22058915.0,7221868181.85,2026-07-27T19:47:06+00:00,yahoo_chart,2026-07-27T19:47:08
2026-07-27,美股,INTC,Intel Corporation,stock,92.45999908447266,94.98,86.94,91.42,92.32,-0.9749,113130082.0,10342352096.44,2026-07-27T19:47:05+00:00,yahoo_chart,2026-07-27T19:47:08
2026-07-27,美股,KLAC,KLA Corporation,stock,211.1490020751953,214.01,195.56,203.46,210.52,-3.3536,9243575.0,1880697769.5,2026-07-27T19:47:06+00:00,yahoo_chart,2026-07-27T19:47:08
2026-07-27,美股,LRCX,Lam Research Corporation,stock,306.30499267578125,309.24,278.45,291.795,305.21,-4.3953,10261181.0,2994161309.89,2026-07-27T19:47:05+00:00,yahoo_chart,2026-07-27T19:47:08
2026-07-27,美股,META,"Meta Platforms, Inc.",stock,607.219970703125,611.26,593.18,593.45,595.19,-0.2923,8082588.0,4796611848.6,2026-07-27T19:47:06+00:00,yahoo_chart,2026-07-27T19:47:08
2026-07-27,美股,MSFT,Microsoft Corporation,stock,390.75,394.2,387.99,389.73,381.7,2.1037,21070032.0,8211623571.36,2026-07-27T19:47:06+00:00,yahoo_chart,2026-07-27T19:47:08
2026-07-27,美股,MU,"Micron Technology, Inc.",stock,928.8499145507812,935.0,854.79,887.06,920.95,-3.6799,40275620.0,35726891477.2,2026-07-27T19:47:06+00:00,yahoo_chart,2026-07-27T19:47:08
2026-07-27,美股,NVDA,NVIDIA Corporation,stock,208.11000061035156,208.75,195.44,196.8,206.84,-4.854,120919486.0,23796954844.8,2026-07-27T19:47:04+00:00,yahoo_chart,2026-07-27T19:47:08
2026-07-27,美股,ORCL,Oracle Corporation,stock,118.0,121.99,116.8,119.69,114.99,4.0873,30749444.0,3680400952.36,2026-07-27T19:47:06+00:00,yahoo_chart,2026-07-27T19:47:08
2026-07-27,美股,PLTR,Palantir Technologies Inc.,stock,126.0,132.41,125.32,130.9,122.92,6.492,28758200.0,3764448380.0,2026-07-27T19:47:07+00:00,yahoo_chart,2026-07-27T19:47:08
2026-07-27,美股,TSLA,"Tesla, Inc.",stock,314.5000915527344,317.0,304.28,308.83,313.03,-1.3417,36850317.0,11380483399.11,2026-07-27T19:47:06+00:00,yahoo_chart,2026-07-27T19:47:08
2026-07-27,美股,TSM,Taiwan Semiconductor Manufacturing Company Limited,stock,406.07501220703125,407.43,388.81,398.55,403.41,-1.2047,14431160.0,5751538818.0,2026-07-27T19:47:06+00:00,yahoo_chart,2026-07-27T19:47:08
2026-07-28,美股,AAPL,Apple Inc.,stock,340.0299987792969,342.89,335.6,338.59,336.91,0.4986,30930031.0,10472599196.29,2026-07-28T18:49:31+00:00,yahoo_chart,2026-07-28T18:49:34
2026-07-28,美股,AMAT,"Applied Materials, Inc.",stock,490.3999938964844,495.0,467.22,475.13,516.89,-8.0791,6184536.0,2938458589.68,2026-07-28T18:49:28+00:00,yahoo_chart,2026-07-28T18:49:34
2026-07-28,美股,AMD,"Advanced Micro Devices, Inc.",stock,466.00201416015625,472.75,442.27,456.007,494.95,-7.8681,26469784.0,12070406792.49,2026-07-28T18:49:30+00:00,yahoo_chart,2026-07-28T18:49:34
2026-07-28,美股,AMZN,"Amazon.com, Inc.",stock,232.85000610351562,233.11,228.1,231.48,231.39,0.0389,23180341.0,5365785334.68,2026-07-28T18:49:33+00:00,yahoo_chart,2026-07-28T18:49:34
2026-07-28,美股,ASML,ASML Holding N.V.,stock,1579.39404296875,1596.18,1553.58,1582.17,1655.26,-4.4156,2265531.0,3584455182.27,2026-07-28T18:49:26+00:00,yahoo_chart,2026-07-28T18:49:34
2026-07-28,美股,AVGO,Broadcom Inc.,stock,374.2349853515625,385.63,371.52,380.9,383.22,-0.6054,11547603.0,4398481982.7,2026-07-28T18:49:30+00:00,yahoo_chart,2026-07-28T18:49:34
2026-07-28,美股,CRM,"Salesforce, Inc.",stock,176.90499877929688,184.52,176.995,182.58,173.6,5.1728,10855124.0,1981928539.92,2026-07-28T18:49:32+00:00,yahoo_chart,2026-07-28T18:49:34
2026-07-28,美股,GOOGL,Alphabet Inc.,stock,327.8999938964844,335.88,324.44,335.67,326.56,2.7897,18116296.0,6081097078.32,2026-07-28T18:49:32+00:00,yahoo_chart,2026-07-28T18:49:34
2026-07-28,美股,INTC,Intel Corporation,stock,86.625,88.28,83.1,86.475,91.67,-5.6671,112225125.0,9704667684.38,2026-07-28T18:49:32+00:00,yahoo_chart,2026-07-28T18:49:34
2026-07-28,美股,KLAC,KLA Corporation,stock,193.26499938964844,195.13,186.75,191.26,203.36,-5.95,9569127.0,1830191230.02,2026-07-28T18:49:32+00:00,yahoo_chart,2026-07-28T18:49:34
2026-07-28,美股,LRCX,Lam Research Corporation,stock,273.3399963378906,277.3,258.55,270.435,291.61,-7.2614,10423532.0,2818887876.42,2026-07-28T18:49:31+00:00,yahoo_chart,2026-07-28T18:49:34
2026-07-28,美股,META,"Meta Platforms, Inc.",stock,595.9000244140625,601.0,587.0,594.0,593.87,0.0219,6773058.0,4023196452.0,2026-07-28T18:49:28+00:00,yahoo_chart,2026-07-28T18:49:34
2026-07-28,美股,MSFT,Microsoft Corporation,stock,393.1600036621094,400.32,391.3,397.555,389.1,2.173,21488286.0,8542775540.73,2026-07-28T18:49:32+00:00,yahoo_chart,2026-07-28T18:49:34
2026-07-28,美股,MU,"Micron Technology, Inc.",stock,840.469970703125,848.36,789.09,819.41,900.2,-8.9747,43803955.0,35893398766.55,2026-07-28T18:49:31+00:00,yahoo_chart,2026-07-28T18:49:34
2026-07-28,美股,NVDA,NVIDIA Corporation,stock,194.9499969482422,198.7,192.74,197.075,196.51,0.2875,91188609.0,17970995118.67,2026-07-28T18:49:31+00:00,yahoo_chart,2026-07-28T18:49:34
2026-07-28,美股,ORCL,Oracle Corporation,stock,118.18000030517578,121.56,114.5,121.19,119.9,1.0759,18982852.0,2300531833.88,2026-07-28T18:49:32+00:00,yahoo_chart,2026-07-28T18:49:34
2026-07-28,美股,PLTR,Palantir Technologies Inc.,stock,125.82499694824219,127.18,117.89,123.09,131.53,-6.4168,33239958.0,4091506430.22,2026-07-28T18:49:33+00:00,yahoo_chart,2026-07-28T18:49:34
2026-07-28,美股,TSLA,"Tesla, Inc.",stock,305.92498779296875,311.15,300.69,306.725,309.22,-0.8069,30142949.0,9245596032.03,2026-07-28T18:49:31+00:00,yahoo_chart,2026-07-28T18:49:34
2026-07-28,美股,TSM,Taiwan Semiconductor Manufacturing Company Limited,stock,385.0,394.065,381.3,391.59,399.09,-1.8793,12920864.0,5059681133.76,2026-07-28T18:49:29+00:00,yahoo_chart,2026-07-28T18:49:34
2026-07-29,美股,AAPL,Apple Inc.,stock,339.69000244140625,344.57,339.52,340.66,340.08,0.1705,33856015.0,11533390069.9,2026-07-29T19:37:41+00:00,yahoo_chart,2026-07-29T19:37:43
2026-07-29,美股,AMAT,"Applied Materials, Inc.",stock,463.4200134277344,474.99,441.44,449.1,476.46,-5.7423,6450343.0,2896849041.3,2026-07-29T19:37:39+00:00,yahoo_chart,2026-07-29T19:37:43
2026-07-29,美股,AMD,"Advanced Micro Devices, Inc.",stock,452.0,457.22,424.032,436.44,454.62,-3.9989,25383975.0,11078582049.0,2026-07-29T19:37:38+00:00,yahoo_chart,2026-07-29T19:37:43
2026-07-29,美股,AMZN,"Amazon.com, Inc.",stock,229.31500244140625,232.82,227.195,228.79,230.86,-0.8966,26224012.0,5999791705.48,2026-07-29T19:37:39+00:00,yahoo_chart,2026-07-29T19:37:43
2026-07-29,美股,ASML,ASML Holding N.V.,stock,1567.8900146484375,1621.45,1530.69,1579.8,1582.95,-0.199,2007750.0,3171843450.0,2026-07-29T19:37:38+00:00,yahoo_chart,2026-07-29T19:37:43
2026-07-29,美股,AVGO,Broadcom Inc.,stock,379.2019958496094,386.12,369.51,377.51,380.91,-0.8926,12034622.0,4543190151.22,2026-07-29T19:37:39+00:00,yahoo_chart,2026-07-29T19:37:43
2026-07-29,美股,CRM,"Salesforce, Inc.",stock,182.00999450683594,190.18,182.01,189.81,181.5,4.5785,12511026.0,2374717845.06,2026-07-29T19:37:37+00:00,yahoo_chart,2026-07-29T19:37:43
2026-07-29,美股,GOOGL,Alphabet Inc.,stock,334.5199890136719,342.5,331.62,336.21,333.71,0.7492,19008087.0,6390708930.27,2026-07-29T19:37:41+00:00,yahoo_chart,2026-07-29T19:37:43
2026-07-29,美股,INTC,Intel Corporation,stock,86.70999908447266,88.47,81.82,84.19,86.3,-2.445,101426970.0,8539136604.3,2026-07-29T19:37:39+00:00,yahoo_chart,2026-07-29T19:37:43
2026-07-29,美股,KLAC,KLA Corporation,stock,177.625,191.37,171.44,174.69,190.8,-8.4434,14631340.0,2555948784.6,2026-07-29T19:37:40+00:00,yahoo_chart,2026-07-29T19:37:43
2026-07-29,美股,LRCX,Lam Research Corporation,stock,264.510009765625,273.46,251.78,258.642,269.61,-4.0681,10310050.0,2666611952.1,2026-07-29T19:37:39+00:00,yahoo_chart,2026-07-29T19:37:43
2026-07-29,美股,META,"Meta Platforms, Inc.",stock,593.4199829101562,599.97,585.25,588.09,593.41,-0.8965,10791219.0,6346207981.71,2026-07-29T19:37:39+00:00,yahoo_chart,2026-07-29T19:37:43
2026-07-29,美股,MSFT,Microsoft Corporation,stock,393.3999938964844,401.25,388.743,395.28,393.35,0.4907,28233870.0,11160284133.6,2026-07-29T19:37:39+00:00,yahoo_chart,2026-07-29T19:37:43
2026-07-29,美股,MU,"Micron Technology, Inc.",stock,832.9199829101562,841.8,754.33,755.675,820.53,-7.904,53371728.0,40331680556.4,2026-07-29T19:37:39+00:00,yahoo_chart,2026-07-29T19:37:43
2026-07-29,美股,NVDA,NVIDIA Corporation,stock,195.84500122070312,197.074,190.682,192.03,197.01,-2.5278,99548735.0,19116343582.05,2026-07-29T19:37:39+00:00,yahoo_chart,2026-07-29T19:37:43
2026-07-29,美股,ORCL,Oracle Corporation,stock,119.41999816894531,121.92,116.2,119.348,119.96,-0.5102,18487266.0,2206418222.57,2026-07-29T19:37:38+00:00,yahoo_chart,2026-07-29T19:37:43
2026-07-29,美股,PLTR,Palantir Technologies Inc.,stock,123.95800018310547,127.28,122.7,123.815,123.53,0.2307,19419020.0,2404365961.3,2026-07-29T19:37:40+00:00,yahoo_chart,2026-07-29T19:37:43
2026-07-29,美股,TSLA,"Tesla, Inc.",stock,307.32000732421875,309.045,299.7,300.965,307.44,-2.1061,29244371.0,8801532118.01,2026-07-29T19:37:40+00:00,yahoo_chart,2026-07-29T19:37:43
2026-07-29,美股,TSM,Taiwan Semiconductor Manufacturing Company Limited,stock,388.0799865722656,391.25,373.95,380.46,392.31,-3.0206,16724402.0,6362965984.92,2026-07-29T19:37:39+00:00,yahoo_chart,2026-07-29T19:37:43
2026-07-30,美股,AAPL,Apple Inc.,stock,333.1300048828125,334.48,329.59,333.92,338.19,-1.2626,35227639.0,11763213214.88,2026-07-30T18:49:46+00:00,yahoo_chart,2026-07-30T18:49:48
2026-07-30,美股,AMAT,"Applied Materials, Inc.",stock,482.9049987792969,508.47,476.12,497.15,436.45,13.9077,7236442.0,3597597140.3,2026-07-30T18:49:39+00:00,yahoo_chart,2026-07-30T18:49:48
2026-07-30,美股,AMD,"Advanced Micro Devices, Inc.",stock,459.1600036621094,498.2,457.68,487.5,429.56,13.4882,25503338.0,12432877275.0,2026-07-30T18:49:45+00:00,yahoo_chart,2026-07-30T18:49:48
2026-07-30,美股,AMZN,"Amazon.com, Inc.",stock,233.25,239.49,231.06,237.389,226.65,4.7381,48012545.0,11397650045.01,2026-07-30T18:49:46+00:00,yahoo_chart,2026-07-30T18:49:48
2026-07-30,美股,ASML,ASML Holding N.V.,stock,1645.6400146484375,1676.69,1626.44,1644.655,1550.69,6.0596,1530389.0,2516961920.8,2026-07-30T18:49:43+00:00,yahoo_chart,2026-07-30T18:49:48
2026-07-30,美股,AVGO,Broadcom Inc.,stock,380.6700134277344,388.29,377.54,386.11,370.32,4.2639,12822873.0,4951039494.03,2026-07-30T18:49:44+00:00,yahoo_chart,2026-07-30T18:49:48
2026-07-30,美股,CRM,"Salesforce, Inc.",stock,180.99000549316406,182.508,175.9,180.08,188.38,-4.406,7571186.0,1363419174.88,2026-07-30T18:49:27+00:00,yahoo_chart,2026-07-30T18:49:48
2026-07-30,美股,GOOGL,Alphabet Inc.,stock,334.19500732421875,336.51,330.34,334.59,336.71,-0.6296,19709180.0,6594494536.2,2026-07-30T18:49:45+00:00,yahoo_chart,2026-07-30T18:49:48
2026-07-30,美股,INTC,Intel Corporation,stock,86.41000366210938,94.1,85.995,91.53,81.88,11.7855,101217256.0,9264415441.68,2026-07-30T18:49:45+00:00,yahoo_chart,2026-07-30T18:49:48
2026-07-30,美股,KLAC,KLA Corporation,stock,186.86000061035156,186.86,179.05,180.26,170.19,5.9169,8566353.0,1544170791.78,2026-07-30T18:49:44+00:00,yahoo_chart,2026-07-30T18:49:48
2026-07-30,美股,LRCX,Lam Research Corporation,stock,318.2900085449219,319.5,294.26,296.46,252.35,17.4797,13642952.0,4044589549.92,2026-07-30T18:49:43+00:00,yahoo_chart,2026-07-30T18:49:48
2026-07-30,美股,META,"Meta Platforms, Inc.",stock,525.739990234375,538.94,524.519,532.47,585.61,-9.0743,31546260.0,16797437062.2,2026-07-30T18:49:46+00:00,yahoo_chart,2026-07-30T18:49:48
2026-07-30,美股,MSFT,Microsoft Corporation,stock,438.5,458.69,432.44,456.125,390.54,16.7934,86884151.0,39630033374.88,2026-07-30T18:49:46+00:00,yahoo_chart,2026-07-30T18:49:48
2026-07-30,美股,MU,"Micron Technology, Inc.",stock,793.135009765625,876.6,789.01,866.07,739.0,17.1949,47885598.0,41472279859.86,2026-07-30T18:49:45+00:00,yahoo_chart,2026-07-30T18:49:48
2026-07-30,美股,NVDA,NVIDIA Corporation,stock,193.4499969482422,197.25,191.52,193.69,190.01,1.9367,84808728.0,16426602526.32,2026-07-30T18:49:44+00:00,yahoo_chart,2026-07-30T18:49:48
2026-07-30,美股,ORCL,Oracle Corporation,stock,122.87000274658203,128.34,121.59,126.34,117.74,7.3042,27621791.0,3489737074.94,2026-07-30T18:49:46+00:00,yahoo_chart,2026-07-30T18:49:48
2026-07-30,美股,PLTR,Palantir Technologies Inc.,stock,121.13999938964844,123.67,120.27,121.825,123.0,-0.9553,16547999.0,2015959978.17,2026-07-30T18:49:46+00:00,yahoo_chart,2026-07-30T18:49:48
2026-07-30,美股,TSLA,"Tesla, Inc.",stock,302.885009765625,309.12,301.35,307.64,298.32,3.1242,26695783.0,8212690682.12,2026-07-30T18:49:44+00:00,yahoo_chart,2026-07-30T18:49:48
2026-07-30,美股,TSM,Taiwan Semiconductor Manufacturing Company Limited,stock,392.489990234375,406.77,387.6,402.985,374.67,7.5573,11788240.0,4750483896.4,2026-07-30T18:49:44+00:00,yahoo_chart,2026-07-30T18:49:48
2026-07-31,美股,AAPL,Apple Inc.,stock,304.80999755859375,306.9,300.0,302.3,333.43,-9.3363,82456965.0,24926740519.5,2026-07-31T18:47:15+00:00,yahoo_chart,2026-07-31T18:47:17
2026-07-31,美股,AMAT,"Applied Materials, Inc.",stock,532.8800048828125,536.54,503.0,516.31,501.77,2.8977,4576767.0,2363030569.77,2026-07-31T18:47:11+00:00,yahoo_chart,2026-07-31T18:47:17
2026-07-31,美股,AMD,"Advanced Micro Devices, Inc.",stock,510.2749938964844,515.62,483.23,487.76,485.39,0.4883,18642096.0,9092868744.96,2026-07-31T18:47:15+00:00,yahoo_chart,2026-07-31T18:47:17
2026-07-31,美股,AMZN,"Amazon.com, Inc.",stock,264.9849853515625,272.04,262.055,270.86,235.5,15.0149,95025522.0,25738612888.92,2026-07-31T18:47:13+00:00,yahoo_chart,2026-07-31T18:47:17
2026-07-31,美股,ASML,ASML Holding N.V.,stock,1683.3800048828125,1692.15,1624.71,1652.435,1651.44,0.0603,1145309.0,1892548677.41,2026-07-31T18:47:15+00:00,yahoo_chart,2026-07-31T18:47:17
2026-07-31,美股,AVGO,Broadcom Inc.,stock,394.3900146484375,399.92,379.71,388.645,387.84,0.2076,10691664.0,4155261755.28,2026-07-31T18:47:13+00:00,yahoo_chart,2026-07-31T18:47:17
2026-07-31,美股,CRM,"Salesforce, Inc.",stock,177.69500732421875,183.89,177.025,183.338,180.71,1.4543,4318528.0,791750286.46,2026-07-31T18:47:13+00:00,yahoo_chart,2026-07-31T18:47:17
2026-07-31,美股,GOOGL,Alphabet Inc.,stock,341.5,356.37,340.0,355.36,333.66,6.5036,28550782.0,10145805891.52,2026-07-31T18:47:15+00:00,yahoo_chart,2026-07-31T18:47:17
2026-07-31,美股,INTC,Intel Corporation,stock,96.72000122070312,97.9,91.335,92.575,91.13,1.5856,76206121.0,7054781651.57,2026-07-31T18:47:15+00:00,yahoo_chart,2026-07-31T18:47:17
2026-07-31,美股,KLAC,KLA Corporation,stock,188.34500122070312,190.0,179.65,186.67,180.33,3.5158,7901855.0,1475039272.85,2026-07-31T18:47:15+00:00,yahoo_chart,2026-07-31T18:47:17
2026-07-31,美股,LRCX,Lam Research Corporation,stock,315.0,318.4,294.33,301.55,297.72,1.2864,7911640.0,2385755042.0,2026-07-31T18:47:14+00:00,yahoo_chart,2026-07-31T18:47:17
2026-07-31,美股,META,"Meta Platforms, Inc.",stock,543.5599975585938,557.96,540.24,550.785,539.03,2.1808,16606907.0,9146835271.99,2026-07-31T18:47:15+00:00,yahoo_chart,2026-07-31T18:47:17
2026-07-31,美股,MSFT,Microsoft Corporation,stock,449.5849914550781,464.8,449.552,461.605,451.1,2.3288,36982426.0,17071272753.73,2026-07-31T18:47:14+00:00,yahoo_chart,2026-07-31T18:47:17
2026-07-31,美股,MU,"Micron Technology, Inc.",stock,919.6500244140625,930.88,818.0,835.132,874.66,-4.5192,44095291.0,36825388563.41,2026-07-31T18:47:15+00:00,yahoo_chart,2026-07-31T18:47:17
2026-07-31,美股,NVDA,NVIDIA Corporation,stock,198.4405059814453,200.09,194.95,198.81,195.04,1.9329,76564103.0,15221709317.43,2026-07-31T18:47:15+00:00,yahoo_chart,2026-07-31T18:47:17
2026-07-31,美股,ORCL,Oracle Corporation,stock,130.07000732421875,132.4,125.7,128.735,127.56,0.9211,22077418.0,2842136406.23,2026-07-31T18:47:15+00:00,yahoo_chart,2026-07-31T18:47:17
2026-07-31,美股,PLTR,Palantir Technologies Inc.,stock,122.33899688720703,123.32,119.63,122.47,122.26,0.1718,18529048.0,2269252508.56,2026-07-31T18:47:10+00:00,yahoo_chart,2026-07-31T18:47:17
2026-07-31,美股,TSLA,"Tesla, Inc.",stock,309.6000061035156,315.5,301.97,310.84,308.85,0.6443,27984818.0,8698800827.12,2026-07-31T18:47:14+00:00,yahoo_chart,2026-07-31T18:47:17
2026-07-31,美股,TSM,Taiwan Semiconductor Manufacturing Company Limited,stock,419.5,420.35,398.8,405.63,403.31,0.5752,9247301.0,3750982704.63,2026-07-31T18:47:11+00:00,yahoo_chart,2026-07-31T18:47:17
2026-08-03,美股,AAPL,Apple Inc.,stock,309.79998779296875,311.8,302.56,303.805,308.91,-1.6526,53737674.0,16325774049.57,2026-08-03T19:50:52+00:00,yahoo_chart,2026-08-03T19:50:56
2026-08-03,美股,AMAT,"Applied Materials, Inc.",stock,498.8599853515625,519.5,491.68,516.44,507.67,1.7275,4419539.0,2282426721.16,2026-08-03T19:50:50+00:00,yahoo_chart,2026-08-03T19:50:56
2026-08-03,美股,AMD,"Advanced Micro Devices, Inc.",stock,461.7900085449219,490.946,455.3,486.295,476.15,2.1306,19068707.0,9273016870.57,2026-08-03T19:50:49+00:00,yahoo_chart,2026-08-03T19:50:56
2026-08-03,美股,AMZN,"Amazon.com, Inc.",stock,279.125,287.16,278.0,285.25,271.58,5.0335,74521219.0,21257177719.75,2026-08-03T19:50:52+00:00,yahoo_chart,2026-08-03T19:50:56
2026-08-03,美股,ASML,ASML Holding N.V.,stock,1592.25,1655.19,1582.0,1644.22,1629.0,0.9343,1236781.0,2033540055.82,2026-08-03T19:50:50+00:00,yahoo_chart,2026-08-03T19:50:56
2026-08-03,美股,AVGO,Broadcom Inc.,stock,381.010009765625,392.605,374.61,391.28,389.28,0.5138,12608578.0,4933484399.84,2026-08-03T19:50:49+00:00,yahoo_chart,2026-08-03T19:50:56
2026-08-03,美股,CRM,"Salesforce, Inc.",stock,188.99000549316406,193.7,186.595,186.595,184.02,1.3993,9212130.0,1718937397.35,2026-08-03T19:50:50+00:00,yahoo_chart,2026-08-03T19:50:56
2026-08-03,美股,GOOGL,Alphabet Inc.,stock,365.0,376.693,363.35,373.76,356.13,4.9504,30314678.0,11330414049.28,2026-08-03T19:50:52+00:00,yahoo_chart,2026-08-03T19:50:56
2026-08-03,美股,INTC,Intel Corporation,stock,86.69000244140625,91.675,85.62,90.95,90.2,0.8315,74901902.0,6812327986.9,2026-08-03T19:50:49+00:00,yahoo_chart,2026-08-03T19:50:56
2026-08-03,美股,KLAC,KLA Corporation,stock,177.97000122070312,182.51,174.6,182.175,182.82,-0.3528,7020129.0,1278892000.58,2026-08-03T19:50:51+00:00,yahoo_chart,2026-08-03T19:50:56
2026-08-03,美股,LRCX,Lam Research Corporation,stock,283.9200134277344,295.427,276.845,294.855,293.02,0.6262,7352731.0,2167989499.01,2026-08-03T19:50:50+00:00,yahoo_chart,2026-08-03T19:50:56
2026-08-03,美股,META,"Meta Platforms, Inc.",stock,564.0499877929688,597.52,559.36,592.12,556.71,6.3606,19905062.0,11786185311.44,2026-08-03T19:50:51+00:00,yahoo_chart,2026-08-03T19:50:56
2026-08-03,美股,MSFT,Microsoft Corporation,stock,478.3699951171875,491.64,475.0,488.04,464.72,5.0181,51647328.0,25205961957.12,2026-08-03T19:50:51+00:00,yahoo_chart,2026-08-03T19:50:56
2026-08-03,美股,MU,"Micron Technology, Inc.",stock,775.0001220703125,836.58,770.15,833.84,823.03,1.3134,37499784.0,31268819890.56,2026-08-03T19:50:49+00:00,yahoo_chart,2026-08-03T19:50:56
2026-08-03,美股,NVDA,NVIDIA Corporation,stock,198.5,208.74,196.85,207.08,200.75,3.1532,98750325.0,20449217301.0,2026-08-03T19:50:48+00:00,yahoo_chart,2026-08-03T19:50:56
2026-08-03,美股,ORCL,Oracle Corporation,stock,131.9199981689453,142.51,130.21,141.48,129.87,8.9397,40946502.0,5793111102.96,2026-08-03T19:50:51+00:00,yahoo_chart,2026-08-03T19:50:56
2026-08-03,美股,PLTR,Palantir Technologies Inc.,stock,126.51000213623047,126.965,123.657,125.83,123.06,2.2509,41189811.0,5182913918.13,2026-08-03T19:50:53+00:00,yahoo_chart,2026-08-03T19:50:56
2026-08-03,美股,TSLA,"Tesla, Inc.",stock,311.010009765625,324.65,310.425,321.75,311.21,3.3868,32308933.0,10395399192.75,2026-08-03T19:50:53+00:00,yahoo_chart,2026-08-03T19:50:56
2026-08-03,美股,TSM,Taiwan Semiconductor Manufacturing Company Limited,stock,400.5849914550781,407.44,398.2,406.22,404.25,0.4873,10718416.0,4354034947.52,2026-08-03T19:50:49+00:00,yahoo_chart,2026-08-03T19:50:56
2026-08-04,美股,AAPL,Apple Inc.,stock,303.7900085449219,310.42,301.32,308.685,303.42,1.7352,38258417.0,11809799451.65,2026-08-04T18:58:31+00:00,yahoo_chart,2026-08-04T18:58:32
2026-08-04,美股,AMAT,"Applied Materials, Inc.",stock,545.0250244140625,549.49,535.555,547.835,518.21,5.7168,3834365.0,2100599349.78,2026-08-04T18:58:30+00:00,yahoo_chart,2026-08-04T18:58:32
2026-08-04,美股,AMD,"Advanced Micro Devices, Inc.",stock,508.12200927734375,530.13,502.2,528.21,484.64,8.9902,25649416.0,13548278025.36,2026-08-04T18:58:20+00:00,yahoo_chart,2026-08-04T18:58:32
2026-08-04,美股,AMZN,"Amazon.com, Inc.",stock,276.05999755859375,281.07,275.82,277.12,284.02,-2.4294,48580963.0,13462756466.56,2026-08-04T18:58:20+00:00,yahoo_chart,2026-08-04T18:58:32
2026-08-04,美股,ASML,ASML Holding N.V.,stock,1697.030029296875,1712.27,1686.01,1711.2,1642.52,4.1814,869365.0,1487657388.0,2026-08-04T18:58:30+00:00,yahoo_chart,2026-08-04T18:58:32
2026-08-04,美股,AVGO,Broadcom Inc.,stock,404.0950012207031,422.065,400.68,420.05,392.23,7.0928,16767721.0,7043281206.05,2026-08-04T18:58:29+00:00,yahoo_chart,2026-08-04T18:58:32
2026-08-04,美股,CRM,"Salesforce, Inc.",stock,183.08999633789062,190.51,183.0,190.07,185.95,2.2156,4884423.0,928382279.61,2026-08-04T18:58:26+00:00,yahoo_chart,2026-08-04T18:58:32
2026-08-04,美股,GOOGL,Alphabet Inc.,stock,367.6488037109375,380.52,367.54,379.49,373.51,1.601,22767728.0,8640125098.72,2026-08-04T18:58:31+00:00,yahoo_chart,2026-08-04T18:58:32
2026-08-04,美股,INTC,Intel Corporation,stock,95.58999633789062,100.99,94.32,100.79,91.0,10.7582,79165063.0,7979046699.77,2026-08-04T18:58:30+00:00,yahoo_chart,2026-08-04T18:58:32
2026-08-04,美股,KLAC,KLA Corporation,stock,191.97999572753906,195.83,188.13,195.8,182.75,7.1409,5992423.0,1173316423.4,2026-08-04T18:58:31+00:00,yahoo_chart,2026-08-04T18:58:32
2026-08-04,美股,LRCX,Lam Research Corporation,stock,308.8299865722656,316.94,306.48,316.23,294.61,7.3385,6991801.0,2211017230.23,2026-08-04T18:58:29+00:00,yahoo_chart,2026-08-04T18:58:32
2026-08-04,美股,META,"Meta Platforms, Inc.",stock,581.1649780273438,589.8,578.25,588.6,590.24,-0.2779,11675775.0,6872361165.0,2026-08-04T18:58:26+00:00,yahoo_chart,2026-08-04T18:58:32
2026-08-04,美股,MSFT,Microsoft Corporation,stock,484.2200012207031,499.44,479.17,496.36,487.65,1.7861,32419838.0,16091910789.68,2026-08-04T18:58:29+00:00,yahoo_chart,2026-08-04T18:58:32
2026-08-04,美股,MU,"Micron Technology, Inc.",stock,869.7100219726562,902.43,858.5,894.815,829.5,7.874,27442741.0,24556176287.92,2026-08-04T18:58:30+00:00,yahoo_chart,2026-08-04T18:58:32
2026-08-04,美股,NVDA,NVIDIA Corporation,stock,210.67999267578125,213.0,209.05,212.93,206.64,3.0439,82134434.0,17488885031.62,2026-08-04T18:58:30+00:00,yahoo_chart,2026-08-04T18:58:32
2026-08-04,美股,ORCL,Oracle Corporation,stock,141.00999450683594,148.7,141.03,146.91,141.85,3.5671,30464090.0,4475479461.9,2026-08-04T18:58:31+00:00,yahoo_chart,2026-08-04T18:58:32
2026-08-04,美股,PLTR,Palantir Technologies Inc.,stock,145.14500427246094,164.51,143.28,163.2,125.65,29.8846,140447771.0,22921076227.2,2026-08-04T18:58:31+00:00,yahoo_chart,2026-08-04T18:58:32
2026-08-04,美股,TSLA,"Tesla, Inc.",stock,325.3450012207031,328.8,320.79,328.36,322.08,1.9498,23194496.0,7616144706.56,2026-08-04T18:58:31+00:00,yahoo_chart,2026-08-04T18:58:32
2026-08-04,美股,TSM,Taiwan Semiconductor Manufacturing Company Limited,stock,418.0,420.25,412.11,418.98,406.11,3.1691,9995784.0,4188033580.32,2026-08-04T18:58:30+00:00,yahoo_chart,2026-08-04T18:58:32
2026-08-05,美股,AAPL,Apple Inc.,stock,309.3599853515625,311.708,305.67,309.01,309.38,-0.1196,29043257.0,8974656845.57,2026-08-05T18:56:00+00:00,yahoo_chart,2026-08-05T18:56:03
2026-08-05,美股,AMAT,"Applied Materials, Inc.",stock,544.5050048828125,553.86,530.57,539.965,546.62,-1.2175,2837731.0,1532275419.42,2026-08-05T18:55:52+00:00,yahoo_chart,2026-08-05T18:56:03
2026-08-05,美股,AMD,"Advanced Micro Devices, Inc.",stock,484.4949951171875,502.0,478.2,487.49,518.58,-5.9952,37952457.0,18501443262.93,2026-08-05T18:55:57+00:00,yahoo_chart,2026-08-05T18:56:03
2026-08-05,美股,AMZN,"Amazon.com, Inc.",stock,281.5899963378906,282.79,270.74,271.29,277.42,-2.2096,29685737.0,8053443590.73,2026-08-05T18:55:59+00:00,yahoo_chart,2026-08-05T18:56:03
2026-08-05,美股,ASML,ASML Holding N.V.,stock,1700.425048828125,1729.06,1679.23,1693.93,1711.89,-1.0491,710822.0,1204082710.46,2026-08-05T18:55:55+00:00,yahoo_chart,2026-08-05T18:56:03
2026-08-05,美股,AVGO,Broadcom Inc.,stock,422.3399963378906,427.0,418.0,421.125,418.16,0.7091,9265538.0,3901949690.25,2026-08-05T18:55:56+00:00,yahoo_chart,2026-08-05T18:56:03
2026-08-05,美股,CRM,"Salesforce, Inc.",stock,193.27999877929688,194.92,190.425,192.45,190.99,0.7644,5369085.0,1033280408.25,2026-08-05T18:56:00+00:00,yahoo_chart,2026-08-05T18:56:03
2026-08-05,美股,GOOGL,Alphabet Inc.,stock,382.94000244140625,384.47,356.82,361.787,377.65,-4.2005,35839935.0,12966422563.84,2026-08-05T18:55:58+00:00,yahoo_chart,2026-08-05T18:56:03
2026-08-05,美股,INTC,Intel Corporation,stock,99.57499694824219,102.58,97.9,102.035,100.86,1.165,62745038.0,6402189952.33,2026-08-05T18:55:57+00:00,yahoo_chart,2026-08-05T18:56:03
2026-08-05,美股,KLAC,KLA Corporation,stock,195.46499633789062,201.16,191.77,193.22,195.45,-1.141,4598599.0,888541298.78,2026-08-05T18:55:56+00:00,yahoo_chart,2026-08-05T18:56:03
2026-08-05,美股,LRCX,Lam Research Corporation,stock,317.19000244140625,323.57,305.36,311.88,317.74,-1.8443,4594653.0,1432980377.64,2026-08-05T18:55:45+00:00,yahoo_chart,2026-08-05T18:56:03
2026-08-05,美股,META,"Meta Platforms, Inc.",stock,600.5250244140625,601.0,580.12,583.14,587.94,-0.8164,9143036.0,5331670013.04,2026-08-05T18:55:56+00:00,yahoo_chart,2026-08-05T18:56:03
2026-08-05,美股,MSFT,Microsoft Corporation,stock,496.3550109863281,498.21,485.68,490.16,492.81,-0.5377,21483440.0,10530322950.4,2026-08-05T18:55:58+00:00,yahoo_chart,2026-08-05T18:56:03
2026-08-05,美股,MU,"Micron Technology, Inc.",stock,885.2999877929688,928.95,881.93,916.5,892.67,2.6695,25219950.0,23114084175.0,2026-08-05T18:55:56+00:00,yahoo_chart,2026-08-05T18:56:03
2026-08-05,美股,NVDA,NVIDIA Corporation,stock,216.86000061035156,222.22,216.4,221.4,211.94,4.4635,112598466.0,24929300372.4,2026-08-05T18:55:56+00:00,yahoo_chart,2026-08-05T18:56:03
2026-08-05,美股,ORCL,Oracle Corporation,stock,145.0,146.39,142.5,144.09,145.74,-1.1322,15135474.0,2180870448.66,2026-08-05T18:56:00+00:00,yahoo_chart,2026-08-05T18:56:03
2026-08-05,美股,PLTR,Palantir Technologies Inc.,stock,162.0500030517578,166.06,158.53,159.29,162.66,-2.0718,46018474.0,7330282723.46,2026-08-05T18:56:00+00:00,yahoo_chart,2026-08-05T18:56:03
2026-08-05,美股,TSLA,"Tesla, Inc.",stock,323.6499938964844,327.14,320.28,320.47,327.35,-2.1017,19519558.0,6255432752.26,2026-08-05T18:56:00+00:00,yahoo_chart,2026-08-05T18:56:03
2026-08-05,美股,TSM,Taiwan Semiconductor Manufacturing Company Limited,stock,419.32000732421875,426.22,413.07,416.165,417.17,-0.2409,9944398.0,4138510393.67,2026-08-05T18:55:56+00:00,yahoo_chart,2026-08-05T18:56:03
2026-08-06,美股,AAPL,Apple Inc.,stock,314.3399963378906,316.289,309.66,310.105,311.0,-0.2878,15715727.0,4873525521.34,2026-08-06T15:25:01+00:00,yahoo_chart,2026-08-06T15:25:03
2026-08-06,美股,AMAT,"Applied Materials, Inc.",stock,526.375,539.5,511.05,535.42,534.24,0.2209,1427427.0,764272964.34,2026-08-06T15:24:53+00:00,yahoo_chart,2026-08-06T15:25:03
2026-08-06,美股,AMD,"Advanced Micro Devices, Inc.",stock,471.1449890136719,495.36,469.5,491.03,482.05,1.8629,11583669.0,5687928989.07,2026-08-06T15:25:01+00:00,yahoo_chart,2026-08-06T15:25:03
2026-08-06,美股,AMZN,"Amazon.com, Inc.",stock,272.7650146484375,275.48,272.26,274.1,272.65,0.5318,10087246.0,2764914128.6,2026-08-06T15:24:58+00:00,yahoo_chart,2026-08-06T15:25:03
2026-08-06,美股,ASML,ASML Holding N.V.,stock,1695.5849609375,1734.06,1672.11,1725.0,1678.22,2.7875,552815.0,953605875.0,2026-08-06T15:25:01+00:00,yahoo_chart,2026-08-06T15:25:03
2026-08-06,美股,AVGO,Broadcom Inc.,stock,420.5450134277344,427.58,410.76,423.28,418.28,1.1954,4601308.0,1947641650.24,2026-08-06T15:24:59+00:00,yahoo_chart,2026-08-06T15:25:03
2026-08-06,美股,CRM,"Salesforce, Inc.",stock,183.44000244140625,186.46,183.0,185.35,192.98,-3.9538,4218510.0,781900828.5,2026-08-06T15:25:01+00:00,yahoo_chart,2026-08-06T15:25:03
2026-08-06,美股,GOOGL,Alphabet Inc.,stock,360.7699890136719,364.126,358.68,359.43,362.43,-0.8277,8919381.0,3205893112.83,2026-08-06T15:25:01+00:00,yahoo_chart,2026-08-06T15:25:03
2026-08-06,美股,INTC,Intel Corporation,stock,98.22200012207031,103.38,95.6,101.44,101.06,0.376,40591272.0,4117578631.68,2026-08-06T15:25:01+00:00,yahoo_chart,2026-08-06T15:25:03
2026-08-06,美股,KLAC,KLA Corporation,stock,189.5850067138672,198.32,185.77,196.77,192.8,2.0591,2874673.0,565649406.21,2026-08-06T15:25:02+00:00,yahoo_chart,2026-08-06T15:25:03
2026-08-06,美股,LRCX,Lam Research Corporation,stock,300.1549987792969,314.16,293.65,312.09,307.42,1.5191,2520923.0,786754859.07,2026-08-06T15:24:58+00:00,yahoo_chart,2026-08-06T15:25:03
2026-08-06,美股,META,"Meta Platforms, Inc.",stock,586.3350219726562,595.31,585.995,589.2,588.77,0.073,4775464.0,2813703388.8,2026-08-06T15:25:00+00:00,yahoo_chart,2026-08-06T15:25:03
2026-08-06,美股,MSFT,Microsoft Corporation,stock,488.8900146484375,498.97,488.525,495.84,487.46,1.7191,11776252.0,5839136791.68,2026-08-06T15:25:01+00:00,yahoo_chart,2026-08-06T15:25:03
2026-08-06,美股,MU,"Micron Technology, Inc.",stock,843.1099853515625,913.33,827.0,907.965,893.19,1.6542,19866572.0,18038152045.98,2026-08-06T15:25:00+00:00,yahoo_chart,2026-08-06T15:25:03
2026-08-06,美股,NVDA,NVIDIA Corporation,stock,221.52999877929688,223.628,217.71,217.919,219.22,-0.5935,49844717.0,10862110883.92,2026-08-06T15:25:00+00:00,yahoo_chart,2026-08-06T15:25:03
2026-08-06,美股,ORCL,Oracle Corporation,stock,139.25,146.58,138.72,144.43,144.39,0.0277,8866762.0,1280626435.66,2026-08-06T15:25:02+00:00,yahoo_chart,2026-08-06T15:25:03
2026-08-06,美股,PLTR,Palantir Technologies Inc.,stock,155.80999755859375,158.0,152.7,155.515,158.43,-1.8399,18881902.0,2936418989.53,2026-08-06T15:25:02+00:00,yahoo_chart,2026-08-06T15:25:03
2026-08-06,美股,TSLA,"Tesla, Inc.",stock,317.04998779296875,323.0,315.521,321.103,321.55,-0.139,10850266.0,3484052963.4,2026-08-06T15:25:02+00:00,yahoo_chart,2026-08-06T15:25:03
2026-08-06,美股,TSM,Taiwan Semiconductor Manufacturing Company Limited,stock,409.5400085449219,423.269,407.99,422.06,414.0,1.9469,4080874.0,1722373680.44,2026-08-06T15:25:00+00:00,yahoo_chart,2026-08-06T15:25:03
2026-08-07,美股,AAPL,Apple Inc.,stock,312.0,314.81,310.74,313.33,312.41,0.2945,34331108.0,10756966069.64,2026-08-07T20:00:01+00:00,yahoo_chart,2026-08-10T08:47:59
2026-08-07,美股,AMAT,"Applied Materials, Inc.",stock,536.0,545.94,528.005,539.14,527.48,2.2105,3993268.0,2152930509.52,2026-08-07T20:00:01+00:00,yahoo_chart,2026-08-10T08:47:59
2026-08-07,美股,AMD,"Advanced Micro Devices, Inc.",stock,494.0,498.82,476.06,483.36,489.28,-1.2099,25504058.0,12327641474.88,2026-08-07T20:00:01+00:00,yahoo_chart,2026-08-10T08:47:59
2026-08-07,美股,AMZN,"Amazon.com, Inc.",stock,274.0,278.31,272.75,274.48,272.26,0.8154,31375313.0,8611895912.24,2026-08-07T20:00:01+00:00,yahoo_chart,2026-08-10T08:47:59
2026-08-07,美股,ASML,ASML Holding N.V.,stock,1755.0,1761.31,1720.11,1740.99,1704.37,2.1486,1053149.0,1833521877.51,2026-08-07T20:00:01+00:00,yahoo_chart,2026-08-10T08:47:59
2026-08-07,美股,AVGO,Broadcom Inc.,stock,428.0,430.82,421.61,427.76,420.565,1.7108,12344165.0,5280340020.4,2026-08-07T20:00:00+00:00,yahoo_chart,2026-08-10T08:47:59
2026-08-07,美股,CRM,"Salesforce, Inc.",stock,191.08999633789062,194.7,190.6,192.74,186.77,3.1964,8709143.0,1678600221.82,2026-08-07T20:00:03+00:00,yahoo_chart,2026-08-10T08:47:59
2026-08-07,美股,GOOGL,Alphabet Inc.,stock,356.0,358.9,353.78,354.3,357.75,-0.9644,19720908.0,6987117704.4,2026-08-07T20:00:00+00:00,yahoo_chart,2026-08-10T08:47:59
2026-08-07,美股,INTC,Intel Corporation,stock,102.5,103.65,98.03,101.65,99.81,1.8435,74293938.0,7551978797.7,2026-08-07T20:00:01+00:00,yahoo_chart,2026-08-10T08:47:59
2026-08-07,美股,KLAC,KLA Corporation,stock,197.0,201.82,195.05,198.11,193.22,2.5308,7785770.0,1542438894.7,2026-08-07T20:00:01+00:00,yahoo_chart,2026-08-10T08:47:59
2026-08-07,美股,LRCX,Lam Research Corporation,stock,310.0,315.0,303.83,311.35,305.77,1.8249,6681568.0,2080306196.8,2026-08-07T20:00:01+00:00,yahoo_chart,2026-08-10T08:47:59
2026-08-07,美股,META,"Meta Platforms, Inc.",stock,589.0,598.74,585.62,592.1,589.9,0.3729,11039349.0,6536398542.9,2026-08-07T20:00:01+00:00,yahoo_chart,2026-08-10T08:47:59
2026-08-07,美股,MSFT,Microsoft Corporation,stock,500.0,505.18,498.73,499.99,499.86,0.026,24137816.0,12068666621.84,2026-08-07T20:00:00+00:00,yahoo_chart,2026-08-10T08:47:59
2026-08-07,美股,MU,"Micron Technology, Inc.",stock,896.0,904.65,847.02,877.57,881.47,-0.4424,33885278.0,29736703414.46,2026-08-07T20:00:01+00:00,yahoo_chart,2026-08-10T08:47:59
2026-08-07,美股,NVDA,NVIDIA Corporation,stock,222.0,224.76,220.66,223.96,218.99,2.2695,104730601.0,23455465399.96,2026-08-07T20:00:00+00:00,yahoo_chart,2026-08-10T08:47:59
2026-08-07,美股,ORCL,Oracle Corporation,stock,145.32000732421875,147.16,142.34,147.02,143.47,2.4744,17460565.0,2567052266.3,2026-08-07T20:04:24+00:00,yahoo_chart,2026-08-10T08:47:59
2026-08-07,美股,PLTR,Palantir Technologies Inc.,stock,161.0,172.41,159.97,172.01,155.92,10.3194,76171329.0,13102230301.29,2026-08-07T20:00:00+00:00,yahoo_chart,2026-08-10T08:47:59
2026-08-07,美股,QQQ,Invesco QQQ Trust,benchmark,720.0,723.63,716.52,723.03,714.65,1.1726,29234924.0,21137727099.72,2026-08-07T20:00:00+00:00,yahoo_chart,2026-08-10T08:47:59
2026-08-07,美股,SMH,VanEck Semiconductor ETF,benchmark,584.0,586.09,572.33,582.7,571.48,1.9633,6397665.0,3727919395.5,2026-08-07T20:00:00+00:00,yahoo_chart,2026-08-10T08:47:59
2026-08-07,美股,SOXX,iShares Semiconductor ETF,benchmark,543.25,547.904,531.27,543.27,532.52,2.0187,5210946.0,2830950633.42,2026-08-07T20:00:00+00:00,yahoo_chart,2026-08-10T08:47:59
2026-08-07,美股,SPY,State Street SPDR S&P 500 ETF Trust,benchmark,771.02001953125,773.915,769.61,773.26,768.56,0.6115,42664673.0,32990885043.98,2026-08-07T20:00:00+00:00,yahoo_chart,2026-08-10T08:47:59
2026-08-07,美股,TSLA,"Tesla, Inc.",stock,322.25,333.73,321.251,328.58,319.53,2.8323,38841743.0,12762619914.94,2026-08-07T20:00:00+00:00,yahoo_chart,2026-08-10T08:47:59
2026-08-07,美股,TSM,Taiwan Semiconductor Manufacturing Company Limited,stock,424.7900085449219,424.7,413.1,420.04,418.2,0.44,9134337.0,3836786913.48,2026-08-07T20:00:02+00:00,yahoo_chart,2026-08-10T08:47:59
2026-08-07,美股,XLK,State Street Technology Select Sector SPDR ETF,benchmark,187.99000549316406,188.7,185.74,187.97,185.33,1.4245,6037382.0,1134846694.54,2026-08-07T20:00:00+00:00,yahoo_chart,2026-08-10T08:47:59
2026-08-07,美股,^VIX,CBOE Volatility Index,benchmark,15.300000190734863,15.36,14.77,14.9,15.15,-1.6502,0.0,0.0,2026-08-07T20:15:01+00:00,yahoo_chart,2026-08-10T08:47:59
2026-08-10,A股,000300,沪深300,index,4698.8162,4714.4648,4659.47,4702.0247,4694.4365,0.1616,213075996.0,733103396912.0,2026-08-10 15:35:41,sina,2026-08-10T21:21:38
2026-08-10,A股,000333,美的集团,stock,83.5,86.07,83.12,85.3,83.5,2.1557,31141903.0,2645240982.77,2026-08-10 15:35:30,sina,2026-08-10T21:21:38
2026-08-10,A股,000688,科创50,index,1740.1356,1752.9311,1704.0841,1737.7737,1744.0236,-0.3584,10817174.0,128470941791.0,2026-08-10 15:35:41,sina,2026-08-10T21:21:38
2026-08-10,A股,000905,中证500,index,8003.9204,8031.1557,7910.8357,8030.9483,7980.1245,0.6369,200579907.0,490434040531.0,2026-08-10 15:35:41,sina,2026-08-10T21:21:38
2026-08-10,A股,000977,浪潮信息,stock,78.02,78.13,75.38,76.7,77.99,-1.6541,60208503.0,4582966314.73,2026-08-10 15:35:15,sina,2026-08-10T21:21:38
2026-08-10,A股,002371,北方华创,stock,752.04,778.0,744.66,760.0,751.99,1.0652,8728585.0,6625323318.35,2026-08-10 15:35:15,sina,2026-08-10T21:21:38
2026-08-10,A股,002463,沪电股份,stock,126.8,127.2,119.5,122.7,125.87,-2.5185,59136010.0,7236565388.67,2026-08-10 15:35:45,sina,2026-08-10T21:21:38
2026-08-10,A股,002594,比亚迪,stock,90.04,91.8,89.4,91.15,90.04,1.2328,38573716.0,3510272594.52,2026-08-10 15:35:00,sina,2026-08-10T21:21:38
2026-08-10,A股,159915,创业板,ETF,3.586,3.601,3.495,3.559,3.586,-0.7529,1658070049.0,5864196999.019,2026-08-10 15:35:45,sina,2026-08-10T21:21:38
2026-08-10,A股,300059,东方财富,stock,19.99,20.15,19.91,20.03,19.98,0.2503,194980837.0,3904688835.47,2026-08-10 15:35:00,sina,2026-08-10T21:21:38
2026-08-10,A股,300274,阳光电源,stock,113.0,116.77,112.18,113.71,114.16,-0.3942,64050898.0,7311871698.93,2026-08-10 15:35:30,sina,2026-08-10T21:21:38
2026-08-10,A股,300308,中际旭创,stock,917.99,919.8,835.0,864.58,919.87,-6.0106,52592131.0,45764386518.97,2026-08-10 15:35:15,sina,2026-08-10T21:21:38
2026-08-10,A股,300502,新易盛,stock,420.06,424.24,388.28,399.6,420.95,-5.0719,66824012.0,26690707345.22,2026-08-10 15:35:45,sina,2026-08-10T21:21:38
2026-08-10,A股,300750,宁德时代,stock,385.61,394.62,384.63,393.87,386.67,1.8621,23160930.0,9025386577.95,2026-08-10 15:35:45,sina,2026-08-10T21:21:38
2026-08-10,A股,399006,创业板指,index,3567.046,3575.589,3470.953,3537.214,3563.116,-0.7269,20898630208.0,657874162782.25,2026-08-10 15:00:03,sina,2026-08-10T21:21:38
2026-08-10,A股,510300,沪深300ETF华泰柏瑞,ETF,4.755,4.772,4.72,4.759,4.751,0.1684,561085163.0,2663755927.0,2026-08-10 15:34:59,sina,2026-08-10T21:21:38
2026-08-10,A股,512760,芯片ETF国泰,ETF,1.166,1.172,1.13,1.155,1.161,-0.5168,433733500.0,497894480.0,2026-08-10 15:34:59,sina,2026-08-10T21:21:38
2026-08-10,A股,512880,证券ETF国泰,ETF,1.097,1.105,1.096,1.099,1.096,0.2737,1369495421.0,1506296692.0,2026-08-10 15:34:59,sina,2026-08-10T21:21:38
2026-08-10,A股,588000,科创50ETF华夏,ETF,1.84,1.851,1.799,1.835,1.84,-0.2717,3436439865.0,6255060479.0,2026-08-10 15:34:59,sina,2026-08-10T21:21:38
2026-08-10,A股,600030,中信证券,stock,27.99,28.14,27.86,27.95,27.95,0.0,91543797.0,2562007117.0,2026-08-10 15:34:59,sina,2026-08-10T21:21:38
2026-08-10,A股,600036,招商银行,stock,38.79,39.27,38.7,38.91,38.8,0.2835,65175786.0,2544401483.0,2026-08-10 15:34:59,sina,2026-08-10T21:21:38
2026-08-10,A股,600519,贵州茅台,stock,1325.0,1359.97,1318.08,1348.86,1309.22,3.0278,6268572.0,8428304269.0,2026-08-10 15:34:59,sina,2026-08-10T21:21:38
2026-08-10,A股,600941,中国移动,stock,95.12,97.61,94.77,96.7,95.5,1.2565,10893645.0,1053343260.0,2026-08-10 15:34:59,sina,2026-08-10T21:21:38
2026-08-10,A股,601138,工业富联,stock,69.0,70.97,67.65,69.18,68.18,1.4667,164417923.0,11393974962.0,2026-08-10 15:34:59,sina,2026-08-10T21:21:38
2026-08-10,A股,601318,中国平安,stock,53.28,53.66,53.2,53.32,53.38,-0.1124,59532320.0,3178152627.0,2026-08-10 15:34:59,sina,2026-08-10T21:21:38
2026-08-10,A股,601899,紫金矿业,stock,35.18,35.6,34.71,35.45,35.15,0.8535,273650525.0,9641711510.0,2026-08-10 15:34:59,sina,2026-08-10T21:21:38
2026-08-10,A股,603019,中科曙光,stock,89.8,89.8,85.98,86.24,88.77,-2.8501,47852821.0,4157730504.0,2026-08-10 15:34:59,sina,2026-08-10T21:21:38
2026-08-10,A股,603501,豪威集团,stock,90.09,90.1,88.08,89.14,89.76,-0.6907,16586260.0,1473948938.0,2026-08-10 15:34:59,sina,2026-08-10T21:21:38
2026-08-10,A股,688041,海光信息,stock,295.7,295.74,285.73,290.44,295.75,-1.7954,17051824.0,4935951969.0,2026-08-10 15:34:59,sina,2026-08-10T21:21:38
2026-08-10,A股,688256,寒武纪,stock,1163.0,1213.0,1110.01,1124.0,1199.93,-6.3279,20711014.0,23751647076.0,2026-08-10 15:34:59,sina,2026-08-10T21:21:38
2026-08-10,A股,688981,中芯国际,stock,128.49,128.66,124.11,126.25,128.5,-1.751,42765367.0,5374581058.0,2026-08-10 15:34:59,sina,2026-08-10T21:21:38
2026-08-10,美股,AAPL,Apple Inc.,stock,306.8299865722656,308.26,304.63,308.26,313.06,-1.5333,43391681.0,13375919585.06,2026-08-10T20:00:02+00:00,yahoo_chart,2026-08-11T08:16:26
2026-08-10,美股,AMAT,"Applied Materials, Inc.",stock,555.0,555.1,521.57,522.12,539.14,-3.1569,7003003.0,3656407926.36,2026-08-10T20:00:01+00:00,yahoo_chart,2026-08-11T08:16:26
2026-08-10,美股,AMD,"Advanced Micro Devices, Inc.",stock,477.4230041503906,483.36,469.32,469.56,483.36,-2.855,19283602.0,9054808155.12,2026-08-10T20:00:01+00:00,yahoo_chart,2026-08-11T08:16:26
2026-08-10,美股,AMZN,"Amazon.com, Inc.",stock,274.20001220703125,280.14,273.6,278.09,274.48,1.3152,34530747.0,9602655433.23,2026-08-10T20:00:02+00:00,yahoo_chart,2026-08-11T08:16:26
2026-08-10,美股,ASML,ASML Holding N.V.,stock,1794.155029296875,1794.47,1732.81,1733.48,1740.99,-0.4314,1094795.0,1897805236.6,2026-08-10T20:00:01+00:00,yahoo_chart,2026-08-11T08:16:26
2026-08-10,美股,AVGO,Broadcom Inc.,stock,428.3699951171875,432.73,420.16,422.4,427.76,-1.253,13766512.0,5814974668.8,2026-08-10T20:00:02+00:00,yahoo_chart,2026-08-11T08:16:26
2026-08-10,美股,CRM,"Salesforce, Inc.",stock,190.1699981689453,198.184,190.03,197.51,192.74,2.4748,6506031.0,1285006182.81,2026-08-10T20:00:02+00:00,yahoo_chart,2026-08-11T08:16:26
2026-08-10,美股,GOOGL,Alphabet Inc.,stock,355.17498779296875,357.61,352.71,357.52,354.3,0.9088,18914905.0,6762456835.6,2026-08-10T20:00:01+00:00,yahoo_chart,2026-08-11T08:16:26
2026-08-10,美股,INTC,Intel Corporation,stock,98.26000213623047,100.025,96.31,97.52,101.65,-4.063,99944552.0,9746592711.04,2026-08-10T20:00:02+00:00,yahoo_chart,2026-08-11T08:16:26
2026-08-10,美股,KLAC,KLA Corporation,stock,205.05999755859375,205.06,192.47,192.74,198.11,-2.7106,8838431.0,1703519190.94,2026-08-10T20:00:01+00:00,yahoo_chart,2026-08-11T08:16:26
2026-08-10,美股,LRCX,Lam Research Corporation,stock,319.54998779296875,319.99,305.5,306.4,311.35,-1.5899,6988880.0,2141392832.0,2026-08-10T20:00:02+00:00,yahoo_chart,2026-08-11T08:16:26
2026-08-10,美股,META,"Meta Platforms, Inc.",stock,599.010009765625,608.21,592.03,594.92,592.1,0.4763,14317252.0,8517619559.84,2026-08-10T20:00:02+00:00,yahoo_chart,2026-08-11T08:16:26
2026-08-10,美股,MSFT,Microsoft Corporation,stock,503.44000244140625,513.726,502.5,506.06,499.99,1.214,31137345.0,15757364810.7,2026-08-10T20:00:01+00:00,yahoo_chart,2026-08-11T08:16:26
2026-08-10,美股,MU,"Micron Technology, Inc.",stock,863.6649780273438,894.989,854.46,861.0,877.57,-1.8882,26187104.0,22547096544.0,2026-08-10T20:00:01+00:00,yahoo_chart,2026-08-11T08:16:26
2026-08-10,美股,NVDA,NVIDIA Corporation,stock,223.4499969482422,224.138,216.77,217.55,223.96,-2.8621,108135773.0,23524937416.15,2026-08-10T20:00:00+00:00,yahoo_chart,2026-08-11T08:16:26
2026-08-10,美股,ORCL,Oracle Corporation,stock,148.25999450683594,151.99,146.62,151.05,147.02,2.7411,21279163.0,3214217571.15,2026-08-10T20:04:02+00:00,yahoo_chart,2026-08-11T08:16:26
2026-08-10,美股,PLTR,Palantir Technologies Inc.,stock,171.0800018310547,179.6,170.87,175.23,172.01,1.872,55252372.0,9681873145.56,2026-08-10T20:00:00+00:00,yahoo_chart,2026-08-11T08:16:26
2026-08-10,美股,QQQ,Invesco QQQ Trust,benchmark,722.6500244140625,724.67,720.33,720.87,723.03,-0.2987,24421563.0,17604772119.81,2026-08-10T20:00:00+00:00,yahoo_chart,2026-08-11T08:16:26
2026-08-10,美股,SMH,VanEck Semiconductor ETF,benchmark,585.7908935546875,586.18,569.2,569.41,582.7,-2.2808,6440441.0,3667251509.81,2026-08-10T20:00:00+00:00,yahoo_chart,2026-08-11T08:16:26
2026-08-10,美股,SOXX,iShares Semiconductor ETF,benchmark,546.243408203125,547.22,529.39,529.39,543.27,-2.5549,8600439.0,4552986402.21,2026-08-10T20:00:00+00:00,yahoo_chart,2026-08-11T08:16:26
2026-08-10,美股,SPY,State Street SPDR S&P 500 ETF Trust,benchmark,772.5999755859375,775.03,771.89,773.03,773.26,-0.0297,31958749.0,24705071739.47,2026-08-10T20:00:00+00:00,yahoo_chart,2026-08-11T08:16:26
2026-08-10,美股,TSLA,"Tesla, Inc.",stock,326.6449890136719,332.05,326.15,330.88,328.58,0.7,24364376.0,8061684730.88,2026-08-10T20:00:00+00:00,yahoo_chart,2026-08-11T08:16:26
2026-08-10,美股,TSM,Taiwan Semiconductor Manufacturing Company Limited,stock,420.3399963378906,425.88,416.0,418.47,420.04,-0.3738,11748369.0,4916339975.43,2026-08-10T20:00:03+00:00,yahoo_chart,2026-08-11T08:16:26
2026-08-10,美股,XLK,State Street Technology Select Sector SPDR ETF,benchmark,188.0800018310547,188.84,186.265,186.32,187.97,-0.8778,6201469.0,1155457704.08,2026-08-10T20:00:00+00:00,yahoo_chart,2026-08-11T08:16:26
2026-08-10,美股,^VIX,CBOE Volatility Index,benchmark,15.399999618530273,15.72,15.1,15.46,14.9,3.7584,0.0,0.0,2026-08-10T20:15:01+00:00,yahoo_chart,2026-08-11T08:16:26
2026-08-11,A股,000300,沪深300,index,4689.4493,4715.8812,4660.4742,4663.7887,4702.0247,-0.8132,209699098.0,645384756136.0,2026-08-11 15:35:41,sina,2026-08-11T20:56:19
2026-08-11,A股,000333,美的集团,stock,85.26,86.12,85.03,85.62,85.3,0.3751,19509179.0,1671643826.92,2026-08-11 15:35:30,sina,2026-08-11T20:56:19
2026-08-11,A股,000688,科创50,index,1713.2581,1753.1365,1699.9151,1709.5026,1737.7737,-1.6269,11830175.0,110405794278.0,2026-08-11 15:35:41,sina,2026-08-11T20:56:19
2026-08-11,A股,000905,中证500,index,7979.276,8078.361,7947.6668,7967.5386,8030.9483,-0.7896,195083693.0,452799545702.0,2026-08-11 15:35:41,sina,2026-08-11T20:56:19
2026-08-11,A股,000977,浪潮信息,stock,76.7,77.2,75.01,75.11,76.7,-2.073,53891220.0,4090115242.22,2026-08-11 15:35:15,sina,2026-08-11T20:56:19
2026-08-11,A股,002371,北方华创,stock,753.03,767.74,742.55,746.1,760.0,-1.8289,6720916.0,5063292167.5,2026-08-11 15:35:15,sina,2026-08-11T20:56:19
2026-08-11,A股,002463,沪电股份,stock,120.07,124.98,119.14,121.0,122.7,-1.3855,37593177.0,4583757268.64,2026-08-11 15:35:45,sina,2026-08-11T20:56:19
2026-08-11,A股,002594,比亚迪,stock,91.18,91.66,89.93,90.12,91.15,-1.13,24222760.0,2191435223.35,2026-08-11 15:35:00,sina,2026-08-11T20:56:19
2026-08-11,A股,159915,创业板,ETF,3.545,3.62,3.535,3.565,3.559,0.1686,1496881510.0,5356011856.633,2026-08-11 15:35:45,sina,2026-08-11T20:56:19
2026-08-11,A股,300059,东方财富,stock,19.94,20.08,19.83,19.84,20.03,-0.9486,179645350.0,3579513069.55,2026-08-11 15:35:00,sina,2026-08-11T20:56:19
2026-08-11,A股,300274,阳光电源,stock,113.82,122.21,113.08,120.07,113.71,5.5932,84824982.0,10094967286.28,2026-08-11 15:35:30,sina,2026-08-11T20:56:19
2026-08-11,A股,300308,中际旭创,stock,880.14,898.48,850.4,886.96,864.58,2.5885,33973722.0,29958629186.25,2026-08-11 15:35:15,sina,2026-08-11T20:56:19
2026-08-11,A股,300502,新易盛,stock,410.2,420.58,398.88,415.3,399.6,3.9289,48361225.0,19977399893.31,2026-08-11 15:35:45,sina,2026-08-11T20:56:19
2026-08-11,A股,300750,宁德时代,stock,395.0,395.28,389.52,390.4,393.87,-0.881,16299162.0,6397141514.79,2026-08-11 15:35:45,sina,2026-08-11T20:56:19
2026-08-11,A股,399006,创业板指,index,3533.894,3601.59,3517.572,3549.164,3537.214,0.3378,19075507613.0,597523816339.56,2026-08-11 15:00:03,sina,2026-08-11T20:56:19
2026-08-11,A股,510300,沪深300ETF华泰柏瑞,ETF,4.75,4.775,4.722,4.728,4.759,-0.6514,535321917.0,2541400132.0,2026-08-11 15:34:59,sina,2026-08-11T20:56:19
2026-08-11,A股,512760,芯片ETF国泰,ETF,1.138,1.17,1.13,1.14,1.155,-1.2987,337651244.0,388335448.0,2026-08-11 15:34:59,sina,2026-08-11T20:56:19
2026-08-11,A股,512880,证券ETF国泰,ETF,1.099,1.104,1.092,1.093,1.099,-0.546,1383602484.0,1518742463.0,2026-08-11 15:34:59,sina,2026-08-11T20:56:19
2026-08-11,A股,588000,科创50ETF华夏,ETF,1.816,1.85,1.795,1.806,1.835,-1.5804,3208376750.0,5843747662.0,2026-08-11 15:34:59,sina,2026-08-11T20:56:19
2026-08-11,A股,600030,中信证券,stock,27.92,28.12,27.74,27.74,27.95,-0.7513,106525847.0,2971782667.0,2026-08-11 15:34:59,sina,2026-08-11T20:56:19
2026-08-11,A股,600036,招商银行,stock,39.0,39.2,38.77,38.95,38.91,0.1028,50076953.0,1949602571.0,2026-08-11 15:34:59,sina,2026-08-11T20:56:19
2026-08-11,A股,600519,贵州茅台,stock,1348.0,1352.65,1338.0,1346.5,1348.86,-0.175,2707300.0,3640046368.0,2026-08-11 15:34:59,sina,2026-08-11T20:56:19
2026-08-11,A股,600941,中国移动,stock,96.52,97.26,96.02,96.42,96.7,-0.2896,6891569.0,664525129.0,2026-08-11 15:34:59,sina,2026-08-11T20:56:19
2026-08-11,A股,601138,工业富联,stock,67.93,68.19,65.52,66.01,69.18,-4.5822,135834051.0,9051098041.0,2026-08-11 15:34:59,sina,2026-08-11T20:56:19
2026-08-11,A股,601318,中国平安,stock,53.3,53.44,52.5,52.55,53.32,-1.4441,64689522.0,3413185519.0,2026-08-11 15:34:59,sina,2026-08-11T20:56:19
2026-08-11,A股,601899,紫金矿业,stock,35.66,35.77,33.11,33.18,35.45,-6.4034,447541472.0,15298737728.0,2026-08-11 15:34:59,sina,2026-08-11T20:56:19
2026-08-11,A股,603019,中科曙光,stock,85.76,87.59,84.87,86.35,86.24,0.1276,31748746.0,2744653752.0,2026-08-11 15:34:59,sina,2026-08-11T20:56:19
2026-08-11,A股,603501,豪威集团,stock,89.0,94.89,88.68,93.26,89.14,4.6219,41087994.0,3803650781.0,2026-08-11 15:34:59,sina,2026-08-11T20:56:19
2026-08-11,A股,688041,海光信息,stock,285.79,292.77,285.51,287.01,290.44,-1.181,12235662.0,3542933967.0,2026-08-11 15:34:59,sina,2026-08-11T20:56:19
2026-08-11,A股,688256,寒武纪,stock,1100.0,1123.99,1070.0,1090.64,1124.0,-2.968,13416047.0,14751222439.0,2026-08-11 15:34:59,sina,2026-08-11T20:56:19
2026-08-11,A股,688981,中芯国际,stock,124.85,128.43,124.5,125.41,126.25,-0.6653,37175996.0,4700641121.0,2026-08-11 15:34:59,sina,2026-08-11T20:56:19
2026-08-11,美股,AAPL,Apple Inc.,stock,307.75,309.97,302.79,304.91,308.26,-1.0867,34168163.0,10418214580.33,2026-08-11T20:00:01+00:00,yahoo_chart,2026-08-12T08:36:40
2026-08-11,美股,AMAT,"Applied Materials, Inc.",stock,539.989990234375,539.99,522.655,525.61,522.12,0.6684,4904937.0,2578083936.57,2026-08-11T20:00:01+00:00,yahoo_chart,2026-08-12T08:36:40
2026-08-11,美股,AMD,"Advanced Micro Devices, Inc.",stock,474.739990234375,475.98,463.21,474.32,469.56,1.0137,17265042.0,8189154721.44,2026-08-11T20:00:01+00:00,yahoo_chart,2026-08-12T08:36:40
2026-08-11,美股,AMZN,"Amazon.com, Inc.",stock,278.3999938964844,278.84,271.36,272.27,278.09,-2.0928,29512425.0,8035347954.75,2026-08-11T20:00:01+00:00,yahoo_chart,2026-08-12T08:36:40
2026-08-11,美股,ASML,ASML Holding N.V.,stock,1793.10498046875,1819.515,1778.32,1799.38,1733.48,3.8016,1459568.0,2626317467.84,2026-08-11T20:00:01+00:00,yahoo_chart,2026-08-12T08:36:40
2026-08-11,美股,AVGO,Broadcom Inc.,stock,426.4549865722656,426.76,413.24,416.08,422.4,-1.4962,11374270.0,4732606261.6,2026-08-11T20:00:01+00:00,yahoo_chart,2026-08-12T08:36:40
2026-08-11,美股,CRM,"Salesforce, Inc.",stock,196.94000244140625,199.39,195.5,197.47,197.51,-0.0203,6080817.0,1200778932.99,2026-08-11T20:00:02+00:00,yahoo_chart,2026-08-12T08:36:40
2026-08-11,美股,GOOGL,Alphabet Inc.,stock,355.8999938964844,356.81,343.395,343.8,357.52,-3.8375,28664272.0,9854776713.6,2026-08-11T20:00:01+00:00,yahoo_chart,2026-08-12T08:36:40
2026-08-11,美股,INTC,Intel Corporation,stock,96.75,98.35,95.35,97.71,97.52,0.1948,163304781.0,15956510151.51,2026-08-11T20:00:01+00:00,yahoo_chart,2026-08-12T08:36:40
2026-08-11,美股,KLAC,KLA Corporation,stock,198.64999389648438,203.15,195.0,200.47,192.74,4.0106,8085095.0,1620818994.65,2026-08-11T20:00:01+00:00,yahoo_chart,2026-08-12T08:36:40
2026-08-11,美股,LRCX,Lam Research Corporation,stock,315.2149963378906,316.86,309.35,311.41,306.4,1.6351,6568262.0,2045422469.42,2026-08-11T20:00:01+00:00,yahoo_chart,2026-08-12T08:36:40
2026-08-11,美股,META,"Meta Platforms, Inc.",stock,597.72998046875,612.42,593.4,599.12,594.92,0.706,12274440.0,7353862492.8,2026-08-11T20:00:01+00:00,yahoo_chart,2026-08-12T08:36:40
2026-08-11,美股,MSFT,Microsoft Corporation,stock,504.0050048828125,505.33,499.55,503.81,506.06,-0.4446,20447228.0,10301517938.68,2026-08-11T20:00:01+00:00,yahoo_chart,2026-08-12T08:36:40
2026-08-11,美股,MU,"Micron Technology, Inc.",stock,871.7999877929688,876.87,844.62,868.52,861.0,0.8734,29137529.0,25306526687.08,2026-08-11T20:00:01+00:00,yahoo_chart,2026-08-12T08:36:40
2026-08-11,美股,NVDA,NVIDIA Corporation,stock,222.14999389648438,222.2,216.3,217.5,217.55,-0.023,95707655.0,20816414962.5,2026-08-11T20:00:00+00:00,yahoo_chart,2026-08-12T08:36:40
2026-08-11,美股,ORCL,Oracle Corporation,stock,151.1999969482422,151.99,144.24,145.48,151.05,-3.6875,23101840.0,3360855683.2,2026-08-11T20:05:23+00:00,yahoo_chart,2026-08-12T08:36:40
2026-08-11,美股,PLTR,Palantir Technologies Inc.,stock,174.2198028564453,177.94,172.72,174.94,175.23,-0.1655,41866512.0,7324127609.28,2026-08-11T20:00:00+00:00,yahoo_chart,2026-08-12T08:36:40
2026-08-11,美股,QQQ,Invesco QQQ Trust,benchmark,723.2999877929688,723.3,715.79,718.45,720.87,-0.3357,27636026.0,19855102879.7,2026-08-11T20:00:00+00:00,yahoo_chart,2026-08-12T08:36:40
2026-08-11,美股,SMH,VanEck Semiconductor ETF,benchmark,577.5,578.6,569.17,572.93,569.41,0.6182,4929020.0,2823983428.6,2026-08-11T20:00:00+00:00,yahoo_chart,2026-08-12T08:36:40
2026-08-11,美股,SOXX,iShares Semiconductor ETF,benchmark,537.8049926757812,539.05,530.1,534.2,529.39,0.9086,7019078.0,3749591467.6,2026-08-11T20:00:00+00:00,yahoo_chart,2026-08-12T08:36:40
2026-08-11,美股,SPY,State Street SPDR S&P 500 ETF Trust,benchmark,774.530029296875,774.61,769.34,770.56,773.03,-0.3195,35517324.0,27368229181.44,2026-08-11T20:00:00+00:00,yahoo_chart,2026-08-12T08:36:40
2026-08-11,美股,TSLA,"Tesla, Inc.",stock,332.989990234375,336.2,329.53,332.81,330.88,0.5833,23158961.0,7707533810.41,2026-08-11T20:00:00+00:00,yahoo_chart,2026-08-12T08:36:40
2026-08-11,美股,TSM,Taiwan Semiconductor Manufacturing Company Limited,stock,424.20001220703125,424.898,418.92,422.06,418.47,0.8579,9281681.0,3917426282.86,2026-08-11T20:00:02+00:00,yahoo_chart,2026-08-12T08:36:40
2026-08-11,美股,XLK,State Street Technology Select Sector SPDR ETF,benchmark,187.69000244140625,187.71,185.08,186.09,186.32,-0.1234,5116101.0,952055235.09,2026-08-11T20:00:00+00:00,yahoo_chart,2026-08-12T08:36:40
2026-08-11,美股,^VIX,CBOE Volatility Index,benchmark,15.420000076293945,15.61,15.23,15.28,15.46,-1.1643,0.0,0.0,2026-08-11T20:15:01+00:00,yahoo_chart,2026-08-12T08:36:40
2026-08-12,A股,000300,沪深300,index,4660.4658,4700.4347,4657.6933,4690.9165,4663.7887,0.5817,184939148.0,575326282008.0,2026-08-12 15:35:40,sina,2026-08-12T20:56:06
2026-08-12,A股,000333,美的集团,stock,85.18,85.37,84.16,84.34,85.62,-1.495,21928458.0,1852073192.08,2026-08-12 15:35:30,sina,2026-08-12T20:56:06
2026-08-12,A股,000688,科创50,index,1720.3639,1747.9447,1709.1635,1736.9912,1709.5026,1.608,9742544.0,103281012641.0,2026-08-12 15:35:40,sina,2026-08-12T20:56:06
2026-08-12,A股,000905,中证500,index,7978.0412,8067.5276,7961.8285,8045.3099,7967.5386,0.9761,180742697.0,408869420388.0,2026-08-12 15:35:40,sina,2026-08-12T20:56:06
2026-08-12,A股,000977,浪潮信息,stock,75.79,75.98,74.06,75.02,75.11,-0.1198,53889763.0,4037070147.63,2026-08-12 15:35:15,sina,2026-08-12T20:56:06
2026-08-12,A股,002371,北方华创,stock,752.0,767.99,746.95,760.0,746.1,1.863,6496235.0,4933279966.33,2026-08-12 15:35:15,sina,2026-08-12T20:56:06
2026-08-12,A股,002463,沪电股份,stock,121.0,123.86,120.0,123.01,121.0,1.6612,37464324.0,4581168874.62,2026-08-12 15:35:45,sina,2026-08-12T20:56:06
2026-08-12,A股,002594,比亚迪,stock,90.0,91.14,89.4,90.41,90.12,0.3218,20818762.0,1881110809.38,2026-08-12 15:36:00,sina,2026-08-12T20:56:06
2026-08-12,A股,159915,创业板,ETF,3.556,3.643,3.556,3.621,3.565,1.5708,1317047363.0,4751624393.373,2026-08-12 15:35:00,sina,2026-08-12T20:56:06
2026-08-12,A股,300059,东方财富,stock,19.8,19.89,19.72,19.83,19.84,-0.0504,183647487.0,3635980064.47,2026-08-12 15:35:15,sina,2026-08-12T20:56:06
2026-08-12,A股,300274,阳光电源,stock,120.9,122.06,116.04,117.53,120.07,-2.1154,54452403.0,6396861050.89,2026-08-12 15:35:45,sina,2026-08-12T20:56:06
2026-08-12,A股,300308,中际旭创,stock,880.13,936.8,876.01,921.0,886.96,3.8378,31072873.0,28408443493.24,2026-08-12 15:35:30,sina,2026-08-12T20:56:06
2026-08-12,A股,300502,新易盛,stock,410.01,441.8,409.5,428.2,415.3,3.1062,43732345.0,18751553809.48,2026-08-12 15:35:00,sina,2026-08-12T20:56:06
2026-08-12,A股,300750,宁德时代,stock,388.43,395.91,387.52,393.93,390.4,0.9042,20236434.0,7909423541.91,2026-08-12 15:35:00,sina,2026-08-12T20:56:06
2026-08-12,A股,399006,创业板指,index,3542.133,3625.268,3540.948,3602.083,3549.164,1.491,18343894837.0,561500226976.64,2026-08-12 15:00:03,sina,2026-08-12T20:56:06
2026-08-12,A股,510300,沪深300ETF华泰柏瑞,ETF,4.727,4.759,4.72,4.748,4.728,0.423,901013743.0,4275919625.0,2026-08-12 15:34:59,sina,2026-08-12T20:56:06
2026-08-12,A股,512760,芯片ETF国泰,ETF,1.149,1.168,1.138,1.159,1.14,1.6667,369435500.0,426566842.0,2026-08-12 15:34:59,sina,2026-08-12T20:56:06
2026-08-12,A股,512880,证券ETF国泰,ETF,1.092,1.099,1.088,1.097,1.093,0.366,1425745880.0,1559926418.0,2026-08-12 15:34:59,sina,2026-08-12T20:56:06
2026-08-12,A股,588000,科创50ETF华夏,ETF,1.811,1.844,1.803,1.833,1.806,1.495,2889907564.0,5285689889.0,2026-08-12 15:34:59,sina,2026-08-12T20:56:06
2026-08-12,A股,600030,中信证券,stock,27.7,27.8,27.51,27.7,27.74,-0.1442,83768451.0,2315267042.0,2026-08-12 15:34:59,sina,2026-08-12T20:56:06
2026-08-12,A股,600036,招商银行,stock,38.95,38.97,38.56,38.7,38.95,-0.6418,55748865.0,2158507035.0,2026-08-12 15:34:59,sina,2026-08-12T20:56:06
2026-08-12,A股,600519,贵州茅台,stock,1346.5,1356.88,1332.51,1343.0,1346.5,-0.2599,3505960.0,4717613108.0,2026-08-12 15:34:59,sina,2026-08-12T20:56:06
2026-08-12,A股,600941,中国移动,stock,96.5,96.51,95.7,96.22,96.42,-0.2074,8143437.0,783226389.0,2026-08-12 15:34:59,sina,2026-08-12T20:56:06
2026-08-12,A股,601138,工业富联,stock,66.46,66.77,64.51,65.6,66.01,-0.6211,130153122.0,8539389599.0,2026-08-12 15:34:59,sina,2026-08-12T20:56:06
2026-08-12,A股,601318,中国平安,stock,52.5,52.92,52.21,52.6,52.55,0.0951,53210420.0,2794422560.0,2026-08-12 15:34:59,sina,2026-08-12T20:56:06
2026-08-12,A股,601899,紫金矿业,stock,33.19,34.08,33.18,33.58,33.18,1.2055,204484205.0,6876694098.0,2026-08-12 15:34:59,sina,2026-08-12T20:56:06
2026-08-12,A股,603019,中科曙光,stock,86.98,87.2,86.0,86.42,86.35,0.0811,26869584.0,2323850918.0,2026-08-12 15:34:59,sina,2026-08-12T20:56:06
2026-08-12,A股,603501,豪威集团,stock,92.71,93.6,91.25,91.52,93.26,-1.8658,19136282.0,1756855711.0,2026-08-12 15:34:59,sina,2026-08-12T20:56:06
2026-08-12,A股,688041,海光信息,stock,289.05,290.5,283.59,287.66,287.01,0.2265,13399430.0,3849672150.0,2026-08-12 15:34:59,sina,2026-08-12T20:56:06
2026-08-12,A股,688256,寒武纪,stock,1095.98,1134.55,1092.0,1105.38,1090.64,1.3515,10307738.0,11460557563.0,2026-08-12 15:34:59,sina,2026-08-12T20:56:06
2026-08-12,A股,688981,中芯国际,stock,126.0,128.5,124.51,127.96,125.41,2.0333,43837992.0,5553551712.0,2026-08-12 15:34:59,sina,2026-08-12T20:56:06
2026-08-12,美股,AAPL,Apple Inc.,stock,305.1300048828125,305.66,300.57,302.25,304.91,-0.8724,37368518.0,11294634565.5,2026-08-12T20:00:01+00:00,yahoo_chart,2026-08-13T08:39:58
2026-08-12,美股,AMAT,"Applied Materials, Inc.",stock,549.0999755859375,553.75,544.895,548.15,525.61,4.2884,6046408.0,3314338545.2,2026-08-12T20:00:01+00:00,yahoo_chart,2026-08-13T08:39:58
2026-08-12,美股,AMD,Advanced Micro Devices,stock,488.79998779296875,491.69,480.88,482.93,474.32,1.8152,17829871.0,8610579602.03,2026-08-12T20:00:01+00:00,yahoo_chart,2026-08-13T08:39:58
2026-08-12,美股,AMZN,"Amazon.com, Inc.",stock,273.2049865722656,273.46,267.1,267.28,272.27,-1.8327,29346297.0,7843678262.16,2026-08-12T20:00:01+00:00,yahoo_chart,2026-08-13T08:39:58
2026-08-12,美股,ASML,ASML Holding N.V.,stock,1833.27001953125,1845.0,1807.38,1810.07,1799.38,0.5941,1373482.0,2486098563.74,2026-08-12T20:00:01+00:00,yahoo_chart,2026-08-13T08:39:58
2026-08-12,美股,AVGO,Broadcom Inc.,stock,426.2550048828125,426.5,414.61,416.05,416.08,-0.0072,14256945.0,5931601967.25,2026-08-12T20:00:01+00:00,yahoo_chart,2026-08-13T08:39:58
2026-08-12,美股,CRM,Salesforce,stock,192.0,196.5,191.78,193.32,197.47,-2.1016,6404760.0,1238168203.2,2026-08-12T20:00:03+00:00,yahoo_chart,2026-08-13T08:39:58
2026-08-12,美股,GOOGL,Alphabet Inc.,stock,346.0,346.48,340.88,343.54,343.8,-0.0756,23857798.0,8196107924.92,2026-08-12T20:00:01+00:00,yahoo_chart,2026-08-13T08:39:58
2026-08-12,美股,INTC,Intel Corporation,stock,102.80000305175781,103.15,100.123,100.95,97.71,3.3159,160632879.0,16215889135.05,2026-08-12T20:00:01+00:00,yahoo_chart,2026-08-13T08:39:58
2026-08-12,美股,KLAC,KLA Corporation,stock,210.10000610351562,210.1,205.23,208.25,200.47,3.8809,9649623.0,2009533989.75,2026-08-12T20:00:01+00:00,yahoo_chart,2026-08-13T08:39:58
2026-08-12,美股,LRCX,Lam Research Corporation,stock,326.8349914550781,329.49,323.545,326.11,311.41,4.7205,7225549.0,2356323784.39,2026-08-12T20:00:01+00:00,yahoo_chart,2026-08-13T08:39:58
2026-08-12,美股,META,"Meta Platforms, Inc.",stock,601.7000122070312,604.499,578.25,578.85,599.12,-3.3833,15847495.0,9173322480.75,2026-08-12T20:00:01+00:00,yahoo_chart,2026-08-13T08:39:58
2026-08-12,美股,MSFT,Microsoft Corporation,stock,500.239990234375,501.5,491.52,492.43,503.81,-2.2588,27275247.0,13431149880.21,2026-08-12T20:00:01+00:00,yahoo_chart,2026-08-13T08:39:58
2026-08-12,美股,MU,Micron Technology,stock,912.9400024414062,935.8,899.54,911.29,868.52,4.9245,35803171.0,32627071700.59,2026-08-12T20:00:01+00:00,yahoo_chart,2026-08-13T08:39:58
2026-08-12,美股,NVDA,NVIDIA Corporation,stock,221.0399932861328,225.1,220.2,224.09,217.5,3.0299,105683089.0,23682523414.01,2026-08-12T20:00:01+00:00,yahoo_chart,2026-08-13T08:39:58
2026-08-12,美股,ORCL,Oracle Corporation,stock,152.80999755859375,154.89,147.89,153.28,145.48,5.3616,40033013.0,6136260232.64,2026-08-12T20:04:58+00:00,yahoo_chart,2026-08-13T08:39:58
2026-08-12,美股,PLTR,Palantir Technologies Inc.,stock,174.14999389648438,175.09,168.34,171.04,174.94,-2.2293,34947073.0,5977347365.92,2026-08-12T20:00:01+00:00,yahoo_chart,2026-08-13T08:39:58
2026-08-12,美股,QQQ,Invesco QQQ Trust,benchmark,726.969970703125,727.25,722.92,723.7,718.45,0.7307,27704395.0,20049670661.5,2026-08-12T20:00:00+00:00,yahoo_chart,2026-08-13T08:39:58
2026-08-12,美股,SMH,VanEck Semiconductor ETF,benchmark,590.5289916992188,590.57,583.79,584.83,572.93,2.077,6781647.0,3966110615.01,2026-08-12T20:00:00+00:00,yahoo_chart,2026-08-13T08:39:58
2026-08-12,美股,SOXX,iShares Semiconductor ETF,benchmark,553.760009765625,554.02,546.47,546.61,534.2,2.3231,6900271.0,3771757131.31,2026-08-12T20:00:00+00:00,yahoo_chart,2026-08-13T08:39:58
2026-08-12,美股,SPY,State Street SPDR S&P 500 ETF Trust,benchmark,774.7100219726562,774.87,771.29,772.49,770.56,0.2505,27220388.0,21027477526.12,2026-08-12T20:00:00+00:00,yahoo_chart,2026-08-13T08:39:58
2026-08-12,美股,TSLA,"Tesla, Inc.",stock,335.0,335.5,323.64,327.51,332.81,-1.5925,27695899.0,9070683881.49,2026-08-12T20:00:00+00:00,yahoo_chart,2026-08-13T08:39:58
2026-08-12,美股,TSM,Taiwan Semiconductor Manufacturing Company Limited,stock,432.6499938964844,433.28,427.02,429.15,422.06,1.6799,8375025.0,3594141978.75,2026-08-12T20:00:02+00:00,yahoo_chart,2026-08-13T08:39:58
2026-08-12,美股,XLK,Technology Select Sector SPDR,benchmark,189.47000122070312,189.59,188.34,188.86,186.09,1.4885,5719069.0,1080103371.34,2026-08-12T20:00:00+00:00,yahoo_chart,2026-08-13T08:39:58
2026-08-12,美股,^VIX,CBOE Volatility Index,benchmark,15.279999732971191,15.42,14.39,14.55,15.28,-4.7775,0.0,0.0,2026-08-12T20:15:01+00:00,yahoo_chart,2026-08-13T08:39:58
2026-08-13,A股,000300,沪深300,index,4716.9748,4727.2344,4661.8816,4663.9513,4690.9165,-0.5748,215499615.0,690715960897.0,2026-08-13 15:35:41,sina,2026-08-13T21:24:46
2026-08-13,A股,000333,美的集团,stock,84.19,84.57,83.8,84.19,84.34,-0.1779,19974952.0,1681491988.12,2026-08-13 15:35:30,sina,2026-08-13T21:24:46
2026-08-13,A股,000688,科创50,index,1763.4555,1782.7817,1715.335,1717.7477,1736.9912,-1.1079,10577525.0,125676864680.0,2026-08-13 15:35:41,sina,2026-08-13T21:24:46
2026-08-13,A股,000905,中证500,index,8096.8517,8142.3265,7966.8665,7968.3809,8045.3099,-0.9562,223203298.0,497028095331.0,2026-08-13 15:35:41,sina,2026-08-13T21:24:46
2026-08-13,A股,000977,浪潮信息,stock,77.01,82.52,77.01,79.46,75.02,5.9184,150565805.0,11947134568.98,2026-08-13 15:35:15,sina,2026-08-13T21:24:46
2026-08-13,A股,002371,北方华创,stock,768.37,773.4,738.0,738.6,760.0,-2.8158,8214196.0,6226337477.72,2026-08-13 15:35:15,sina,2026-08-13T21:24:46
2026-08-13,A股,002463,沪电股份,stock,124.9,128.99,120.29,120.66,123.01,-1.9104,55465740.0,6926319371.97,2026-08-13 15:35:45,sina,2026-08-13T21:24:46
2026-08-13,A股,002594,比亚迪,stock,90.37,90.7,89.7,89.71,90.41,-0.7743,22665355.0,2039695173.43,2026-08-13 15:35:00,sina,2026-08-13T21:24:46
2026-08-13,A股,159915,创业板,ETF,3.666,3.7,3.603,3.604,3.621,-0.4695,1586800928.0,5821154570.372,2026-08-13 15:35:30,sina,2026-08-13T21:24:46
2026-08-13,A股,300059,东方财富,stock,19.83,20.2,19.76,19.78,19.83,-0.2521,278178242.0,5560656508.89,2026-08-13 15:35:45,sina,2026-08-13T21:24:46
2026-08-13,A股,300274,阳光电源,stock,116.6,122.08,116.2,118.13,117.53,0.5105,69669856.0,8340987911.4,2026-08-13 15:35:15,sina,2026-08-13T21:24:46
2026-08-13,A股,300308,中际旭创,stock,960.0,966.06,920.66,921.04,921.0,0.0043,29337122.0,27745041530.49,2026-08-13 15:35:00,sina,2026-08-13T21:24:46
2026-08-13,A股,300502,新易盛,stock,444.4,452.88,428.27,429.9,428.2,0.397,43971553.0,19447498380.11,2026-08-13 15:35:30,sina,2026-08-13T21:24:46
2026-08-13,A股,300750,宁德时代,stock,393.04,399.39,391.04,396.3,393.93,0.6016,24429304.0,9665143597.03,2026-08-13 15:35:30,sina,2026-08-13T21:24:46
2026-08-13,A股,399006,创业板指,index,3656.876,3681.799,3585.272,3586.043,3602.083,-0.4453,22085067455.0,661486621760.09,2026-08-13 15:00:03,sina,2026-08-13T21:24:46
2026-08-13,A股,510300,沪深300ETF华泰柏瑞,ETF,4.77,4.786,4.725,4.729,4.748,-0.4002,915582741.0,4364799044.0,2026-08-13 15:34:59,sina,2026-08-13T21:24:46
2026-08-13,A股,512760,芯片ETF国泰,ETF,1.175,1.19,1.14,1.14,1.159,-1.6393,557469720.0,654944482.0,2026-08-13 15:34:59,sina,2026-08-13T21:24:46
2026-08-13,A股,512880,证券ETF国泰,ETF,1.098,1.113,1.097,1.101,1.097,0.3646,2282006736.0,2523425808.0,2026-08-13 15:34:59,sina,2026-08-13T21:24:46
2026-08-13,A股,588000,科创50ETF华夏,ETF,1.856,1.881,1.809,1.812,1.833,-1.1457,4028722435.0,7483452007.0,2026-08-13 15:34:59,sina,2026-08-13T21:24:46
2026-08-13,A股,600030,中信证券,stock,27.7,28.09,27.67,27.84,27.7,0.5054,109019160.0,3043260777.0,2026-08-13 15:34:59,sina,2026-08-13T21:24:46
2026-08-13,A股,600036,招商银行,stock,38.59,38.81,38.5,38.77,38.7,0.1809,50198478.0,1940835858.0,2026-08-13 15:34:59,sina,2026-08-13T21:24:46
2026-08-13,A股,600519,贵州茅台,stock,1338.0,1359.6,1337.0,1355.29,1343.0,0.9151,3235348.0,4376205567.0,2026-08-13 15:34:59,sina,2026-08-13T21:24:46
2026-08-13,A股,600941,中国移动,stock,96.19,96.44,95.82,96.11,96.22,-0.1143,5661481.0,544440104.0,2026-08-13 15:34:59,sina,2026-08-13T21:24:46
2026-08-13,A股,601138,工业富联,stock,67.99,68.08,65.2,65.23,65.6,-0.564,146889710.0,9785252845.0,2026-08-13 15:34:59,sina,2026-08-13T21:24:46
2026-08-13,A股,601318,中国平安,stock,52.49,52.98,52.31,52.8,52.6,0.3802,52400643.0,2760533680.0,2026-08-13 15:34:59,sina,2026-08-13T21:24:46
2026-08-13,A股,601899,紫金矿业,stock,33.58,33.84,32.11,32.21,33.58,-4.0798,330907033.0,10856874191.0,2026-08-13 15:34:59,sina,2026-08-13T21:24:46
2026-08-13,A股,603019,中科曙光,stock,87.29,92.47,87.28,89.63,86.42,3.7144,83568145.0,7492434067.0,2026-08-13 15:34:59,sina,2026-08-13T21:24:46
2026-08-13,A股,603501,豪威集团,stock,91.9,92.51,90.0,90.02,91.52,-1.639,19888687.0,1815219056.0,2026-08-13 15:34:59,sina,2026-08-13T21:24:46
2026-08-13,A股,688041,海光信息,stock,293.3,296.99,285.36,286.0,287.66,-0.5771,18610727.0,5445365942.0,2026-08-13 15:34:59,sina,2026-08-13T21:24:46
2026-08-13,A股,688256,寒武纪,stock,1130.0,1170.0,1100.55,1105.5,1105.38,0.0109,12991822.0,14834774792.0,2026-08-13 15:34:59,sina,2026-08-13T21:24:46
2026-08-13,A股,688981,中芯国际,stock,129.0,134.5,129.0,129.44,127.96,1.1566,66629356.0,8790071770.0,2026-08-13 15:34:59,sina,2026-08-13T21:24:46
2026-08-13,美股,AAPL,Apple Inc.,stock,304.25799560546875,306.0,302.05,305.26,302.25,0.9959,38492546.0,11750234591.96,2026-08-13T20:00:01+00:00,yahoo_chart,2026-08-14T08:24:05
2026-08-13,美股,AMAT,"Applied Materials, Inc.",stock,548.6799926757812,563.755,531.79,534.54,548.15,-2.4829,11769573.0,6291307551.42,2026-08-13T20:00:01+00:00,yahoo_chart,2026-08-14T08:24:05
2026-08-13,美股,AMD,"Advanced Micro Devices, Inc.",stock,483.05499267578125,497.98,481.0,483.01,482.93,0.0166,18194677.0,8788210937.77,2026-08-13T20:00:01+00:00,yahoo_chart,2026-08-14T08:24:05
2026-08-13,美股,AMZN,"Amazon.com, Inc.",stock,267.2349853515625,269.58,264.705,265.13,267.28,-0.8044,30364977.0,8050666352.01,2026-08-13T20:00:01+00:00,yahoo_chart,2026-08-14T08:24:05
2026-08-13,美股,ASML,ASML Holding N.V.,stock,1818.2099609375,1873.685,1813.3,1847.9,1810.07,2.09,1234668.0,2281542997.2,2026-08-13T20:00:01+00:00,yahoo_chart,2026-08-14T08:24:05
2026-08-13,美股,AVGO,Broadcom Inc.,stock,415.80499267578125,424.92,411.41,417.82,416.05,0.4254,13133946.0,5487625317.72,2026-08-13T20:00:01+00:00,yahoo_chart,2026-08-14T08:24:05
2026-08-13,美股,CRM,"Salesforce, Inc.",stock,196.8350067138672,202.99,191.39,201.37,193.32,4.1641,14920647.0,3004570686.39,2026-08-13T20:00:02+00:00,yahoo_chart,2026-08-14T08:24:05
2026-08-13,美股,GOOGL,Alphabet Inc.,stock,345.6199951171875,347.93,343.76,346.36,343.54,0.8209,17607761.0,6098624099.96,2026-08-13T20:00:01+00:00,yahoo_chart,2026-08-14T08:24:05
2026-08-13,美股,INTC,Intel Corporation,stock,101.48999786376953,107.57,100.33,104.56,100.95,3.576,111979671.0,11708594399.76,2026-08-13T20:00:01+00:00,yahoo_chart,2026-08-14T08:24:05
2026-08-13,美股,KLAC,KLA Corporation,stock,208.52999877929688,214.8,207.0,209.37,208.25,0.5378,8488883.0,1777317433.71,2026-08-13T20:00:01+00:00,yahoo_chart,2026-08-14T08:24:05
2026-08-13,美股,LRCX,Lam Research Corporation,stock,327.6199951171875,345.12,324.01,337.01,326.11,3.3424,8885690.0,2994566386.9,2026-08-13T20:00:01+00:00,yahoo_chart,2026-08-14T08:24:05
2026-08-13,美股,META,"Meta Platforms, Inc.",stock,580.375,595.85,579.43,594.97,578.85,2.7848,10913215.0,6493035528.55,2026-08-13T20:00:01+00:00,yahoo_chart,2026-08-14T08:24:05
2026-08-13,美股,MSFT,Microsoft Corporation,stock,493.2650146484375,501.34,493.01,496.88,492.43,0.9037,22600346.0,11229659920.48,2026-08-13T20:00:01+00:00,yahoo_chart,2026-08-14T08:24:05
2026-08-13,美股,MU,"Micron Technology, Inc.",stock,912.89501953125,978.0,906.5,949.83,911.29,4.2292,36294784.0,34473874686.72,2026-08-13T20:00:01+00:00,yahoo_chart,2026-08-14T08:24:05
2026-08-13,美股,NVDA,NVIDIA Corporation,stock,225.05499267578125,227.23,223.71,225.3,224.09,0.54,93629467.0,21094718915.1,2026-08-13T20:00:00+00:00,yahoo_chart,2026-08-14T08:24:05
2026-08-13,美股,ORCL,Oracle Corporation,stock,151.97999572753906,159.25,151.91,156.22,153.28,1.9181,25605588.0,4000104957.36,2026-08-13T20:04:41+00:00,yahoo_chart,2026-08-14T08:24:05
2026-08-13,美股,PLTR,Palantir Technologies Inc.,stock,173.67999267578125,179.91,172.33,179.01,171.04,4.6597,36295380.0,6497235973.8,2026-08-13T20:00:00+00:00,yahoo_chart,2026-08-14T08:24:05
2026-08-13,美股,QQQ,Invesco QQQ Trust,benchmark,725.125,733.96,724.04,732.07,723.7,1.1566,29782876.0,21803150033.32,2026-08-13T20:00:00+00:00,yahoo_chart,2026-08-14T08:24:05
2026-08-13,美股,SMH,VanEck Semiconductor ETF,benchmark,586.2960205078125,597.95,585.01,589.12,584.83,0.7335,6734303.0,3967312583.36,2026-08-13T20:00:00+00:00,yahoo_chart,2026-08-14T08:24:05
2026-08-13,美股,SOXX,iShares Semiconductor ETF,benchmark,547.1500244140625,562.25,546.4,550.74,546.61,0.7556,5850612.0,3222166052.88,2026-08-13T20:00:00+00:00,yahoo_chart,2026-08-14T08:24:05
2026-08-13,美股,SPY,State Street SPDR S&P 500 ETF Trust,benchmark,774.8699951171875,779.37,774.111,777.88,772.49,0.6977,30258928.0,23537814912.64,2026-08-13T20:00:00+00:00,yahoo_chart,2026-08-14T08:24:05
2026-08-13,美股,TSLA,"Tesla, Inc.",stock,327.3299865722656,341.64,325.24,339.96,327.51,3.8014,33336616.0,11333115975.36,2026-08-13T20:00:00+00:00,yahoo_chart,2026-08-14T08:24:05
2026-08-13,美股,TSM,Taiwan Semiconductor Manufacturing Company Limited,stock,429.1499938964844,436.04,428.392,430.49,429.15,0.3122,8152737.0,3509671751.13,2026-08-13T20:00:02+00:00,yahoo_chart,2026-08-14T08:24:05
2026-08-13,美股,XLK,State Street Technology Select Sector SPDR ETF,benchmark,189.1300048828125,191.74,188.86,190.77,188.86,1.0113,4804894.0,916629628.38,2026-08-13T20:00:00+00:00,yahoo_chart,2026-08-14T08:24:05
2026-08-13,美股,^VIX,CBOE Volatility Index,benchmark,14.680000305175781,14.8,14.39,14.63,14.55,0.5498,0.0,0.0,2026-08-13T20:15:01+00:00,yahoo_chart,2026-08-14T08:24:05
2026-08-14,A股,000300,沪深300,index,4672.9752,4676.7124,4637.1282,4665.8812,4663.9513,0.0414,178430696.0,549769606284.0,2026-08-14 15:45:11,sina,2026-08-14T20:50:40
2026-08-14,A股,000333,美的集团,stock,83.77,84.3,83.0,83.03,84.19,-1.3778,22392363.0,1866196092.85,2026-08-14 15:45:30,sina,2026-08-14T20:50:40
2026-08-14,A股,000688,科创50,index,1738.8165,1741.3474,1690.6753,1717.6793,1717.7477,-0.004,8685139.0,98891045019.0,2026-08-14 15:45:11,sina,2026-08-14T20:50:40
2026-08-14,A股,000905,中证500,index,7989.6469,8005.1484,7897.2428,7990.3277,7968.3809,0.2754,183327915.0,408994310842.0,2026-08-14 15:45:11,sina,2026-08-14T20:50:40
2026-08-14,A股,000977,浪潮信息,stock,79.6,81.16,77.29,78.8,79.46,-0.8306,93790763.0,7392522865.82,2026-08-14 15:45:15,sina,2026-08-14T20:50:40
2026-08-14,A股,002371,北方华创,stock,743.84,746.6,728.0,738.66,738.6,0.0081,6721005.0,4951556900.53,2026-08-14 15:45:15,sina,2026-08-14T20:50:40
2026-08-14,A股,002463,沪电股份,stock,120.95,122.5,119.01,121.27,120.66,0.5056,35264921.0,4261214044.39,2026-08-14 15:44:45,sina,2026-08-14T20:50:40
2026-08-14,A股,002594,比亚迪,stock,89.3,89.68,88.69,88.9,89.71,-0.9029,20585614.0,1832060378.82,2026-08-14 15:45:00,sina,2026-08-14T20:50:40
2026-08-14,A股,159915,创业板,ETF,3.627,3.65,3.595,3.645,3.604,1.1376,1299592153.0,4713644283.486,2026-08-14 15:44:45,sina,2026-08-14T20:50:40
2026-08-14,A股,300059,东方财富,stock,19.73,19.81,19.45,19.47,19.78,-1.5672,246046617.0,4813591662.86,2026-08-14 15:45:00,sina,2026-08-14T20:50:40
2026-08-14,A股,300274,阳光电源,stock,118.47,120.77,116.33,116.72,118.13,-1.1936,42758447.0,5045534854.89,2026-08-14 15:45:30,sina,2026-08-14T20:50:40
2026-08-14,A股,300308,中际旭创,stock,930.0,948.77,916.0,943.0,921.04,2.3843,20014655.0,18690993447.72,2026-08-14 15:45:15,sina,2026-08-14T20:50:40
2026-08-14,A股,300502,新易盛,stock,435.51,449.97,426.5,448.08,429.9,4.2289,38818795.0,17151534560.02,2026-08-14 15:44:45,sina,2026-08-14T20:50:40
2026-08-14,A股,300750,宁德时代,stock,395.0,400.99,393.68,393.93,396.3,-0.598,15930154.0,6305785416.58,2026-08-14 15:44:45,sina,2026-08-14T20:50:40
2026-08-14,A股,399006,创业板指,index,3610.194,3633.034,3578.614,3626.296,3586.043,1.1225,19350780905.0,553388505251.73,2026-08-14 15:00:03,sina,2026-08-14T20:50:40
2026-08-14,A股,510300,沪深300ETF华泰柏瑞,ETF,4.737,4.742,4.701,4.726,4.729,-0.0634,685952984.0,3238306187.0,2026-08-14 15:34:56,sina,2026-08-14T20:50:40
2026-08-14,A股,512760,芯片ETF国泰,ETF,1.156,1.161,1.125,1.146,1.14,0.5263,352744000.0,403383619.0,2026-08-14 15:34:56,sina,2026-08-14T20:50:40
2026-08-14,A股,512880,证券ETF国泰,ETF,1.099,1.105,1.086,1.087,1.101,-1.2716,2252724144.0,2460773404.0,2026-08-14 15:34:56,sina,2026-08-14T20:50:40
2026-08-14,A股,588000,科创50ETF华夏,ETF,1.832,1.837,1.785,1.814,1.812,0.1104,3149919090.0,5699917679.0,2026-08-14 15:34:56,sina,2026-08-14T20:50:40
2026-08-14,A股,600030,中信证券,stock,27.82,27.93,27.28,27.31,27.84,-1.9037,128736806.0,3539867116.0,2026-08-14 15:34:56,sina,2026-08-14T20:50:40
2026-08-14,A股,600036,招商银行,stock,38.65,38.75,38.46,38.46,38.77,-0.7996,48680178.0,1877959603.0,2026-08-14 15:34:56,sina,2026-08-14T20:50:40
2026-08-14,A股,600519,贵州茅台,stock,1355.0,1359.0,1338.14,1341.99,1355.29,-0.9813,2985315.0,4024065608.0,2026-08-14 15:34:56,sina,2026-08-14T20:50:40
2026-08-14,A股,600941,中国移动,stock,95.69,98.13,95.48,97.71,96.11,1.6648,13792224.0,1341736132.0,2026-08-14 15:34:56,sina,2026-08-14T20:50:40
2026-08-14,A股,601138,工业富联,stock,65.6,66.48,64.8,66.19,65.23,1.4717,107150313.0,7034739811.0,2026-08-14 15:34:56,sina,2026-08-14T20:50:40
2026-08-14,A股,601318,中国平安,stock,52.67,52.77,51.75,51.75,52.8,-1.9886,64278752.0,3345853597.0,2026-08-14 15:34:56,sina,2026-08-14T20:50:40
2026-08-14,A股,601899,紫金矿业,stock,31.8,32.66,31.75,32.53,32.21,0.9935,194376501.0,6276856673.0,2026-08-14 15:34:56,sina,2026-08-14T20:50:40
2026-08-14,A股,603019,中科曙光,stock,89.65,90.76,88.08,89.36,89.63,-0.3012,50142174.0,4463757094.0,2026-08-14 15:34:56,sina,2026-08-14T20:50:40
2026-08-14,A股,603501,豪威集团,stock,90.45,91.12,89.73,91.08,90.02,1.1775,12497423.0,1131345925.0,2026-08-14 15:34:56,sina,2026-08-14T20:50:40
2026-08-14,A股,688041,海光信息,stock,289.97,289.97,276.6,280.99,286.0,-1.7517,19031623.0,5356930111.0,2026-08-14 15:34:56,sina,2026-08-14T20:50:40
2026-08-14,A股,688256,寒武纪,stock,1119.99,1123.3,1072.5,1093.0,1105.5,-1.1307,10131668.0,11077385737.0,2026-08-14 15:34:56,sina,2026-08-14T20:50:40
2026-08-14,A股,688981,中芯国际,stock,133.99,135.36,129.67,132.87,129.44,2.6499,77449709.0,10285931185.0,2026-08-14 15:34:56,sina,2026-08-14T20:50:40
2026-08-14,美股,AAPL,Apple Inc.,stock,306.02801513671875,307.49,304.3,305.93,305.26,0.2195,26072932.0,7976492086.76,2026-08-14T20:00:01+00:00,yahoo_chart,2026-08-17T08:25:17
2026-08-14,美股,AMAT,"Applied Materials, Inc.",stock,498.44000244140625,523.0,497.1,507.18,534.54,-5.1184,12513552.0,6346623303.36,2026-08-14T20:00:01+00:00,yahoo_chart,2026-08-17T08:25:17
2026-08-14,美股,AMD,"Advanced Micro Devices, Inc.",stock,487.6000061035156,514.67,483.2,514.39,483.01,6.4968,24928819.0,12823135205.41,2026-08-14T20:00:01+00:00,yahoo_chart,2026-08-17T08:25:17
2026-08-14,美股,AMZN,"Amazon.com, Inc.",stock,264.875,265.81,262.42,262.65,265.13,-0.9354,25946149.0,6814756034.85,2026-08-14T20:00:01+00:00,yahoo_chart,2026-08-17T08:25:17
2026-08-14,美股,ASML,ASML Holding N.V.,stock,1834.0999755859375,1853.315,1820.41,1844.08,1847.9,-0.2067,853157.0,1573289760.56,2026-08-14T20:00:01+00:00,yahoo_chart,2026-08-17T08:25:17
2026-08-14,美股,AVGO,Broadcom Inc.,stock,411.9599914550781,412.5,388.5,392.99,417.82,-5.9428,29203339.0,11476620193.61,2026-08-14T20:00:01+00:00,yahoo_chart,2026-08-17T08:25:17
2026-08-14,美股,CRM,"Salesforce, Inc.",stock,202.75,204.4,195.32,196.21,201.37,-2.5624,6445621.0,1264695296.41,2026-08-14T20:00:02+00:00,yahoo_chart,2026-08-17T08:25:17
2026-08-14,美股,GOOGL,Alphabet Inc.,stock,346.5400085449219,350.45,344.5,345.9,346.36,-0.1328,16891717.0,5842844910.3,2026-08-14T20:00:01+00:00,yahoo_chart,2026-08-17T08:25:17
2026-08-14,美股,INTC,Intel Corporation,stock,104.5,106.87,102.05,102.5,104.56,-1.9702,94307788.0,9666548270.0,2026-08-14T20:00:01+00:00,yahoo_chart,2026-08-17T08:25:17
2026-08-14,美股,KLAC,KLA Corporation,stock,206.6999969482422,208.87,200.86,203.72,209.37,-2.6986,7027440.0,1431630076.8,2026-08-14T20:00:01+00:00,yahoo_chart,2026-08-17T08:25:17
2026-08-14,美股,LRCX,Lam Research Corporation,stock,331.3900146484375,342.0,326.61,332.36,337.01,-1.3798,7260342.0,2413047267.12,2026-08-14T20:00:01+00:00,yahoo_chart,2026-08-17T08:25:17
2026-08-14,美股,META,"Meta Platforms, Inc.",stock,596.97998046875,601.86,589.29,589.85,594.97,-0.8605,8412405.0,4962057089.25,2026-08-14T20:00:01+00:00,yahoo_chart,2026-08-17T08:25:17
2026-08-14,美股,MSFT,Microsoft Corporation,stock,496.3550109863281,500.01,493.925,495.4,496.88,-0.2979,14356176.0,7112049590.4,2026-08-14T20:00:01+00:00,yahoo_chart,2026-08-17T08:25:17
2026-08-14,美股,MU,"Micron Technology, Inc.",stock,979.6400146484375,984.0,956.2,971.66,949.83,2.2983,27609119.0,26826676567.54,2026-08-14T20:00:01+00:00,yahoo_chart,2026-08-17T08:25:17
2026-08-14,美股,NVDA,NVIDIA Corporation,stock,226.8000030517578,227.49,224.5,225.16,225.3,-0.0621,75161211.0,16923298268.76,2026-08-14T20:00:00+00:00,yahoo_chart,2026-08-17T08:25:17
2026-08-14,美股,ORCL,Oracle Corporation,stock,155.83999633789062,156.39,148.8,150.52,156.22,-3.6487,19710868.0,2966879851.36,2026-08-14T20:04:44+00:00,yahoo_chart,2026-08-17T08:25:17
2026-08-14,美股,PLTR,Palantir Technologies Inc.,stock,179.52000427246094,180.18,173.8,174.04,179.01,-2.7764,23890555.0,4157912192.2,2026-08-14T20:00:00+00:00,yahoo_chart,2026-08-17T08:25:17
2026-08-14,美股,QQQ,Invesco QQQ Trust,benchmark,733.260009765625,734.39,728.32,731.07,732.07,-0.1366,22084161.0,16145067582.27,2026-08-14T20:00:00+00:00,yahoo_chart,2026-08-17T08:25:17
2026-08-14,美股,SMH,VanEck Semiconductor ETF,benchmark,587.9949951171875,590.28,581.87,587.82,589.12,-0.2207,5361837.0,3151795025.34,2026-08-14T20:00:00+00:00,yahoo_chart,2026-08-17T08:25:17
2026-08-14,美股,SOXX,iShares Semiconductor ETF,benchmark,549.094970703125,552.89,542.93,550.42,550.74,-0.0581,4180692.0,2301136490.64,2026-08-14T20:00:00+00:00,yahoo_chart,2026-08-17T08:25:17
2026-08-14,美股,SPY,State Street SPDR S&P 500 ETF Trust,benchmark,778.5399780273438,778.8,775.43,776.34,777.88,-0.198,25381140.0,19704394227.6,2026-08-14T20:00:00+00:00,yahoo_chart,2026-08-17T08:25:17
2026-08-14,美股,TSLA,"Tesla, Inc.",stock,342.3299865722656,351.26,335.331,342.27,339.96,0.6795,44776096.0,15325514377.92,2026-08-14T20:00:00+00:00,yahoo_chart,2026-08-17T08:25:17
2026-08-14,美股,TSM,Taiwan Semiconductor Manufacturing Company Limited,stock,429.20001220703125,429.27,424.1,426.35,430.49,-0.9617,6244577.0,2662375403.95,2026-08-14T20:00:03+00:00,yahoo_chart,2026-08-17T08:25:17
2026-08-14,美股,XLK,State Street Technology Select Sector SPDR ETF,benchmark,191.13999938964844,191.35,189.25,190.01,190.77,-0.3984,3540750.0,672777907.5,2026-08-14T20:00:00+00:00,yahoo_chart,2026-08-17T08:25:17
2026-08-14,美股,^VIX,CBOE Volatility Index,benchmark,14.640000343322754,14.72,14.18,14.25,14.63,-2.5974,0.0,0.0,2026-08-14T20:15:01+00:00,yahoo_chart,2026-08-17T08:25:17
2026-08-17,A股,000300,沪深300,index,4672.2756,4742.4043,4662.715,4741.0981,4665.8812,1.6121,190569286.0,657601745988.0,2026-08-17 15:35:43,sina,2026-08-17T21:12:03
2026-08-17,A股,000333,美的集团,stock,83.15,83.28,82.39,82.61,83.03,-0.5058,18845181.0,1559306864.2,2026-08-17 15:35:30,sina,2026-08-17T21:12:03
2026-08-17,A股,000688,科创50,index,1721.5456,1788.8502,1718.6051,1788.8502,1717.6793,4.1434,10847565.0,127195598002.0,2026-08-17 15:35:43,sina,2026-08-17T21:12:03
2026-08-17,A股,000905,中证500,index,8007.8703,8184.6407,7992.3579,8184.6407,7990.3277,2.4319,175730619.0,448608373144.0,2026-08-17 15:35:43,sina,2026-08-17T21:12:03
2026-08-17,A股,000977,浪潮信息,stock,78.82,80.68,77.61,80.68,78.8,2.3858,85043340.0,6747615133.45,2026-08-17 15:35:15,sina,2026-08-17T21:12:03
2026-08-17,A股,002371,北方华创,stock,738.5,766.32,732.23,765.97,738.66,3.6972,7845188.0,5923508077.27,2026-08-17 15:35:15,sina,2026-08-17T21:12:03
2026-08-17,A股,002463,沪电股份,stock,122.0,125.35,120.66,125.09,121.27,3.15,45461143.0,5608405185.47,2026-08-17 15:35:45,sina,2026-08-17T21:12:03
2026-08-17,A股,002594,比亚迪,stock,88.9,90.44,88.61,89.88,88.9,1.1024,24625494.0,2210303466.92,2026-08-17 15:35:00,sina,2026-08-17T21:12:03
2026-08-17,A股,159915,创业板,ETF,3.65,3.758,3.623,3.756,3.645,3.0453,1413046902.0,5222140741.938,2026-08-17 15:35:45,sina,2026-08-17T21:12:03
2026-08-17,A股,300059,东方财富,stock,19.42,19.6,19.27,19.58,19.47,0.565,170855258.0,3327430561.26,2026-08-17 15:35:00,sina,2026-08-17T21:12:03
2026-08-17,A股,300274,阳光电源,stock,117.11,118.98,115.3,118.8,116.72,1.782,40786820.0,4788155288.86,2026-08-17 15:35:30,sina,2026-08-17T21:12:03
2026-08-17,A股,300308,中际旭创,stock,949.0,1014.87,917.46,1001.03,943.0,6.1538,36325660.0,35274048365.04,2026-08-17 15:35:15,sina,2026-08-17T21:12:03
2026-08-17,A股,300502,新易盛,stock,448.0,472.0,427.6,466.68,448.08,4.151,58965311.0,26567747642.05,2026-08-17 15:35:45,sina,2026-08-17T21:12:03
2026-08-17,A股,300750,宁德时代,stock,393.93,400.5,390.5,399.98,393.93,1.5358,20399838.0,8092741364.28,2026-08-17 15:35:45,sina,2026-08-17T21:12:03
2026-08-17,A股,399006,创业板指,index,3632.777,3740.157,3604.166,3740.157,3626.296,3.1399,19427869202.0,629069342009.49,2026-08-17 15:00:03,sina,2026-08-17T21:12:03
2026-08-17,A股,510300,沪深300ETF华泰柏瑞,ETF,4.73,4.802,4.725,4.801,4.726,1.587,835656114.0,3985898570.0,2026-08-17 15:34:58,sina,2026-08-17T21:12:03
2026-08-17,A股,512760,芯片ETF国泰,ETF,1.146,1.205,1.14,1.205,1.146,5.1483,570770276.0,674116663.0,2026-08-17 15:34:58,sina,2026-08-17T21:12:03
2026-08-17,A股,512880,证券ETF国泰,ETF,1.085,1.094,1.081,1.093,1.087,0.552,1457882341.0,1586933639.0,2026-08-17 15:34:58,sina,2026-08-17T21:12:03
2026-08-17,A股,588000,科创50ETF华夏,ETF,1.812,1.888,1.811,1.888,1.814,4.0794,4226933706.0,7845391687.0,2026-08-17 15:34:58,sina,2026-08-17T21:12:03
2026-08-17,A股,600030,中信证券,stock,27.25,27.6,27.15,27.54,27.31,0.8422,97095985.0,2662208823.0,2026-08-17 15:34:58,sina,2026-08-17T21:12:03
2026-08-17,A股,600036,招商银行,stock,38.35,38.46,38.06,38.2,38.46,-0.676,65674416.0,2510463628.0,2026-08-17 15:34:58,sina,2026-08-17T21:12:03
2026-08-17,A股,600519,贵州茅台,stock,1295.0,1301.0,1280.34,1293.09,1341.99,-3.6438,7842956.0,10114852172.0,2026-08-17 15:34:58,sina,2026-08-17T21:12:03
2026-08-17,A股,600941,中国移动,stock,97.58,97.7,95.75,96.02,97.71,-1.7296,10080698.0,972328921.0,2026-08-17 15:34:58,sina,2026-08-17T21:12:03
2026-08-17,A股,601138,工业富联,stock,67.0,68.5,66.43,68.23,66.19,3.082,161554346.0,10932733891.0,2026-08-17 15:34:58,sina,2026-08-17T21:12:03
2026-08-17,A股,601318,中国平安,stock,51.75,51.99,51.51,51.8,51.75,0.0966,50214338.0,2599855024.0,2026-08-17 15:34:58,sina,2026-08-17T21:12:03
2026-08-17,A股,601899,紫金矿业,stock,33.33,33.65,33.01,33.36,32.53,2.5515,197196754.0,6558448790.0,2026-08-17 15:34:58,sina,2026-08-17T21:12:03
2026-08-17,A股,603019,中科曙光,stock,89.5,90.56,89.16,90.56,89.36,1.3429,43830987.0,3943630989.0,2026-08-17 15:34:58,sina,2026-08-17T21:12:03
2026-08-17,A股,603501,豪威集团,stock,91.2,92.17,90.74,92.14,91.08,1.1638,15155323.0,1388082943.0,2026-08-17 15:34:58,sina,2026-08-17T21:12:03
2026-08-17,A股,688041,海光信息,stock,281.0,288.8,279.33,288.8,280.99,2.7795,23356688.0,6638441771.0,2026-08-17 15:34:58,sina,2026-08-17T21:12:03
2026-08-17,A股,688256,寒武纪,stock,1096.0,1156.68,1085.7,1156.0,1093.0,5.764,13999152.0,15838555864.0,2026-08-17 15:34:58,sina,2026-08-17T21:12:03
2026-08-17,A股,688981,中芯国际,stock,132.0,137.42,130.8,136.76,132.87,2.9277,68011300.0,9164498726.0,2026-08-17 15:34:58,sina,2026-08-17T21:12:03
2026-08-17,美股,AAPL,Apple Inc.,stock,306.2099914550781,307.66,302.939,305.59,305.93,-0.1111,32743947.0,10006222763.73,2026-08-17T20:00:01+00:00,yahoo_chart,2026-08-18T07:55:18
2026-08-17,美股,AMAT,"Applied Materials, Inc.",stock,518.4949951171875,539.795,515.12,535.31,507.18,5.5464,8048476.0,4308429687.56,2026-08-17T20:00:01+00:00,yahoo_chart,2026-08-18T07:55:18
2026-08-17,美股,AMD,"Advanced Micro Devices, Inc.",stock,513.8049926757812,517.3,504.52,506.0,514.39,-1.6311,19971079.0,10105365974.0,2026-08-17T20:00:01+00:00,yahoo_chart,2026-08-18T07:55:18
2026-08-17,美股,AMZN,"Amazon.com, Inc.",stock,265.44000244140625,265.75,258.339,261.31,262.65,-0.5102,41504334.0,10845497517.54,2026-08-17T20:00:01+00:00,yahoo_chart,2026-08-18T07:55:18
2026-08-17,美股,ASML,ASML Holding N.V.,stock,1870.0,1896.31,1860.12,1883.12,1844.08,2.117,1215109.0,2288196060.08,2026-08-17T20:00:01+00:00,yahoo_chart,2026-08-18T07:55:18
2026-08-17,美股,AVGO,Broadcom Inc.,stock,397.0799865722656,399.36,391.33,392.43,392.99,-0.1425,19981730.0,7841430303.9,2026-08-17T20:00:01+00:00,yahoo_chart,2026-08-18T07:55:18
2026-08-17,美股,CRM,"Salesforce, Inc.",stock,193.8300018310547,194.94,189.91,190.97,196.21,-2.6706,14334295.0,2737420316.15,2026-08-17T20:00:03+00:00,yahoo_chart,2026-08-18T07:55:18
2026-08-17,美股,GOOGL,Alphabet Inc.,stock,346.260009765625,347.25,341.93,344.0,345.9,-0.5493,18214810.0,6265894640.0,2026-08-17T20:00:01+00:00,yahoo_chart,2026-08-18T07:55:18
2026-08-17,美股,INTC,Intel Corporation,stock,103.69999694824219,105.97,101.8,103.49,102.5,0.9659,86440747.0,8945752907.03,2026-08-17T20:00:01+00:00,yahoo_chart,2026-08-18T07:55:18
2026-08-17,美股,KLAC,KLA Corporation,stock,206.7100067138672,209.1,202.5,205.76,203.72,1.0014,7286765.0,1499324766.4,2026-08-17T20:00:01+00:00,yahoo_chart,2026-08-18T07:55:18
2026-08-17,美股,LRCX,Lam Research Corporation,stock,337.8699951171875,345.28,333.4,343.84,332.36,3.4541,7783261.0,2676196462.24,2026-08-17T20:00:01+00:00,yahoo_chart,2026-08-18T07:55:18
2026-08-17,美股,META,"Meta Platforms, Inc.",stock,589.75,590.24,564.75,568.97,589.85,-3.5399,17080805.0,9718465620.85,2026-08-17T20:00:01+00:00,yahoo_chart,2026-08-18T07:55:18
2026-08-17,美股,MSFT,Microsoft Corporation,stock,490.2174987792969,492.66,478.41,480.35,495.4,-3.0379,28250867.0,13570303963.45,2026-08-17T20:00:01+00:00,yahoo_chart,2026-08-18T07:55:18
2026-08-17,美股,MU,"Micron Technology, Inc.",stock,998.6699829101562,1036.13,995.26,1011.75,971.66,4.1259,33067341.0,33455882256.75,2026-08-17T20:00:01+00:00,yahoo_chart,2026-08-18T07:55:18
2026-08-17,美股,NVDA,NVIDIA Corporation,stock,226.02000427246094,227.92,224.86,225.01,225.16,-0.0666,81442206.0,18325310772.06,2026-08-17T20:00:00+00:00,yahoo_chart,2026-08-18T07:55:18
2026-08-17,美股,ORCL,Oracle Corporation,stock,148.4499969482422,150.4,145.5,146.65,150.52,-2.5711,20578382.0,3017819720.3,2026-08-17T20:05:01+00:00,yahoo_chart,2026-08-18T07:55:18
2026-08-17,美股,PLTR,Palantir Technologies Inc.,stock,174.197998046875,176.27,172.301,172.55,174.04,-0.8561,24117006.0,4161389385.3,2026-08-17T20:00:00+00:00,yahoo_chart,2026-08-18T07:55:18
2026-08-17,美股,QQQ,Invesco QQQ Trust,benchmark,732.9600219726562,734.58,729.27,729.87,731.07,-0.1641,26102182.0,19051199576.34,2026-08-17T20:00:01+00:00,yahoo_chart,2026-08-18T07:55:18
2026-08-17,美股,SMH,VanEck Semiconductor ETF,benchmark,593.5999755859375,600.37,591.5,594.07,587.82,1.0633,7582654.0,4504627261.78,2026-08-17T20:00:00+00:00,yahoo_chart,2026-08-18T07:55:18
2026-08-17,美股,SOXX,iShares Semiconductor ETF,benchmark,557.5999755859375,566.01,555.84,559.12,550.42,1.5806,5274068.0,2948836900.16,2026-08-17T20:00:01+00:00,yahoo_chart,2026-08-18T07:55:18
2026-08-17,美股,SPY,State Street SPDR S&P 500 ETF Trust,benchmark,776.1799926757812,776.775,772.51,772.67,776.34,-0.4727,33285717.0,25718874954.39,2026-08-17T20:00:00+00:00,yahoo_chart,2026-08-18T07:55:18
2026-08-17,美股,TSLA,"Tesla, Inc.",stock,340.69000244140625,345.45,337.49,339.3,342.27,-0.8677,25419203.0,8624735577.9,2026-08-17T20:00:01+00:00,yahoo_chart,2026-08-18T07:55:18
2026-08-17,美股,TSM,Taiwan Semiconductor Manufacturing Company Limited,stock,429.9700012207031,435.71,426.8,430.97,426.35,1.0836,7248242.0,3123774854.74,2026-08-17T20:00:02+00:00,yahoo_chart,2026-08-18T07:55:18
2026-08-17,美股,XLK,State Street Technology Select Sector SPDR ETF,benchmark,190.7899932861328,191.75,190.105,190.32,190.01,0.1631,6092516.0,1159527645.12,2026-08-17T20:00:00+00:00,yahoo_chart,2026-08-18T07:55:18
2026-08-17,美股,^VIX,CBOE Volatility Index,benchmark,14.979999542236328,15.47,14.89,15.19,14.25,6.5965,0.0,0.0,2026-08-17T20:15:01+00:00,yahoo_chart,2026-08-18T07:55:18
2026-08-18,A股,000300,沪深300,index,4734.0733,4744.0054,4687.5259,4725.8134,4741.0981,-0.3224,204245514.0,619828730177.0,2026-08-18 15:35:44,sina,2026-08-18T21:03:18
2026-08-18,A股,000333,美的集团,stock,82.8,83.89,82.39,83.58,82.61,1.1742,22707020.0,1887839778.11,2026-08-18 15:35:30,sina,2026-08-18T21:03:18
2026-08-18,A股,000688,科创50,index,1786.3686,1798.7793,1753.9714,1790.8743,1788.8502,0.1132,11179921.0,122525786736.0,2026-08-18 15:35:44,sina,2026-08-18T21:03:18
2026-08-18,A股,000905,中证500,index,8178.8426,8211.307,8069.8215,8177.1762,8184.6407,-0.0912,181523209.0,458687600341.0,2026-08-18 15:35:44,sina,2026-08-18T21:03:18
2026-08-18,A股,000977,浪潮信息,stock,80.01,81.87,77.8,80.97,80.68,0.3594,89513758.0,7155845398.47,2026-08-18 15:35:15,sina,2026-08-18T21:03:18
2026-08-18,A股,002371,北方华创,stock,770.0,785.9,757.25,777.0,765.97,1.44,8166634.0,6312195098.18,2026-08-18 15:35:15,sina,2026-08-18T21:03:18
2026-08-18,A股,002463,沪电股份,stock,125.7,126.18,121.1,123.59,125.09,-1.1991,36606112.0,4525869373.43,2026-08-18 15:35:45,sina,2026-08-18T21:03:18
2026-08-18,A股,002594,比亚迪,stock,89.88,90.38,89.23,89.53,89.88,-0.3894,20636902.0,1852332012.4,2026-08-18 15:35:00,sina,2026-08-18T21:03:18
2026-08-18,A股,159915,创业板,ETF,3.748,3.767,3.683,3.723,3.756,-0.8786,1163437228.0,4329861450.468,2026-08-18 15:35:00,sina,2026-08-18T21:03:18
2026-08-18,A股,300059,东方财富,stock,19.48,19.5,19.18,19.23,19.58,-1.7875,212960143.0,4107819159.98,2026-08-18 15:35:15,sina,2026-08-18T21:03:18
2026-08-18,A股,300274,阳光电源,stock,118.0,121.39,116.54,118.04,118.8,-0.6397,44137690.0,5234086108.84,2026-08-18 15:35:45,sina,2026-08-18T21:03:18
2026-08-18,A股,300308,中际旭创,stock,1000.0,1009.0,971.81,988.1,1001.03,-1.2917,22073870.0,21830696237.54,2026-08-18 15:35:30,sina,2026-08-18T21:03:18
2026-08-18,A股,300502,新易盛,stock,465.01,467.67,446.46,452.21,466.68,-3.1006,38927396.0,17684710914.86,2026-08-18 15:35:00,sina,2026-08-18T21:03:18
2026-08-18,A股,300750,宁德时代,stock,399.0,400.75,394.5,396.26,399.98,-0.93,16933180.0,6731677179.85,2026-08-18 15:35:00,sina,2026-08-18T21:03:18
2026-08-18,A股,399006,创业板指,index,3730.987,3747.528,3662.448,3705.564,3740.157,-0.9249,19621381472.0,606082772459.48,2026-08-18 15:00:03,sina,2026-08-18T21:03:18
2026-08-18,A股,510300,沪深300ETF华泰柏瑞,ETF,4.794,4.803,4.751,4.787,4.801,-0.2916,657644405.0,3143413605.0,2026-08-18 15:34:59,sina,2026-08-18T21:03:18
2026-08-18,A股,512760,芯片ETF国泰,ETF,1.208,1.218,1.178,1.202,1.205,-0.249,420305600.0,503399907.0,2026-08-18 15:34:59,sina,2026-08-18T21:03:18
2026-08-18,A股,512880,证券ETF国泰,ETF,1.091,1.092,1.073,1.077,1.093,-1.4639,2065187500.0,2228529594.0,2026-08-18 15:34:59,sina,2026-08-18T21:03:18
2026-08-18,A股,588000,科创50ETF华夏,ETF,1.886,1.899,1.852,1.888,1.888,0.0,3229718892.0,6062875218.0,2026-08-18 15:34:59,sina,2026-08-18T21:03:18
2026-08-18,A股,600030,中信证券,stock,27.54,27.59,27.14,27.39,27.54,-0.5447,87189970.0,2382662449.0,2026-08-18 15:34:59,sina,2026-08-18T21:03:18
2026-08-18,A股,600036,招商银行,stock,38.15,38.36,38.03,38.29,38.2,0.2356,60136128.0,2297763209.0,2026-08-18 15:34:59,sina,2026-08-18T21:03:18
2026-08-18,A股,600519,贵州茅台,stock,1291.0,1302.9,1285.17,1297.99,1293.09,0.3789,3872283.0,5007014692.0,2026-08-18 15:34:59,sina,2026-08-18T21:03:18
2026-08-18,A股,600941,中国移动,stock,96.0,96.02,95.08,95.74,96.02,-0.2916,6074146.0,580633667.0,2026-08-18 15:34:59,sina,2026-08-18T21:03:18
2026-08-18,A股,601138,工业富联,stock,67.7,67.7,65.65,66.2,68.23,-2.9752,131581727.0,8747299765.0,2026-08-18 15:34:59,sina,2026-08-18T21:03:18
2026-08-18,A股,601318,中国平安,stock,51.8,51.84,51.17,51.32,51.8,-0.9266,57899967.0,2975702668.0,2026-08-18 15:34:59,sina,2026-08-18T21:03:18
2026-08-18,A股,601899,紫金矿业,stock,33.36,33.58,32.87,33.56,33.36,0.5995,184521427.0,6128479458.0,2026-08-18 15:34:59,sina,2026-08-18T21:03:18
2026-08-18,A股,603019,中科曙光,stock,90.03,90.3,88.26,89.87,90.56,-0.7619,41399878.0,3698602239.0,2026-08-18 15:34:59,sina,2026-08-18T21:03:18
2026-08-18,A股,603501,豪威集团,stock,91.66,92.15,90.02,90.54,92.14,-1.7365,18203604.0,1653275592.0,2026-08-18 15:34:59,sina,2026-08-18T21:03:18
2026-08-18,A股,688041,海光信息,stock,287.94,288.0,273.0,280.08,288.8,-3.0194,26922046.0,7522663428.0,2026-08-18 15:34:59,sina,2026-08-18T21:03:18
2026-08-18,A股,688256,寒武纪,stock,1150.0,1170.0,1134.12,1162.5,1156.0,0.5623,10883232.0,12569910354.0,2026-08-18 15:34:59,sina,2026-08-18T21:03:18
2026-08-18,A股,688981,中芯国际,stock,136.0,137.48,132.47,134.98,136.76,-1.3016,57424091.0,7748492525.0,2026-08-18 15:34:59,sina,2026-08-18T21:03:18
2026-08-18,美股,AAPL,Apple Inc.,stock,307.5299987792969,311.49,305.74,310.03,305.59,1.4529,46601840.0,14447968455.2,2026-08-18T20:00:02+00:00,yahoo_chart,2026-08-19T07:55:10
2026-08-18,美股,AMAT,"Applied Materials, Inc.",stock,507.3699951171875,516.8,497.73,514.33,535.31,-3.9192,8548513.0,4396756691.29,2026-08-18T20:00:01+00:00,yahoo_chart,2026-08-19T07:55:10
2026-08-18,美股,AMD,"Advanced Micro Devices, Inc.",stock,487.55999755859375,491.81,475.0,484.39,506.0,-4.2708,23516128.0,11390977241.92,2026-08-18T20:00:01+00:00,yahoo_chart,2026-08-19T07:55:10
2026-08-18,美股,AMZN,"Amazon.com, Inc.",stock,260.6300048828125,262.18,257.73,259.45,261.31,-0.7118,31484780.0,8168726171.0,2026-08-18T20:00:01+00:00,yahoo_chart,2026-08-19T07:55:10
2026-08-18,美股,ASML,ASML Holding N.V.,stock,1812.0,1820.41,1775.7,1802.98,1883.12,-4.2557,1463646.0,2638924465.08,2026-08-18T20:00:01+00:00,yahoo_chart,2026-08-19T07:55:10
2026-08-18,美股,AVGO,Broadcom Inc.,stock,384.31500244140625,385.782,377.01,380.0,392.43,-3.1674,22808949.0,8667400620.0,2026-08-18T20:00:00+00:00,yahoo_chart,2026-08-19T07:55:10
2026-08-18,美股,CRM,"Salesforce, Inc.",stock,194.08999633789062,199.41,193.23,196.14,190.97,2.7072,13719014.0,2690847405.96,2026-08-18T20:00:02+00:00,yahoo_chart,2026-08-19T07:55:10
2026-08-18,美股,GOOGL,Alphabet Inc.,stock,342.45001220703125,344.87,340.19,344.2,344.0,0.0581,19171000.0,6598658200.0,2026-08-18T20:00:01+00:00,yahoo_chart,2026-08-19T07:55:10
2026-08-18,美股,INTC,Intel Corporation,stock,99.14199829101562,99.31,95.25,96.685,103.49,-6.5755,121164464.0,11714786201.84,2026-08-18T20:00:01+00:00,yahoo_chart,2026-08-19T07:55:10
2026-08-18,美股,KLAC,KLA Corporation,stock,195.24000549316406,199.52,191.78,194.79,205.76,-5.3315,11922697.0,2322422148.63,2026-08-18T20:00:01+00:00,yahoo_chart,2026-08-19T07:55:10
2026-08-18,美股,LRCX,Lam Research Corporation,stock,324.30999755859375,329.073,317.411,327.92,343.84,-4.6301,10196112.0,3343509047.04,2026-08-18T20:00:01+00:00,yahoo_chart,2026-08-19T07:55:10
2026-08-18,美股,META,"Meta Platforms, Inc.",stock,557.3099975585938,560.66,543.21,543.67,568.97,-4.4466,26550374.0,14434641832.58,2026-08-18T20:00:00+00:00,yahoo_chart,2026-08-19T07:55:10
2026-08-18,美股,MSFT,Microsoft Corporation,stock,481.5400085449219,484.27,477.151,481.63,480.35,0.2665,23714829.0,11421773091.27,2026-08-18T20:00:01+00:00,yahoo_chart,2026-08-19T07:55:10
2026-08-18,美股,MU,"Micron Technology, Inc.",stock,957.4000244140625,978.67,926.64,940.76,1011.75,-7.0166,36640946.0,34470336358.96,2026-08-18T20:00:01+00:00,yahoo_chart,2026-08-19T07:55:10
2026-08-18,美股,NVDA,NVIDIA Corporation,stock,220.4499969482422,221.64,218.69,219.74,225.01,-2.3421,102376166.0,22496138716.84,2026-08-18T20:00:00+00:00,yahoo_chart,2026-08-19T07:55:10
2026-08-18,美股,ORCL,Oracle Corporation,stock,143.25,146.0,142.35,142.79,146.65,-2.6321,17107649.0,2442801200.71,2026-08-18T20:04:28+00:00,yahoo_chart,2026-08-19T07:55:10
2026-08-18,美股,PLTR,Palantir Technologies Inc.,stock,171.92599487304688,174.98,170.63,171.54,172.55,-0.5853,27979382.0,4799583188.28,2026-08-18T20:00:00+00:00,yahoo_chart,2026-08-19T07:55:10
2026-08-18,美股,QQQ,Invesco QQQ Trust,benchmark,720.219970703125,722.13,715.92,717.51,729.87,-1.6935,48164969.0,34558846907.19,2026-08-18T20:00:00+00:00,yahoo_chart,2026-08-19T07:55:10
2026-08-18,美股,SMH,VanEck Semiconductor ETF,benchmark,574.35498046875,577.76,562.64,569.77,594.07,-4.0904,11137496.0,6345811095.92,2026-08-18T20:00:01+00:00,yahoo_chart,2026-08-19T07:55:10
2026-08-18,美股,SOXX,iShares Semiconductor ETF,benchmark,537.4199829101562,541.68,523.03,531.39,559.12,-4.9596,9674799.0,5141091440.61,2026-08-18T20:00:00+00:00,yahoo_chart,2026-08-19T07:55:10
2026-08-18,美股,SPY,State Street SPDR S&P 500 ETF Trust,benchmark,768.7000122070312,769.5,766.92,767.45,772.67,-0.6756,43244035.0,33187634660.75,2026-08-18T20:00:00+00:00,yahoo_chart,2026-08-19T07:55:10
2026-08-18,美股,TSLA,"Tesla, Inc.",stock,333.1820068359375,340.53,331.12,336.87,339.3,-0.7162,27113653.0,9133776286.11,2026-08-18T20:00:00+00:00,yahoo_chart,2026-08-19T07:55:10
2026-08-18,美股,TSM,Taiwan Semiconductor Manufacturing Company Limited,stock,417.0,419.63,410.77,413.41,430.97,-4.0745,13979893.0,5779427565.13,2026-08-18T20:00:02+00:00,yahoo_chart,2026-08-19T07:55:10
2026-08-18,美股,XLK,State Street Technology Select Sector SPDR ETF,benchmark,186.2899932861328,187.495,184.33,185.62,190.32,-2.4695,8429201.0,1564628289.62,2026-08-18T20:00:00+00:00,yahoo_chart,2026-08-19T07:55:10
2026-08-18,美股,^VIX,CBOE Volatility Index,benchmark,15.8100004196167,16.09,15.6,15.84,15.19,4.2791,0.0,0.0,2026-08-18T20:15:01+00:00,yahoo_chart,2026-08-19T07:55:10
2026-08-19,A股,000300,沪深300,index,4660.055,4674.3751,4568.0659,4588.6955,4725.8134,-2.9015,244070090.0,705253505411.0,2026-08-19 15:35:44,sina,2026-08-19T21:10:12
2026-08-19,A股,000333,美的集团,stock,83.51,84.78,83.38,84.72,83.58,1.364,33406706.0,2816516540.79,2026-08-19 15:35:30,sina,2026-08-19T21:10:12
2026-08-19,A股,000688,科创50,index,1738.9127,1748.5228,1653.6677,1667.5155,1790.8743,-6.8882,12227985.0,132458968168.0,2026-08-19 15:35:44,sina,2026-08-19T21:10:12
2026-08-19,A股,000905,中证500,index,8029.5224,8050.079,7762.2919,7783.4558,8177.1762,-4.8149,190963318.0,478344926685.0,2026-08-19 15:35:44,sina,2026-08-19T21:10:12
2026-08-19,A股,000977,浪潮信息,stock,78.5,78.5,72.87,72.87,80.97,-10.0037,99013798.0,7440024832.49,2026-08-19 15:35:15,sina,2026-08-19T21:10:12
2026-08-19,A股,002371,北方华创,stock,753.88,757.0,708.11,712.95,777.0,-8.2432,10891933.0,7961986718.61,2026-08-19 15:35:15,sina,2026-08-19T21:10:12
2026-08-19,A股,002463,沪电股份,stock,118.07,120.33,112.5,113.41,123.59,-8.2369,52233447.0,6083778821.41,2026-08-19 15:35:45,sina,2026-08-19T21:10:12
2026-08-19,A股,002594,比亚迪,stock,89.53,89.53,88.44,88.66,89.53,-0.9717,21960557.0,1951515196.66,2026-08-19 15:35:00,sina,2026-08-19T21:10:12
2026-08-19,A股,159915,创业板,ETF,3.655,3.655,3.473,3.498,3.723,-6.0435,2981886350.0,10610522522.554,2026-08-19 15:35:15,sina,2026-08-19T21:10:12
2026-08-19,A股,300059,东方财富,stock,19.17,19.34,18.72,18.73,19.23,-2.6001,230475759.0,4361765121.03,2026-08-19 15:35:30,sina,2026-08-19T21:10:12
2026-08-19,A股,300274,阳光电源,stock,116.15,116.64,111.23,111.49,118.04,-5.549,52541944.0,5946735286.67,2026-08-19 15:35:00,sina,2026-08-19T21:10:12
2026-08-19,A股,300308,中际旭创,stock,943.88,953.08,886.0,895.6,988.1,-9.3614,35801170.0,32882411980.47,2026-08-19 15:35:45,sina,2026-08-19T21:10:12
2026-08-19,A股,300502,新易盛,stock,432.0,439.8,407.02,411.5,452.21,-9.0025,54001574.0,22898868703.12,2026-08-19 15:35:15,sina,2026-08-19T21:10:12
2026-08-19,A股,300750,宁德时代,stock,394.0,396.99,388.33,389.0,396.26,-1.8321,21157158.0,8275393965.65,2026-08-19 15:35:15,sina,2026-08-19T21:10:12
2026-08-19,A股,399006,创业板指,index,3605.518,3622.503,3455.478,3473.493,3705.564,-6.2628,20550914125.0,633622296415.43,2026-08-19 15:00:03,sina,2026-08-19T21:10:12
2026-08-19,A股,510300,沪深300ETF华泰柏瑞,ETF,4.748,4.749,4.627,4.654,4.787,-2.7784,1532722915.0,7147497737.0,2026-08-19 15:34:58,sina,2026-08-19T21:10:12
2026-08-19,A股,512760,芯片ETF国泰,ETF,1.17,1.172,1.098,1.109,1.202,-7.7371,575317436.0,651703786.0,2026-08-19 15:34:58,sina,2026-08-19T21:10:12
2026-08-19,A股,512880,证券ETF国泰,ETF,1.074,1.081,1.06,1.062,1.077,-1.3928,1881389741.0,2009590618.0,2026-08-19 15:34:58,sina,2026-08-19T21:10:12
2026-08-19,A股,588000,科创50ETF华夏,ETF,1.845,1.846,1.746,1.761,1.888,-6.7267,6077857362.0,10889020913.0,2026-08-19 15:34:58,sina,2026-08-19T21:10:12
2026-08-19,A股,600030,中信证券,stock,27.29,27.47,27.0,27.15,27.39,-0.8762,98755604.0,2682463646.0,2026-08-19 15:34:58,sina,2026-08-19T21:10:12
2026-08-19,A股,600036,招商银行,stock,38.55,39.15,38.4,39.15,38.29,2.246,124893872.0,4850665980.0,2026-08-19 15:34:58,sina,2026-08-19T21:10:12
2026-08-19,A股,600519,贵州茅台,stock,1300.0,1308.88,1290.5,1307.88,1297.99,0.7619,3754751.0,4876774762.0,2026-08-19 15:34:58,sina,2026-08-19T21:10:12
2026-08-19,A股,600941,中国移动,stock,95.84,97.3,95.34,97.17,95.74,1.4936,12278341.0,1186183367.0,2026-08-19 15:34:58,sina,2026-08-19T21:10:12
2026-08-19,A股,601138,工业富联,stock,64.1,64.38,61.3,61.83,66.2,-6.6012,138926963.0,8731974574.0,2026-08-19 15:34:58,sina,2026-08-19T21:10:12
2026-08-19,A股,601318,中国平安,stock,51.66,52.08,51.28,52.08,51.32,1.4809,78982601.0,4086762722.0,2026-08-19 15:34:58,sina,2026-08-19T21:10:12
2026-08-19,A股,601899,紫金矿业,stock,32.5,33.28,32.35,32.76,33.56,-2.3838,189857553.0,6217951025.0,2026-08-19 15:34:58,sina,2026-08-19T21:10:12
2026-08-19,A股,603019,中科曙光,stock,87.91,87.92,83.79,85.0,89.87,-5.4189,53924452.0,4618635765.0,2026-08-19 15:34:58,sina,2026-08-19T21:10:12
2026-08-19,A股,603501,豪威集团,stock,89.05,89.5,86.59,86.9,90.54,-4.0203,23268947.0,2036594045.0,2026-08-19 15:34:58,sina,2026-08-19T21:10:12
2026-08-19,A股,688041,海光信息,stock,273.05,273.46,256.11,259.74,280.08,-7.2622,28599040.0,7548279448.0,2026-08-19 15:34:58,sina,2026-08-19T21:10:12
2026-08-19,A股,688256,寒武纪,stock,1130.56,1138.0,1038.39,1050.49,1162.5,-9.6353,15746396.0,17003021919.0,2026-08-19 15:34:58,sina,2026-08-19T21:10:12
2026-08-19,A股,688981,中芯国际,stock,130.87,131.56,126.01,128.01,134.98,-5.1637,66595440.0,8553080096.0,2026-08-19 15:34:58,sina,2026-08-19T21:10:12
2026-08-19,美股,AAPL,Apple Inc.,stock,310.1300048828125,319.28,309.6,316.83,310.03,2.1933,50009121.0,15844389806.43,2026-08-19T20:00:01+00:00,yahoo_chart,2026-08-20T07:58:04
2026-08-19,美股,AMAT,"Applied Materials, Inc.",stock,508.4100036621094,513.48,488.55,496.17,514.33,-3.5308,6538091.0,3244004611.47,2026-08-19T20:00:01+00:00,yahoo_chart,2026-08-20T07:58:04
2026-08-19,美股,AMD,Advanced Micro Devices,stock,485.54998779296875,487.005,462.55,466.42,484.39,-3.7098,18411867.0,8587663006.14,2026-08-19T20:00:01+00:00,yahoo_chart,2026-08-20T07:58:04
2026-08-19,美股,AMZN,"Amazon.com, Inc.",stock,260.8450012207031,266.4,258.58,265.84,259.45,2.4629,32458494.0,8628766044.96,2026-08-19T20:00:01+00:00,yahoo_chart,2026-08-20T07:58:04
2026-08-19,美股,ASML,ASML Holding N.V.,stock,1797.800048828125,1804.27,1748.88,1751.73,1802.98,-2.8425,1254566.0,2197660899.18,2026-08-19T20:00:01+00:00,yahoo_chart,2026-08-20T07:58:04
2026-08-19,美股,AVGO,Broadcom Inc.,stock,371.6600036621094,373.91,357.61,362.48,379.83,-4.5678,34787245.0,12609680567.6,2026-08-19T20:00:01+00:00,yahoo_chart,2026-08-20T07:58:04
2026-08-19,美股,CRM,Salesforce,stock,194.2100067138672,207.95,194.21,206.09,196.14,5.0729,16576464.0,3416243465.76,2026-08-19T20:00:03+00:00,yahoo_chart,2026-08-20T07:58:04
2026-08-19,美股,GOOGL,Alphabet Inc.,stock,343.4700012207031,346.73,340.66,344.72,344.2,0.1511,19596813.0,6755413377.36,2026-08-19T20:00:01+00:00,yahoo_chart,2026-08-20T07:58:04
2026-08-19,美股,INTC,Intel Corporation,stock,97.18000030517578,98.2,91.28,92.8,96.685,-4.0182,108826782.0,10099125369.6,2026-08-19T20:00:01+00:00,yahoo_chart,2026-08-20T07:58:04
2026-08-19,美股,KLAC,KLA Corporation,stock,196.43499755859375,196.978,185.38,187.27,194.79,-3.8606,9173853.0,1717987451.31,2026-08-19T20:00:01+00:00,yahoo_chart,2026-08-20T07:58:04
2026-08-19,美股,LRCX,Lam Research Corporation,stock,327.17498779296875,328.055,305.08,307.17,327.92,-6.3278,9942329.0,3053985198.93,2026-08-19T20:00:00+00:00,yahoo_chart,2026-08-20T07:58:04
2026-08-19,美股,META,"Meta Platforms, Inc.",stock,541.3400268554688,554.06,537.28,546.03,543.67,0.4341,16348636.0,8926845715.08,2026-08-19T20:00:01+00:00,yahoo_chart,2026-08-20T07:58:04
2026-08-19,美股,MSFT,Microsoft Corporation,stock,479.80999755859375,489.29,479.55,484.31,481.63,0.5564,19853191.0,9615098933.21,2026-08-19T20:00:01+00:00,yahoo_chart,2026-08-20T07:58:04
2026-08-19,美股,MU,Micron Technology,stock,959.35498046875,959.99,915.18,937.105,940.76,-0.3885,25693590.0,24077591656.95,2026-08-19T20:00:01+00:00,yahoo_chart,2026-08-20T07:58:04
2026-08-19,美股,NVDA,NVIDIA Corporation,stock,221.6699981689453,222.87,216.76,217.56,219.74,-0.9921,96854269.0,21071614763.64,2026-08-19T20:00:00+00:00,yahoo_chart,2026-08-20T07:58:04
2026-08-19,美股,ORCL,Oracle Corporation,stock,142.69500732421875,146.08,137.43,143.81,142.79,0.7143,23788722.0,3421056110.82,2026-08-19T20:05:11+00:00,yahoo_chart,2026-08-20T07:58:04
2026-08-19,美股,PLTR,Palantir Technologies Inc.,stock,172.6199951171875,176.82,169.77,175.19,171.54,2.1278,35885885.0,6286848193.15,2026-08-19T20:00:00+00:00,yahoo_chart,2026-08-20T07:58:04
2026-08-19,美股,QQQ,Invesco QQQ Trust,benchmark,720.4099731445312,721.5,712.61,716.08,717.51,-0.1993,34834540.0,24944317403.2,2026-08-19T20:00:00+00:00,yahoo_chart,2026-08-20T07:58:04
2026-08-19,美股,SMH,VanEck Semiconductor ETF,benchmark,574.8049926757812,576.83,556.315,560.92,569.77,-1.5533,8641691.0,4847297315.72,2026-08-19T20:00:01+00:00,yahoo_chart,2026-08-20T07:58:04
2026-08-19,美股,SOXX,iShares Semiconductor ETF,benchmark,536.260009765625,538.0,514.49,519.67,531.39,-2.2055,8260226.0,4292591645.42,2026-08-19T20:00:01+00:00,yahoo_chart,2026-08-20T07:58:04
2026-08-19,美股,SPY,State Street SPDR S&P 500 ETF Trust,benchmark,770.3599853515625,772.47,768.11,769.06,767.45,0.2098,39805642.0,30612927036.52,2026-08-19T20:00:00+00:00,yahoo_chart,2026-08-20T07:58:04
2026-08-19,美股,TSLA,"Tesla, Inc.",stock,338.9049987792969,351.62,335.7,351.12,336.87,4.2301,35316918.0,12400476248.16,2026-08-19T20:00:00+00:00,yahoo_chart,2026-08-20T07:58:04
2026-08-19,美股,TSM,Taiwan Semiconductor Manufacturing Company Limited,stock,418.1300048828125,419.6,407.88,412.09,413.41,-0.3193,8395843.0,3459842941.87,2026-08-19T20:00:02+00:00,yahoo_chart,2026-08-20T07:58:04
2026-08-19,美股,XLK,Technology Select Sector SPDR,benchmark,186.38999938964844,186.86,182.41,183.64,185.62,-1.0667,7292467.0,1339188639.88,2026-08-19T20:00:00+00:00,yahoo_chart,2026-08-20T07:58:04
2026-08-19,美股,^VIX,CBOE Volatility Index,benchmark,15.920000076293945,15.95,14.77,14.89,15.84,-5.9975,0.0,0.0,2026-08-19T20:15:01+00:00,yahoo_chart,2026-08-20T07:58:04
2026-08-20,A股,000300,沪深300,index,4613.2975,4631.126,4569.2282,4592.7504,4588.6955,0.0884,200874189.0,554021067145.0,2026-08-20 15:35:44,sina,2026-08-20T21:12:22
2026-08-20,A股,000333,美的集团,stock,84.78,85.53,83.95,85.38,84.72,0.779,26335546.0,2237151427.97,2026-08-20 15:35:30,sina,2026-08-20T21:12:22
2026-08-20,A股,000688,科创50,index,1685.4833,1694.3644,1638.2945,1652.9721,1667.5155,-0.8722,9144025.0,99785814001.0,2026-08-20 15:35:44,sina,2026-08-20T21:12:22
2026-08-20,A股,000905,中证500,index,7864.677,7923.9109,7796.2776,7850.4006,7783.4558,0.8601,161390106.0,393484559835.0,2026-08-20 15:35:44,sina,2026-08-20T21:12:22
2026-08-20,A股,000977,浪潮信息,stock,73.51,75.63,72.5,75.08,72.87,3.0328,66885656.0,4986704087.14,2026-08-20 15:35:15,sina,2026-08-20T21:12:22
2026-08-20,A股,002371,北方华创,stock,726.01,739.15,704.25,712.55,712.95,-0.0561,7937310.0,5736552582.61,2026-08-20 15:35:15,sina,2026-08-20T21:12:22
2026-08-20,A股,002463,沪电股份,stock,115.13,117.68,113.09,114.32,113.41,0.8024,31302314.0,3606715739.25,2026-08-20 15:35:45,sina,2026-08-20T21:12:22
2026-08-20,A股,002594,比亚迪,stock,89.05,91.0,88.89,90.48,88.66,2.0528,35807372.0,3237942077.64,2026-08-20 15:36:00,sina,2026-08-20T21:12:22
2026-08-20,A股,159915,创业板,ETF,3.527,3.55,3.476,3.512,3.498,0.4002,1564060169.0,5502824343.181,2026-08-20 15:35:45,sina,2026-08-20T21:12:22
2026-08-20,A股,300059,东方财富,stock,18.78,18.92,18.65,18.8,18.73,0.3737,145143350.0,2725207854.14,2026-08-20 15:35:00,sina,2026-08-20T21:12:22
2026-08-20,A股,300274,阳光电源,stock,112.96,113.2,109.75,110.89,111.49,-0.5382,25014180.0,2782340150.1,2026-08-20 15:35:30,sina,2026-08-20T21:12:22
2026-08-20,A股,300308,中际旭创,stock,904.99,912.01,881.0,904.2,895.6,0.9603,22706170.0,20338306136.49,2026-08-20 15:35:15,sina,2026-08-20T21:12:22
2026-08-20,A股,300502,新易盛,stock,418.0,420.5,406.12,414.02,411.5,0.6124,28417522.0,11742942472.41,2026-08-20 15:35:45,sina,2026-08-20T21:12:22
2026-08-20,A股,300750,宁德时代,stock,391.51,392.09,384.0,385.0,389.0,-1.0283,17909645.0,6928336379.15,2026-08-20 15:35:45,sina,2026-08-20T21:12:22
2026-08-20,A股,399006,创业板指,index,3517.652,3531.923,3459.569,3495.589,3473.493,0.6361,18287532378.0,522726895094.11,2026-08-20 15:00:03,sina,2026-08-20T21:12:22
2026-08-20,A股,510300,沪深300ETF华泰柏瑞,ETF,4.67,4.689,4.632,4.653,4.654,-0.0215,748866292.0,3491619584.0,2026-08-20 15:34:59,sina,2026-08-20T21:12:22
2026-08-20,A股,512760,芯片ETF国泰,ETF,1.12,1.128,1.088,1.099,1.109,-0.9017,472251700.0,524994291.0,2026-08-20 15:34:59,sina,2026-08-20T21:12:22
2026-08-20,A股,512880,证券ETF国泰,ETF,1.065,1.068,1.057,1.063,1.062,0.0942,1297345844.0,1376685592.0,2026-08-20 15:34:59,sina,2026-08-20T21:12:22
2026-08-20,A股,588000,科创50ETF华夏,ETF,1.779,1.788,1.73,1.744,1.761,-0.9654,3706860285.0,6513781370.0,2026-08-20 15:34:59,sina,2026-08-20T21:12:22
2026-08-20,A股,600030,中信证券,stock,27.15,27.28,26.89,27.04,27.15,-0.4052,92643071.0,2504022350.0,2026-08-20 15:34:59,sina,2026-08-20T21:12:22
2026-08-20,A股,600036,招商银行,stock,38.8,39.07,38.47,38.86,39.15,-0.7407,74785718.0,2899498644.0,2026-08-20 15:34:59,sina,2026-08-20T21:12:22
2026-08-20,A股,600519,贵州茅台,stock,1299.8,1306.88,1291.0,1291.5,1307.88,-1.2524,2533166.0,3280474226.0,2026-08-20 15:34:59,sina,2026-08-20T21:12:22
2026-08-20,A股,600941,中国移动,stock,96.86,97.44,96.33,96.7,97.17,-0.4837,8120913.0,784974507.0,2026-08-20 15:34:59,sina,2026-08-20T21:12:22
2026-08-20,A股,601138,工业富联,stock,62.5,62.95,61.5,62.13,61.83,0.4852,78118548.0,4868591182.0,2026-08-20 15:34:59,sina,2026-08-20T21:12:22
2026-08-20,A股,601318,中国平安,stock,51.85,52.15,51.6,52.14,52.08,0.1152,49529546.0,2570824239.0,2026-08-20 15:34:59,sina,2026-08-20T21:12:22
2026-08-20,A股,601899,紫金矿业,stock,34.0,35.08,33.87,34.25,32.76,4.5482,411578689.0,14178910927.0,2026-08-20 15:34:59,sina,2026-08-20T21:12:22
2026-08-20,A股,603019,中科曙光,stock,85.3,85.58,83.83,84.34,85.0,-0.7765,27149912.0,2298827496.0,2026-08-20 15:34:59,sina,2026-08-20T21:12:22
2026-08-20,A股,603501,豪威集团,stock,87.0,87.35,85.98,85.99,86.9,-1.0472,13859906.0,1199633647.0,2026-08-20 15:34:59,sina,2026-08-20T21:12:22
2026-08-20,A股,688041,海光信息,stock,261.99,262.02,244.16,246.33,259.74,-5.1629,30884204.0,7760190877.0,2026-08-20 15:34:59,sina,2026-08-20T21:12:22
2026-08-20,A股,688256,寒武纪,stock,1060.02,1068.9,995.0,1010.88,1050.49,-3.7706,14855370.0,15191095235.0,2026-08-20 15:34:59,sina,2026-08-20T21:12:22
2026-08-20,A股,688981,中芯国际,stock,128.8,129.28,124.79,125.5,128.01,-1.9608,40127002.0,5091168955.0,2026-08-20 15:34:59,sina,2026-08-20T21:12:22
2026-08-20,美股,AAPL,Apple Inc.,stock,317.4549865722656,320.28,310.65,311.3,316.83,-1.7454,38182357.0,11886167734.1,2026-08-20T20:00:01+00:00,yahoo_chart,2026-08-21T08:06:59
2026-08-20,美股,AMAT,"Applied Materials, Inc.",stock,489.5799865722656,499.88,487.47,496.21,495.64,0.115,6169182.0,3061209800.22,2026-08-20T20:00:01+00:00,yahoo_chart,2026-08-21T08:06:59
2026-08-20,美股,AMD,Advanced Micro Devices,stock,465.9150085449219,475.53,460.54,469.455,466.42,0.6507,15123319.0,7099717721.14,2026-08-20T20:00:01+00:00,yahoo_chart,2026-08-21T08:06:59
2026-08-20,美股,AMZN,"Amazon.com, Inc.",stock,262.9049987792969,263.84,259.59,260.11,265.84,-2.1554,28041771.0,7293945054.81,2026-08-20T20:00:01+00:00,yahoo_chart,2026-08-21T08:06:59
2026-08-20,美股,ASML,ASML Holding N.V.,stock,1743.1800537109375,1775.82,1741.02,1750.31,1751.73,-0.0811,779853.0,1364984504.43,2026-08-20T20:00:01+00:00,yahoo_chart,2026-08-21T08:06:59
2026-08-20,美股,AVGO,Broadcom Inc.,stock,364.2349853515625,367.12,362.25,364.03,362.48,0.4276,19384626.0,7056585402.78,2026-08-20T20:00:01+00:00,yahoo_chart,2026-08-21T08:06:59
2026-08-20,美股,CRM,Salesforce,stock,205.22000122070312,207.88,203.0,205.43,206.09,-0.3202,6770871.0,1390940029.53,2026-08-20T20:00:02+00:00,yahoo_chart,2026-08-21T08:06:59
2026-08-20,美股,GOOGL,Alphabet Inc.,stock,342.7950134277344,343.9,338.565,340.67,344.72,-1.1749,18514913.0,6307475411.71,2026-08-20T20:00:01+00:00,yahoo_chart,2026-08-21T08:06:59
2026-08-20,美股,INTC,Intel Corporation,stock,91.91000366210938,92.68,89.85,92.13,92.8,-0.722,85205887.0,7850018369.31,2026-08-20T20:00:01+00:00,yahoo_chart,2026-08-21T08:06:59
2026-08-20,美股,KLAC,KLA Corporation,stock,185.07000732421875,189.36,184.55,185.86,187.27,-0.7529,6776195.0,1259423602.7,2026-08-20T20:00:01+00:00,yahoo_chart,2026-08-21T08:06:59
2026-08-20,美股,LRCX,Lam Research Corporation,stock,305.2250061035156,312.54,302.95,310.53,307.17,1.0939,6019790.0,1869325388.7,2026-08-20T20:00:01+00:00,yahoo_chart,2026-08-21T08:06:59
2026-08-20,美股,META,"Meta Platforms, Inc.",stock,546.9500122070312,549.988,539.31,545.83,546.03,-0.0366,13656805.0,7454293873.15,2026-08-20T20:00:01+00:00,yahoo_chart,2026-08-21T08:06:59
2026-08-20,美股,MSFT,Microsoft Corporation,stock,483.0,484.16,479.5,481.15,483.4,-0.4655,15813081.0,7608463923.15,2026-08-20T20:00:01+00:00,yahoo_chart,2026-08-21T08:06:59
2026-08-20,美股,MU,Micron Technology,stock,936.0,977.28,929.07,974.33,937.105,3.9723,24921901.0,24282155801.33,2026-08-20T20:00:01+00:00,yahoo_chart,2026-08-21T08:06:59
2026-08-20,美股,NVDA,NVIDIA Corporation,stock,218.36000061035156,219.86,215.66,216.85,217.56,-0.3263,89838813.0,19481546599.05,2026-08-20T20:00:00+00:00,yahoo_chart,2026-08-21T08:06:59
2026-08-20,美股,ORCL,Oracle Corporation,stock,144.3000030517578,145.9,141.02,142.07,143.81,-1.2099,13269007.0,1885127824.49,2026-08-20T20:04:44+00:00,yahoo_chart,2026-08-21T08:06:59
2026-08-20,美股,PLTR,Palantir Technologies Inc.,stock,175.88999938964844,176.46,172.03,173.96,175.19,-0.7021,26778090.0,4658316536.4,2026-08-20T20:00:00+00:00,yahoo_chart,2026-08-21T08:06:59
2026-08-20,美股,QQQ,Invesco QQQ Trust,benchmark,712.280029296875,714.94,708.52,710.93,716.08,-0.7192,32876361.0,23372791325.73,2026-08-20T20:00:00+00:00,yahoo_chart,2026-08-21T08:06:59
2026-08-20,美股,SMH,VanEck Semiconductor ETF,benchmark,559.375,566.0,557.28,562.65,560.92,0.3084,5951077.0,3348373474.05,2026-08-20T20:00:00+00:00,yahoo_chart,2026-08-21T08:06:59
2026-08-20,美股,SOXX,iShares Semiconductor ETF,benchmark,518.614990234375,525.43,515.35,522.35,519.67,0.5157,5985040.0,3126285644.0,2026-08-20T20:00:01+00:00,yahoo_chart,2026-08-21T08:06:59
2026-08-20,美股,SPY,State Street SPDR S&P 500 ETF Trust,benchmark,765.9600219726562,768.15,762.05,762.6,769.06,-0.84,40125558.0,30599750530.8,2026-08-20T20:00:00+00:00,yahoo_chart,2026-08-21T08:06:59
2026-08-20,美股,TSLA,"Tesla, Inc.",stock,345.8900146484375,347.49,338.96,345.13,351.12,-1.706,29914112.0,10324257474.56,2026-08-20T20:00:01+00:00,yahoo_chart,2026-08-21T08:06:59
2026-08-20,美股,TSM,Taiwan Semiconductor Manufacturing Company Limited,stock,408.6000061035156,417.96,407.718,416.0,412.09,0.9488,10428273.0,4338161568.0,2026-08-20T20:00:02+00:00,yahoo_chart,2026-08-21T08:06:59
2026-08-20,美股,XLK,Technology Select Sector SPDR,benchmark,183.47000122070312,184.69,182.66,183.1,183.64,-0.2941,4916450.0,900201995.0,2026-08-20T20:00:00+00:00,yahoo_chart,2026-08-21T08:06:59
2026-08-20,美股,^VIX,CBOE Volatility Index,benchmark,14.90999984741211,16.14,14.91,16.01,14.89,7.5218,0.0,0.0,2026-08-20T20:15:01+00:00,yahoo_chart,2026-08-21T08:06:59
2026-08-21,A股,000300,沪深300,index,4585.4354,4628.9996,4579.2608,4618.8952,4592.7504,0.5693,171075891.0,505501102128.0,2026-08-21 15:35:44,sina,2026-08-21T21:03:31
2026-08-21,A股,000333,美的集团,stock,85.38,85.99,84.25,84.3,85.38,-1.2649,18021093.0,1530494657.5,2026-08-21 15:35:30,sina,2026-08-21T21:03:31
2026-08-21,A股,000688,科创50,index,1649.2832,1675.8225,1640.6231,1653.5551,1652.9721,0.0353,6975365.0,77573154799.0,2026-08-21 15:35:44,sina,2026-08-21T21:03:31
2026-08-21,A股,000905,中证500,index,7812.2612,7877.3388,7756.2751,7854.3336,7850.4006,0.0501,147075635.0,358945347837.0,2026-08-21 15:35:44,sina,2026-08-21T21:03:31
2026-08-21,A股,000977,浪潮信息,stock,75.49,76.69,74.25,76.35,75.08,1.6915,52176188.0,3964558424.75,2026-08-21 15:35:15,sina,2026-08-21T21:03:31
2026-08-21,A股,002371,北方华创,stock,712.0,725.68,709.0,714.43,712.55,0.2638,5798436.0,4154125728.05,2026-08-21 15:35:15,sina,2026-08-21T21:03:31
2026-08-21,A股,002463,沪电股份,stock,113.67,122.51,113.39,121.21,114.32,6.0269,49927178.0,5952246112.39,2026-08-21 15:35:45,sina,2026-08-21T21:03:31
2026-08-21,A股,002594,比亚迪,stock,90.35,91.08,89.72,90.47,90.48,-0.0111,17886205.0,1612726253.82,2026-08-21 15:36:00,sina,2026-08-21T21:03:31
2026-08-21,A股,159915,创业板,ETF,3.502,3.58,3.496,3.56,3.512,1.3667,1639161467.0,5821282043.892,2026-08-21 15:35:00,sina,2026-08-21T21:03:31
2026-08-21,A股,300059,东方财富,stock,18.74,18.99,18.63,18.91,18.8,0.5851,158647946.0,2986012580.64,2026-08-21 15:35:15,sina,2026-08-21T21:03:31
2026-08-21,A股,300274,阳光电源,stock,109.93,114.59,109.71,113.08,110.89,1.9749,30231867.0,3412042117.06,2026-08-21 15:35:45,sina,2026-08-21T21:03:31
2026-08-21,A股,300308,中际旭创,stock,909.0,943.88,901.4,943.0,904.2,4.2911,28703867.0,26686400632.72,2026-08-21 15:35:30,sina,2026-08-21T21:03:31
2026-08-21,A股,300502,新易盛,stock,427.01,443.67,420.06,442.0,414.02,6.7581,47780764.0,20792810915.5,2026-08-21 15:35:00,sina,2026-08-21T21:03:31
2026-08-21,A股,300750,宁德时代,stock,386.0,397.83,383.05,391.15,385.0,1.5974,20449615.0,8013769872.35,2026-08-21 15:35:00,sina,2026-08-21T21:03:31
2026-08-21,A股,399006,创业板指,index,3495.113,3563.059,3478.517,3545.577,3495.589,1.43,16889680174.0,491255968748.12,2026-08-21 15:00:03,sina,2026-08-21T21:03:31
2026-08-21,A股,510300,沪深300ETF华泰柏瑞,ETF,4.648,4.693,4.641,4.68,4.653,0.5803,727384630.0,3400014848.0,2026-08-21 15:34:58,sina,2026-08-21T21:03:31
2026-08-21,A股,512760,芯片ETF国泰,ETF,1.092,1.119,1.092,1.104,1.099,0.455,269283100.0,297499406.0,2026-08-21 15:34:58,sina,2026-08-21T21:03:31
2026-08-21,A股,512880,证券ETF国泰,ETF,1.062,1.067,1.056,1.063,1.063,0.0,1060498974.0,1126079249.0,2026-08-21 15:34:58,sina,2026-08-21T21:03:31
2026-08-21,A股,588000,科创50ETF华夏,ETF,1.739,1.768,1.731,1.745,1.744,0.0573,2662479916.0,4652314628.0,2026-08-21 15:34:58,sina,2026-08-21T21:03:31
2026-08-21,A股,600030,中信证券,stock,27.15,27.24,26.93,27.12,27.04,0.2959,77412806.0,2098133831.0,2026-08-21 15:34:58,sina,2026-08-21T21:03:31
2026-08-21,A股,600036,招商银行,stock,38.8,39.1,38.76,38.9,38.86,0.1029,51421949.0,2002588255.0,2026-08-21 15:34:58,sina,2026-08-21T21:03:31
2026-08-21,A股,600519,贵州茅台,stock,1291.5,1291.5,1272.01,1272.83,1291.5,-1.4456,3347231.0,4278311022.0,2026-08-21 15:34:58,sina,2026-08-21T21:03:31
2026-08-21,A股,600941,中国移动,stock,96.57,96.97,96.09,96.25,96.7,-0.4654,6270677.0,604745754.0,2026-08-21 15:34:58,sina,2026-08-21T21:03:31
2026-08-21,A股,601138,工业富联,stock,61.65,63.38,61.38,62.84,62.13,1.1428,79434785.0,4961497062.0,2026-08-21 15:34:58,sina,2026-08-21T21:03:31
2026-08-21,A股,601318,中国平安,stock,53.01,53.59,52.8,53.35,52.14,2.3207,111599029.0,5940991679.0,2026-08-21 15:34:58,sina,2026-08-21T21:03:31
2026-08-21,A股,601899,XD紫金矿,stock,34.25,34.87,33.6,34.74,33.83,2.6899,300701690.0,10338560003.0,2026-08-21 15:34:58,sina,2026-08-21T21:03:31
2026-08-21,A股,603019,中科曙光,stock,83.88,84.65,83.29,84.11,84.34,-0.2727,22044853.0,1852548873.0,2026-08-21 15:34:58,sina,2026-08-21T21:03:31
2026-08-21,A股,603501,豪威集团,stock,85.44,86.61,85.01,85.82,85.99,-0.1977,10579596.0,909045832.0,2026-08-21 15:34:58,sina,2026-08-21T21:03:31
2026-08-21,A股,688041,海光信息,stock,245.0,249.32,242.22,246.21,246.33,-0.0487,21440767.0,5256072873.0,2026-08-21 15:34:58,sina,2026-08-21T21:03:31
2026-08-21,A股,688256,寒武纪,stock,999.98,1061.47,996.0,1035.0,1010.88,2.386,12033293.0,12446848997.0,2026-08-21 15:34:58,sina,2026-08-21T21:03:31
2026-08-21,A股,688981,中芯国际,stock,124.32,126.86,124.2,124.8,125.5,-0.5578,30566366.0,3830637505.0,2026-08-21 15:34:58,sina,2026-08-21T21:03:31
2026-08-21,美股,AAPL,Apple Inc.,stock,312.04998779296875,312.38,307.01,309.35,311.3,-0.6264,42216056.0,13059536923.6,2026-08-21T20:00:01+00:00,yahoo_chart,2026-08-24T08:28:30
2026-08-21,美股,AMAT,"Applied Materials, Inc.",stock,503.5,503.5,483.13,492.32,496.21,-0.7839,5313122.0,2615756223.04,2026-08-21T20:00:01+00:00,yahoo_chart,2026-08-24T08:28:30
2026-08-21,美股,AMD,Advanced Micro Devices,stock,476.6700134277344,477.32,462.111,473.25,469.455,0.8084,14195919.0,6718218666.75,2026-08-21T20:00:01+00:00,yahoo_chart,2026-08-24T08:28:30
2026-08-21,美股,AMZN,"Amazon.com, Inc.",stock,260.75,261.08,257.035,258.63,260.11,-0.569,35440827.0,9166061087.01,2026-08-21T20:00:01+00:00,yahoo_chart,2026-08-24T08:28:30
2026-08-21,美股,ASML,ASML Holding N.V.,stock,1763.4449462890625,1771.0,1741.01,1763.76,1750.31,0.7684,858512.0,1514209125.12,2026-08-21T20:00:01+00:00,yahoo_chart,2026-08-24T08:28:30
2026-08-21,美股,AVGO,Broadcom Inc.,stock,370.79998779296875,375.12,365.05,368.45,364.03,1.2142,18978649.0,6992683224.05,2026-08-21T20:00:01+00:00,yahoo_chart,2026-08-24T08:28:30
2026-08-21,美股,CRM,Salesforce,stock,205.5800018310547,211.06,204.726,209.17,205.43,1.8206,8348520.0,1746259928.4,2026-08-21T20:00:03+00:00,yahoo_chart,2026-08-24T08:28:30
2026-08-21,美股,GOOGL,Alphabet Inc.,stock,342.3525085449219,346.2,340.4,344.82,340.67,1.2182,20779426.0,7165161673.32,2026-08-21T20:00:01+00:00,yahoo_chart,2026-08-24T08:28:30
2026-08-21,美股,INTC,Intel Corporation,stock,92.76799774169922,92.768,89.75,90.07,92.13,-2.236,90790387.0,8177490157.09,2026-08-21T20:00:01+00:00,yahoo_chart,2026-08-24T08:28:30
2026-08-21,美股,KLAC,KLA Corporation,stock,189.43499755859375,189.77,182.11,183.99,185.86,-1.0061,6644818.0,1222580063.82,2026-08-21T20:00:01+00:00,yahoo_chart,2026-08-24T08:28:30
2026-08-21,美股,LRCX,Lam Research Corporation,stock,316.6600036621094,319.1,303.85,314.0,310.53,1.1174,5603110.0,1759376540.0,2026-08-21T20:00:01+00:00,yahoo_chart,2026-08-24T08:28:30
2026-08-21,美股,META,"Meta Platforms, Inc.",stock,546.885009765625,553.873,543.23,549.9,545.83,0.7457,13175977.0,7245469752.3,2026-08-21T20:00:01+00:00,yahoo_chart,2026-08-24T08:28:30
2026-08-21,美股,MSFT,Microsoft Corporation,stock,479.8800048828125,486.36,478.53,483.24,481.15,0.4344,21856586.0,10561976618.64,2026-08-21T20:00:01+00:00,yahoo_chart,2026-08-24T08:28:30
2026-08-21,美股,MU,Micron Technology,stock,989.6749877929688,989.96,958.26,966.78,974.33,-0.7749,20990385.0,20293084410.3,2026-08-21T20:00:01+00:00,yahoo_chart,2026-08-24T08:28:30
2026-08-21,美股,NVDA,NVIDIA Corporation,stock,218.4199981689453,218.74,214.5,214.72,216.85,-0.9822,91591112.0,19666443568.64,2026-08-21T20:00:00+00:00,yahoo_chart,2026-08-24T08:28:30
2026-08-21,美股,ORCL,Oracle Corporation,stock,143.71499633789062,148.325,142.6,146.47,142.07,3.0971,16685495.0,2443924452.65,2026-08-21T20:04:25+00:00,yahoo_chart,2026-08-24T08:28:30
2026-08-21,美股,PLTR,Palantir Technologies Inc.,stock,173.97999572753906,182.44,172.55,179.94,173.96,3.4376,40929832.0,7364913970.08,2026-08-21T20:00:01+00:00,yahoo_chart,2026-08-24T08:28:30
2026-08-21,美股,QQQ,Invesco QQQ Trust,benchmark,715.22998046875,715.674,709.205,713.44,710.93,0.3531,33084596.0,23603874170.24,2026-08-21T20:00:00+00:00,yahoo_chart,2026-08-24T08:28:30
2026-08-21,美股,SMH,VanEck Semiconductor ETF,benchmark,569.0020141601562,569.145,556.1,560.42,562.65,-0.3963,9574408.0,5365689731.36,2026-08-21T20:00:00+00:00,yahoo_chart,2026-08-24T08:28:30
2026-08-21,美股,SOXX,iShares Semiconductor ETF,benchmark,528.7249755859375,528.99,514.66,520.05,522.35,-0.4403,6194040.0,3221210502.0,2026-08-21T20:00:00+00:00,yahoo_chart,2026-08-24T08:28:30
2026-08-21,美股,SPY,State Street SPDR S&P 500 ETF Trust,benchmark,766.0499877929688,767.85,764.17,765.72,762.6,0.4091,38583716.0,29544323015.52,2026-08-21T20:00:00+00:00,yahoo_chart,2026-08-24T08:28:30
2026-08-21,美股,TSLA,"Tesla, Inc.",stock,349.7550048828125,366.5,346.9,362.86,345.13,5.1372,57808372.0,20976345863.92,2026-08-21T20:00:00+00:00,yahoo_chart,2026-08-24T08:28:30
2026-08-21,美股,TSM,Taiwan Semiconductor Manufacturing Company Limited,stock,422.9599914550781,425.68,416.75,418.95,416.0,0.7091,7417130.0,3107406613.5,2026-08-21T20:00:02+00:00,yahoo_chart,2026-08-24T08:28:30
2026-08-21,美股,XLK,Technology Select Sector SPDR,benchmark,184.11000061035156,184.5,181.9,183.31,183.1,0.1147,5777105.0,1059001117.55,2026-08-21T20:00:00+00:00,yahoo_chart,2026-08-24T08:28:30
2026-08-21,美股,^VIX,CBOE Volatility Index,benchmark,15.819999694824219,15.88,15.08,15.13,16.01,-5.4966,0.0,0.0,2026-08-21T20:15:01+00:00,yahoo_chart,2026-08-24T08:28:30
2026-08-24,A股,000300,沪深300,index,4620.9489,4621.3893,4527.4871,4563.1266,4618.8952,-1.2074,206616872.0,590425593776.0,2026-08-24 15:35:44,sina,2026-08-24T21:13:13
2026-08-24,A股,000333,美的集团,stock,84.11,86.35,84.05,85.99,84.3,2.0047,27668264.0,2368707196.57,2026-08-24 15:35:30,sina,2026-08-24T21:13:13
2026-08-24,A股,000688,科创50,index,1651.8808,1651.9597,1575.2753,1602.3369,1653.5551,-3.0975,8601909.0,93832918317.0,2026-08-24 15:35:44,sina,2026-08-24T21:13:13
2026-08-24,A股,000905,中证500,index,7861.0536,7865.5386,7615.4491,7717.0851,7854.3336,-1.7474,155822275.0,367553812117.0,2026-08-24 15:35:44,sina,2026-08-24T21:13:13
2026-08-24,A股,000977,浪潮信息,stock,76.74,76.76,71.42,73.22,76.35,-4.0995,60590088.0,4428459547.99,2026-08-24 15:35:15,sina,2026-08-24T21:13:13
2026-08-24,A股,002371,北方华创,stock,714.0,725.8,695.87,707.9,714.43,-0.914,7778740.0,5527092656.59,2026-08-24 15:35:15,sina,2026-08-24T21:13:13
2026-08-24,A股,002463,沪电股份,stock,120.27,122.41,112.5,115.57,121.21,-4.6531,41949993.0,4843209843.06,2026-08-24 15:35:45,sina,2026-08-24T21:13:13
2026-08-24,A股,002594,比亚迪,stock,90.01,91.49,89.4,90.66,90.47,0.21,27364741.0,2472854417.6,2026-08-24 15:35:00,sina,2026-08-24T21:13:13
2026-08-24,A股,159915,创业板,ETF,3.557,3.57,3.395,3.457,3.56,-2.8933,1932539293.0,6681292643.853,2026-08-24 15:35:30,sina,2026-08-24T21:13:13
2026-08-24,A股,300059,东方财富,stock,18.86,19.17,18.73,18.92,18.91,0.0529,185175606.0,3509641011.62,2026-08-24 15:35:45,sina,2026-08-24T21:13:13
2026-08-24,A股,300274,阳光电源,stock,116.0,117.23,109.82,111.5,113.08,-1.3972,41631405.0,4725467660.48,2026-08-24 15:35:15,sina,2026-08-24T21:13:13
2026-08-24,A股,300308,中际旭创,stock,945.0,949.73,850.0,870.22,943.0,-7.7179,38909280.0,34491670419.82,2026-08-24 15:35:00,sina,2026-08-24T21:13:13
2026-08-24,A股,300502,新易盛,stock,445.01,450.0,400.0,412.0,442.0,-6.7873,49459950.0,20574603503.68,2026-08-24 15:35:30,sina,2026-08-24T21:13:13
2026-08-24,A股,300750,宁德时代,stock,391.15,394.4,386.68,387.89,391.15,-0.8334,13972968.0,5444644442.94,2026-08-24 15:35:30,sina,2026-08-24T21:13:13
2026-08-24,A股,399006,创业板指,index,3550.249,3551.508,3376.639,3431.885,3545.577,-3.2066,17031614880.0,505828223549.79,2026-08-24 15:00:03,sina,2026-08-24T21:13:13
2026-08-24,A股,510300,沪深300ETF华泰柏瑞,ETF,4.678,4.692,4.593,4.627,4.68,-1.1325,922973800.0,4272980684.0,2026-08-24 15:34:59,sina,2026-08-24T21:13:13
2026-08-24,A股,512760,芯片ETF国泰,ETF,1.104,1.105,1.046,1.066,1.104,-3.442,411677900.0,441365038.0,2026-08-24 15:34:59,sina,2026-08-24T21:13:13
2026-08-24,A股,512880,证券ETF国泰,ETF,1.063,1.073,1.061,1.067,1.063,0.3763,1402946064.0,1496886965.0,2026-08-24 15:34:59,sina,2026-08-24T21:13:13
2026-08-24,A股,588000,科创50ETF华夏,ETF,1.741,1.743,1.662,1.691,1.745,-3.0946,4105077386.0,6962746430.0,2026-08-24 15:34:59,sina,2026-08-24T21:13:13
2026-08-24,A股,600030,中信证券,stock,27.1,27.42,27.01,27.27,27.12,0.5531,105404861.0,2871421633.0,2026-08-24 15:34:59,sina,2026-08-24T21:13:13
2026-08-24,A股,600036,招商银行,stock,38.87,39.7,38.77,39.58,38.9,1.7481,104578329.0,4125329806.0,2026-08-24 15:34:59,sina,2026-08-24T21:13:13
2026-08-24,A股,600519,贵州茅台,stock,1271.01,1313.8,1270.33,1304.66,1272.83,2.5007,4843957.0,6299794441.0,2026-08-24 15:34:59,sina,2026-08-24T21:13:13
2026-08-24,A股,600941,中国移动,stock,96.05,98.04,96.05,97.53,96.25,1.3299,12757470.0,1245868116.0,2026-08-24 15:34:59,sina,2026-08-24T21:13:13
2026-08-24,A股,601138,工业富联,stock,62.7,62.7,59.22,60.4,62.84,-3.8829,98015535.0,5939783475.0,2026-08-24 15:34:59,sina,2026-08-24T21:13:13
2026-08-24,A股,601318,中国平安,stock,53.34,55.22,53.3,54.92,53.35,2.9428,130761445.0,7149813532.0,2026-08-24 15:34:59,sina,2026-08-24T21:13:13
2026-08-24,A股,601899,紫金矿业,stock,35.4,35.47,34.16,34.54,34.74,-0.5757,337648209.0,11751472253.0,2026-08-24 15:34:59,sina,2026-08-24T21:13:13
2026-08-24,A股,603019,中科曙光,stock,84.21,84.5,81.1,82.18,84.11,-2.2946,29399854.0,2415229804.0,2026-08-24 15:34:59,sina,2026-08-24T21:13:13
2026-08-24,A股,603501,豪威集团,stock,85.83,85.85,82.25,82.5,85.82,-3.8686,19164619.0,1598207795.0,2026-08-24 15:34:59,sina,2026-08-24T21:13:13
2026-08-24,A股,688041,海光信息,stock,246.0,246.0,227.07,230.81,246.21,-6.2548,29505011.0,6872944310.0,2026-08-24 15:34:59,sina,2026-08-24T21:13:13
2026-08-24,A股,688256,寒武纪,stock,1035.0,1039.0,950.0,969.05,1035.0,-6.372,17280561.0,16886554338.0,2026-08-24 15:34:59,sina,2026-08-24T21:13:13
2026-08-24,A股,688981,中芯国际,stock,124.5,124.78,118.3,120.58,124.8,-3.3814,47671749.0,5769413641.0,2026-08-24 15:34:59,sina,2026-08-24T21:13:13
2026-08-24,美股,AAPL,Apple Inc.,stock,311.4700012207031,313.36,309.97,310.34,309.35,0.32,34379936.0,10669469338.24,2026-08-24T20:00:01+00:00,yahoo_chart,2026-08-25T07:59:56
2026-08-24,美股,AMAT,"Applied Materials, Inc.",stock,481.875,489.74,473.67,484.19,492.32,-1.6514,8790077.0,4256067382.63,2026-08-24T20:00:01+00:00,yahoo_chart,2026-08-25T07:59:56
2026-08-24,美股,AMD,"Advanced Micro Devices, Inc.",stock,467.9750061035156,468.14,451.18,456.745,473.25,-3.4876,16521739.0,7546221679.56,2026-08-24T20:00:00+00:00,yahoo_chart,2026-08-25T07:59:56
2026-08-24,美股,AMZN,"Amazon.com, Inc.",stock,259.5199890136719,263.32,259.05,262.07,258.63,1.3301,27975466.0,7331530374.62,2026-08-24T20:00:01+00:00,yahoo_chart,2026-08-25T07:59:56
2026-08-24,美股,ASML,ASML Holding N.V.,stock,1761.97998046875,1761.98,1727.57,1740.13,1763.76,-1.3398,1074112.0,1869094514.56,2026-08-24T20:00:01+00:00,yahoo_chart,2026-08-25T07:59:56
2026-08-24,美股,AVGO,Broadcom Inc.,stock,364.6520080566406,366.12,358.71,358.76,368.45,-2.6299,18635761.0,6685765616.36,2026-08-24T20:00:01+00:00,yahoo_chart,2026-08-25T07:59:56
2026-08-24,美股,CRM,"Salesforce, Inc.",stock,208.4199981689453,213.16,207.73,209.06,209.17,-0.0526,8432380.0,1762873362.8,2026-08-24T20:00:02+00:00,yahoo_chart,2026-08-25T07:59:56
2026-08-24,美股,GOOGL,Alphabet Inc.,stock,343.614990234375,351.6,342.5,348.06,344.82,0.9396,26279090.0,9146700065.4,2026-08-24T20:00:01+00:00,yahoo_chart,2026-08-25T07:59:56
2026-08-24,美股,INTC,Intel Corporation,stock,88.68250274658203,88.91,85.14,87.26,90.07,-3.1198,96389505.0,8410948206.3,2026-08-24T20:00:01+00:00,yahoo_chart,2026-08-25T07:59:56
2026-08-24,美股,KLAC,KLA Corporation,stock,180.02000427246094,182.79,176.45,181.57,183.99,-1.3153,9663565.0,1754613497.05,2026-08-24T20:00:01+00:00,yahoo_chart,2026-08-25T07:59:56
2026-08-24,美股,LRCX,Lam Research Corporation,stock,307.2250061035156,311.42,297.78,310.17,314.0,-1.2197,8343932.0,2588037388.44,2026-08-24T20:00:01+00:00,yahoo_chart,2026-08-25T07:59:56
2026-08-24,美股,META,"Meta Platforms, Inc.",stock,550.2000122070312,561.42,546.3,559.02,549.9,1.6585,12868199.0,7193580604.98,2026-08-24T20:00:01+00:00,yahoo_chart,2026-08-25T07:59:56
2026-08-24,美股,MSFT,Microsoft Corporation,stock,483.2049865722656,490.605,481.86,487.31,483.24,0.8422,16754809.0,8164785973.79,2026-08-24T20:00:01+00:00,yahoo_chart,2026-08-25T07:59:56
2026-08-24,美股,MU,"Micron Technology, Inc.",stock,934.7039794921875,936.45,887.605,910.43,966.78,-5.8286,29794356.0,27125675533.08,2026-08-24T20:00:01+00:00,yahoo_chart,2026-08-25T07:59:56
2026-08-24,美股,NVDA,NVIDIA Corporation,stock,215.3800048828125,215.59,207.37,208.48,214.72,-2.9061,134405887.0,28020939321.76,2026-08-24T20:00:00+00:00,yahoo_chart,2026-08-25T07:59:56
2026-08-24,美股,ORCL,Oracle Corporation,stock,145.1199951171875,145.12,141.26,142.45,146.47,-2.7446,14120539.0,2011470780.55,2026-08-24T20:04:39+00:00,yahoo_chart,2026-08-25T07:59:56
2026-08-24,美股,PLTR,Palantir Technologies Inc.,stock,177.4499969482422,178.75,171.31,175.89,179.94,-2.2508,35003354.0,6156739935.06,2026-08-24T20:00:00+00:00,yahoo_chart,2026-08-25T07:59:56
2026-08-24,美股,QQQ,Invesco QQQ Trust,benchmark,709.625,709.79,702.7,706.32,713.44,-0.998,37094975.0,26200922742.0,2026-08-24T20:00:00+00:00,yahoo_chart,2026-08-25T07:59:56
2026-08-24,美股,SMH,VanEck Semiconductor ETF,benchmark,553.552001953125,553.945,540.77,546.8,560.42,-2.4303,7655162.0,4185842581.6,2026-08-24T20:00:00+00:00,yahoo_chart,2026-08-25T07:59:56
2026-08-24,美股,SOXX,iShares Semiconductor ETF,benchmark,511.79998779296875,512.105,498.95,506.18,520.05,-2.6671,7686231.0,3890616407.58,2026-08-24T20:00:00+00:00,yahoo_chart,2026-08-25T07:59:56
2026-08-24,美股,SPY,State Street SPDR S&P 500 ETF Trust,benchmark,764.780029296875,765.22,762.08,763.47,765.72,-0.2938,31916629.0,24367388742.63,2026-08-24T20:00:00+00:00,yahoo_chart,2026-08-25T07:59:56
2026-08-24,美股,TSLA,"Tesla, Inc.",stock,361.75,363.24,348.26,348.95,362.86,-3.8334,39022052.0,13616745045.4,2026-08-24T20:00:00+00:00,yahoo_chart,2026-08-25T07:59:56
2026-08-24,美股,TSM,Taiwan Semiconductor Manufacturing Company Limited,stock,413.8699951171875,414.25,405.15,410.12,418.95,-2.1077,10623060.0,4356729367.2,2026-08-24T20:00:03+00:00,yahoo_chart,2026-08-25T07:59:56
2026-08-24,美股,XLK,State Street Technology Select Sector SPDR ETF,benchmark,181.67999267578125,181.879,178.815,180.05,183.31,-1.7784,6535013.0,1176629090.65,2026-08-24T20:00:00+00:00,yahoo_chart,2026-08-25T07:59:56
2026-08-24,美股,^VIX,CBOE Volatility Index,benchmark,15.899999618530273,16.06,15.61,15.85,15.13,4.7588,0.0,0.0,2026-08-24T20:15:01+00:00,yahoo_chart,2026-08-25T07:59:56
2026-08-25,A股,000300,沪深300,index,4542.2438,4573.3777,4523.0229,4552.0326,4563.1266,-0.2431,171510168.0,480421573872.0,2026-08-25 15:35:44,sina,2026-08-25T21:10:50
2026-08-25,A股,000333,美的集团,stock,86.2,87.4,86.03,86.69,85.99,0.814,25305523.0,2195605977.04,2026-08-25 15:35:30,sina,2026-08-25T21:10:50
2026-08-25,A股,000688,科创50,index,1584.5161,1622.2047,1564.7652,1604.5931,1602.3369,0.1408,7171351.0,75293140094.0,2026-08-25 15:35:44,sina,2026-08-25T21:10:50
2026-08-25,A股,000905,中证500,index,7644.2044,7755.7245,7572.8616,7710.9365,7717.0851,-0.0797,147594598.0,326274017625.0,2026-08-25 15:35:44,sina,2026-08-25T21:10:50
2026-08-25,A股,000977,浪潮信息,stock,71.43,74.99,71.42,74.11,73.22,1.2155,40085390.0,2937106208.01,2026-08-25 15:35:15,sina,2026-08-25T21:10:50
2026-08-25,A股,002371,北方华创,stock,707.5,707.5,676.66,700.4,707.9,-1.0595,7521665.0,5211216972.47,2026-08-25 15:35:15,sina,2026-08-25T21:10:50
2026-08-25,A股,002463,沪电股份,stock,113.08,118.12,112.22,114.29,115.57,-1.1076,41105433.0,4734042965.61,2026-08-25 15:35:45,sina,2026-08-25T21:10:50
2026-08-25,A股,002594,比亚迪,stock,90.49,91.5,89.91,91.36,90.66,0.7721,27450227.0,2492097983.68,2026-08-25 15:35:00,sina,2026-08-25T21:10:50
2026-08-25,A股,159915,创业板,ETF,3.404,3.461,3.376,3.419,3.457,-1.0992,1923149936.0,6562736497.542,2026-08-25 15:35:30,sina,2026-08-25T21:10:50
2026-08-25,A股,300059,东方财富,stock,18.92,18.97,18.76,18.93,18.92,0.0529,130122071.0,2455256289.72,2026-08-25 15:35:45,sina,2026-08-25T21:10:50
2026-08-25,A股,300274,阳光电源,stock,111.0,111.0,108.38,109.59,111.5,-1.713,23807031.0,2608411547.18,2026-08-25 15:35:15,sina,2026-08-25T21:10:50
2026-08-25,A股,300308,中际旭创,stock,850.23,871.91,837.12,846.0,870.22,-2.7832,29356020.0,25019267513.25,2026-08-25 15:35:00,sina,2026-08-25T21:10:50
2026-08-25,A股,300502,新易盛,stock,405.0,413.02,395.0,400.87,412.0,-2.7015,35027149.0,14132371802.28,2026-08-25 15:35:30,sina,2026-08-25T21:10:50
2026-08-25,A股,300750,宁德时代,stock,391.0,391.15,376.06,376.73,387.89,-2.8771,26064594.0,9924585378.21,2026-08-25 15:35:30,sina,2026-08-25T21:10:50
2026-08-25,A股,399006,创业板指,index,3403.198,3440.65,3359.735,3397.515,3431.885,-1.0015,17066418311.0,463976734895.49,2026-08-25 15:00:03,sina,2026-08-25T21:10:50
2026-08-25,A股,510300,沪深300ETF华泰柏瑞,ETF,4.601,4.639,4.587,4.616,4.627,-0.2377,745256800.0,3435989271.0,2026-08-25 15:34:59,sina,2026-08-25T21:10:50
2026-08-25,A股,512760,芯片ETF国泰,ETF,1.047,1.078,1.031,1.066,1.066,0.0,299372130.0,315837004.0,2026-08-25 15:34:59,sina,2026-08-25T21:10:50
2026-08-25,A股,512880,证券ETF国泰,ETF,1.066,1.07,1.061,1.067,1.067,0.0,952558664.0,1014453356.0,2026-08-25 15:34:59,sina,2026-08-25T21:10:50
2026-08-25,A股,588000,科创50ETF华夏,ETF,1.666,1.714,1.651,1.693,1.691,0.1183,3396323602.0,5720940991.0,2026-08-25 15:34:59,sina,2026-08-25T21:10:50
2026-08-25,A股,600030,中信证券,stock,27.28,27.33,27.05,27.15,27.27,-0.44,62859742.0,1705382681.0,2026-08-25 15:34:59,sina,2026-08-25T21:10:50
2026-08-25,A股,600036,招商银行,stock,39.7,39.92,39.42,39.5,39.58,-0.2021,63418322.0,2512181928.0,2026-08-25 15:34:59,sina,2026-08-25T21:10:50
2026-08-25,A股,600519,贵州茅台,stock,1311.89,1317.0,1301.11,1304.0,1304.66,-0.0506,2111118.0,2757527115.0,2026-08-25 15:34:59,sina,2026-08-25T21:10:50
2026-08-25,A股,600941,中国移动,stock,97.6,99.06,97.54,98.86,97.53,1.3637,12696129.0,1253319403.0,2026-08-25 15:34:59,sina,2026-08-25T21:10:50
2026-08-25,A股,601138,工业富联,stock,58.75,60.85,58.75,60.15,60.4,-0.4139,75599449.0,4520906457.0,2026-08-25 15:34:59,sina,2026-08-25T21:10:50
2026-08-25,A股,601318,中国平安,stock,55.06,55.42,54.65,55.01,54.92,0.1639,73929038.0,4060610155.0,2026-08-25 15:34:59,sina,2026-08-25T21:10:50
2026-08-25,A股,601899,紫金矿业,stock,34.7,34.7,33.4,33.68,34.54,-2.4899,251565413.0,8504382603.0,2026-08-25 15:34:59,sina,2026-08-25T21:10:50
2026-08-25,A股,603019,中科曙光,stock,81.25,83.67,81.07,83.19,82.18,1.229,20693942.0,1711619377.0,2026-08-25 15:34:59,sina,2026-08-25T21:10:50
2026-08-25,A股,603501,豪威集团,stock,80.9,85.98,80.1,85.55,82.5,3.697,22667130.0,1893763966.0,2026-08-25 15:34:59,sina,2026-08-25T21:10:50
2026-08-25,A股,688041,海光信息,stock,226.98,234.59,225.75,232.06,230.81,0.5416,18256584.0,4223331422.0,2026-08-25 15:34:59,sina,2026-08-25T21:10:50
2026-08-25,A股,688256,寒武纪,stock,970.0,1029.24,953.0,1010.48,969.05,4.2753,12571975.0,12588517790.0,2026-08-25 15:34:59,sina,2026-08-25T21:10:50
2026-08-25,A股,688981,中芯国际,stock,118.58,121.64,117.88,120.0,120.58,-0.481,31064342.0,3718701204.0,2026-08-25 15:34:59,sina,2026-08-25T21:10:50
2026-08-25,美股,AAPL,Apple Inc.,stock,310.93499755859375,313.58,308.21,309.9,310.34,-0.1418,25666176.0,7953947942.4,2026-08-25T20:00:01+00:00,yahoo_chart,2026-08-26T08:09:08
2026-08-25,美股,AMAT,"Applied Materials, Inc.",stock,490.20001220703125,492.3,475.88,480.04,484.19,-0.8571,5027910.0,2413597916.4,2026-08-25T20:00:00+00:00,yahoo_chart,2026-08-26T08:09:08
2026-08-25,美股,AMD,"Advanced Micro Devices, Inc.",stock,474.6000061035156,481.5,469.07,479.18,456.745,4.9119,18912693.0,9062584231.74,2026-08-25T20:00:01+00:00,yahoo_chart,2026-08-26T08:09:08
2026-08-25,美股,AMZN,"Amazon.com, Inc.",stock,262.6000061035156,263.872,259.83,261.06,262.07,-0.3854,25452240.0,6644561774.4,2026-08-25T20:00:01+00:00,yahoo_chart,2026-08-26T08:09:08
2026-08-25,美股,ASML,ASML Holding N.V.,stock,1759.6300048828125,1769.99,1735.87,1744.16,1740.13,0.2316,792084.0,1381521229.44,2026-08-25T20:00:01+00:00,yahoo_chart,2026-08-26T08:09:08
2026-08-25,美股,AVGO,Broadcom Inc.,stock,360.9949951171875,362.99,355.32,356.74,358.76,-0.5631,17929510.0,6396173397.4,2026-08-25T20:00:01+00:00,yahoo_chart,2026-08-26T08:09:08
2026-08-25,美股,CRM,"Salesforce, Inc.",stock,205.85000610351562,210.31,204.78,205.69,209.06,-1.612,10074827.0,2072291165.63,2026-08-25T20:00:03+00:00,yahoo_chart,2026-08-26T08:09:08
2026-08-25,美股,GOOGL,Alphabet Inc.,stock,349.375,350.16,345.61,346.96,348.06,-0.316,20600170.0,7147434983.2,2026-08-25T20:00:01+00:00,yahoo_chart,2026-08-26T08:09:08
2026-08-25,美股,INTC,Intel Corporation,stock,89.9000015258789,90.18,87.29,87.48,87.26,0.2521,81194224.0,7102870715.52,2026-08-25T20:00:01+00:00,yahoo_chart,2026-08-26T08:09:08
2026-08-25,美股,KLAC,KLA Corporation,stock,184.5800018310547,186.13,180.72,183.34,181.57,0.9748,8895081.0,1630824150.54,2026-08-25T20:00:01+00:00,yahoo_chart,2026-08-26T08:09:08
2026-08-25,美股,LRCX,Lam Research Corporation,stock,316.20001220703125,318.61,307.875,314.66,310.17,1.4476,5015254.0,1578099823.64,2026-08-25T20:00:01+00:00,yahoo_chart,2026-08-26T08:09:08
2026-08-25,美股,META,"Meta Platforms, Inc.",stock,563.75,570.8,561.4,570.05,559.02,1.9731,9719248.0,5540457322.4,2026-08-25T20:00:01+00:00,yahoo_chart,2026-08-26T08:09:08
2026-08-25,美股,MSFT,Microsoft Corporation,stock,485.56500244140625,492.435,484.3,491.71,487.31,0.9029,19144017.0,9413304599.07,2026-08-25T20:00:01+00:00,yahoo_chart,2026-08-26T08:09:08
2026-08-25,美股,MU,"Micron Technology, Inc.",stock,928.9749755859375,946.621,916.3,932.97,910.43,2.4758,18989997.0,17717097501.09,2026-08-25T20:00:01+00:00,yahoo_chart,2026-08-26T08:09:08
2026-08-25,美股,NVDA,NVIDIA Corporation,stock,211.02499389648438,214.729,210.11,213.05,208.48,2.1921,120441439.0,25660048578.95,2026-08-25T20:00:00+00:00,yahoo_chart,2026-08-26T08:09:08
2026-08-25,美股,ORCL,Oracle Corporation,stock,143.3000030517578,146.335,142.51,144.76,142.45,1.6216,13254279.0,1918689428.04,2026-08-25T20:04:25+00:00,yahoo_chart,2026-08-26T08:09:08
2026-08-25,美股,PLTR,Palantir Technologies Inc.,stock,176.65499877929688,179.87,172.2,172.73,175.89,-1.7966,24473108.0,4227239944.84,2026-08-25T20:00:00+00:00,yahoo_chart,2026-08-26T08:09:08
2026-08-25,美股,QQQ,Invesco QQQ Trust,benchmark,711.27001953125,714.04,707.45,710.72,706.32,0.6229,23450911.0,16667031465.92,2026-08-25T20:00:00+00:00,yahoo_chart,2026-08-26T08:09:08
2026-08-25,美股,SMH,VanEck Semiconductor ETF,benchmark,555.375,560.35,550.68,555.82,546.8,1.6496,5872964.0,3264310850.48,2026-08-25T20:00:00+00:00,yahoo_chart,2026-08-26T08:09:08
2026-08-25,美股,SOXX,iShares Semiconductor ETF,benchmark,516.10498046875,520.085,509.66,514.06,506.18,1.5568,6304411.0,3240845518.66,2026-08-25T20:00:00+00:00,yahoo_chart,2026-08-26T08:09:08
2026-08-25,美股,SPY,State Street SPDR S&P 500 ETF Trust,benchmark,766.1599731445312,766.78,763.05,765.91,763.47,0.3196,27030487.0,20702920298.17,2026-08-25T20:00:00+00:00,yahoo_chart,2026-08-26T08:09:08
2026-08-25,美股,TSLA,"Tesla, Inc.",stock,350.8699951171875,357.0,349.2,350.25,348.95,0.3725,29715710.0,10407927427.5,2026-08-25T20:00:01+00:00,yahoo_chart,2026-08-26T08:09:08
2026-08-25,美股,TSM,Taiwan Semiconductor Manufacturing Company Limited,stock,414.5849914550781,419.77,414.03,417.41,410.12,1.7775,7027792.0,2933470658.72,2026-08-25T20:00:02+00:00,yahoo_chart,2026-08-26T08:09:08
2026-08-25,美股,XLK,State Street Technology Select Sector SPDR ETF,benchmark,182.11000061035156,183.02,180.59,181.74,180.05,0.9386,5356507.0,973491582.18,2026-08-25T20:00:00+00:00,yahoo_chart,2026-08-26T08:09:08
2026-08-25,美股,^VIX,CBOE Volatility Index,benchmark,15.710000038146973,16.3,15.13,15.45,15.13,2.115,0.0,0.0,2026-08-25T20:15:01+00:00,yahoo_chart,2026-08-26T08:09:08
2026-08-26,A股,000300,沪深300,index,4549.4321,4612.0375,4542.8425,4590.7935,4552.0326,0.8515,184578169.0,489057278410.0,2026-08-26 15:35:44,sina,2026-08-26T14:54:53
2026-08-26,A股,000333,美的集团,stock,86.03,87.26,86.02,86.39,86.69,-0.3461,16637658.0,1440578173.52,2026-08-26 15:35:30,sina,2026-08-26T14:54:53
2026-08-26,A股,000688,科创50,index,1605.7411,1644.7197,1598.4407,1632.02,1604.5931,1.7093,7430315.0,79356925304.0,2026-08-26 15:35:44,sina,2026-08-26T14:54:53
2026-08-26,A股,000905,中证500,index,7714.8387,7833.6022,7699.4242,7770.5347,7710.9365,0.7729,166303916.0,325261411043.0,2026-08-26 15:35:44,sina,2026-08-26T14:54:53
2026-08-26,A股,000977,浪潮信息,stock,74.25,75.12,73.4,73.79,74.11,-0.4318,33837182.0,2508231468.93,2026-08-26 15:35:15,sina,2026-08-26T14:54:53
2026-08-26,A股,002371,北方华创,stock,671.3,717.88,669.01,700.7,700.4,0.0428,9796253.0,6824428489.53,2026-08-26 15:35:15,sina,2026-08-26T14:54:53
2026-08-26,A股,002463,沪电股份,stock,116.42,121.99,115.63,119.22,114.29,4.3136,59517170.0,7090402473.37,2026-08-26 15:35:45,sina,2026-08-26T14:54:53
2026-08-26,A股,002594,比亚迪,stock,91.2,93.23,91.06,92.09,91.36,0.799,28282255.0,2607485071.43,2026-08-26 15:35:00,sina,2026-08-26T14:54:53
2026-08-26,A股,159915,创业板,ETF,3.423,3.474,3.395,3.432,3.419,0.3802,1768846732.0,6081866089.979,2026-08-26 15:35:45,sina,2026-08-26T14:54:53
2026-08-26,A股,300059,东方财富,stock,18.89,19.61,18.87,19.36,18.93,2.2715,330666122.0,6397844278.87,2026-08-26 15:35:00,sina,2026-08-26T14:54:53
2026-08-26,A股,300274,阳光电源,stock,109.0,113.9,108.77,112.62,109.59,2.7649,29784508.0,3337653470.96,2026-08-26 15:35:30,sina,2026-08-26T14:54:53
2026-08-26,A股,300308,中际旭创,stock,855.0,866.0,830.0,850.9,846.0,0.5792,21810959.0,18603935438.04,2026-08-26 15:35:15,sina,2026-08-26T14:54:53
2026-08-26,A股,300502,新易盛,stock,402.36,408.5,385.0,398.78,400.87,-0.5214,34226645.0,13639965066.77,2026-08-26 15:35:45,sina,2026-08-26T14:54:53
2026-08-26,A股,300750,宁德时代,stock,379.9,385.5,373.71,379.0,376.73,0.6026,20716240.0,7909044893.82,2026-08-26 15:35:45,sina,2026-08-26T14:54:53
2026-08-26,A股,399006,创业板指,index,3409.279,3455.888,3379.142,3414.883,3397.515,0.5112,16478265609.0,443580627792.81,2026-08-26 15:00:03,sina,2026-08-26T14:54:53
2026-08-26,A股,510300,沪深300ETF华泰柏瑞,ETF,4.615,4.68,4.611,4.652,4.616,0.7799,846320851.0,3935828217.0,2026-08-26 15:34:59,sina,2026-08-26T14:54:53
2026-08-26,A股,512760,芯片ETF国泰,ETF,1.067,1.091,1.056,1.08,1.066,1.3133,363957734.0,391564007.0,2026-08-26 15:34:59,sina,2026-08-26T14:54:53
2026-08-26,A股,512880,证券ETF国泰,ETF,1.066,1.098,1.065,1.096,1.067,2.7179,2998729418.0,3263379118.0,2026-08-26 15:34:59,sina,2026-08-26T14:54:53
2026-08-26,A股,588000,科创50ETF华夏,ETF,1.694,1.736,1.687,1.721,1.693,1.6539,3434862147.0,5888654230.0,2026-08-26 15:34:59,sina,2026-08-26T14:54:53
2026-08-26,A股,600030,中信证券,stock,27.15,27.83,27.05,27.77,27.15,2.2836,172626933.0,4769448349.0,2026-08-26 15:34:59,sina,2026-08-26T14:54:53
2026-08-26,A股,600036,招商银行,stock,39.41,39.98,39.38,39.8,39.5,0.7595,64645543.0,2574006915.0,2026-08-26 15:34:59,sina,2026-08-26T14:54:53
2026-08-26,A股,600519,贵州茅台,stock,1300.0,1314.45,1295.0,1302.8,1304.0,-0.092,2173083.0,2838763999.0,2026-08-26 15:34:59,sina,2026-08-26T14:54:53
2026-08-26,A股,600941,中国移动,stock,98.82,98.92,98.04,98.45,98.86,-0.4147,6286893.0,618962793.0,2026-08-26 15:34:59,sina,2026-08-26T14:54:53
2026-08-26,A股,601138,工业富联,stock,60.2,60.8,59.38,60.57,60.15,0.6983,73340525.0,4413181464.0,2026-08-26 15:34:59,sina,2026-08-26T14:54:53
2026-08-26,A股,601318,中国平安,stock,54.87,56.38,54.66,56.13,55.01,2.036,105343675.0,5886018865.0,2026-08-26 15:34:59,sina,2026-08-26T14:54:53
2026-08-26,A股,601899,紫金矿业,stock,33.7,35.35,33.7,34.47,33.68,2.3456,314235193.0,10924145121.0,2026-08-26 15:34:59,sina,2026-08-26T14:54:53
2026-08-26,A股,603019,中科曙光,stock,84.0,84.65,82.73,84.25,83.19,1.2742,22081797.0,1845181363.0,2026-08-26 15:34:59,sina,2026-08-26T14:54:53
2026-08-26,A股,603501,豪威集团,stock,85.02,85.45,83.93,84.0,85.55,-1.8118,12214158.0,1030617424.0,2026-08-26 15:34:59,sina,2026-08-26T14:54:53
2026-08-26,A股,688041,海光信息,stock,232.0,233.48,228.2,230.96,232.06,-0.474,19881188.0,4582156466.0,2026-08-26 15:34:59,sina,2026-08-26T14:54:53
2026-08-26,A股,688256,寒武纪,stock,1005.0,1036.85,1001.12,1020.0,1010.48,0.9421,9728315.0,9952518620.0,2026-08-26 15:34:59,sina,2026-08-26T14:54:53
2026-08-26,A股,688981,中芯国际,stock,120.5,124.6,120.22,124.15,120.0,3.4583,40108093.0,4931938236.0,2026-08-26 15:34:59,sina,2026-08-26T14:54:53
2026-08-26,美股,AAPL,Apple Inc.,stock,310.2449951171875,313.42,308.8,312.74,309.9,0.9164,6680303.0,2089197960.22,2026-08-26T14:54:51+00:00,yahoo_chart,2026-08-26T14:54:53
2026-08-26,美股,AMAT,"Applied Materials, Inc.",stock,479.2099914550781,480.67,472.435,479.22,480.04,-0.1708,1346717.0,645373720.74,2026-08-26T14:54:47+00:00,yahoo_chart,2026-08-26T14:54:53
2026-08-26,美股,AMD,"Advanced Micro Devices, Inc.",stock,475.0400085449219,491.12,474.58,484.749,479.18,1.1622,6201681.0,3006258663.07,2026-08-26T14:54:50+00:00,yahoo_chart,2026-08-26T14:54:53
2026-08-26,美股,AMZN,"Amazon.com, Inc.",stock,260.7200012207031,262.05,258.78,259.921,261.06,-0.4363,5461781.0,1419631579.3,2026-08-26T14:54:50+00:00,yahoo_chart,2026-08-26T14:54:53
2026-08-26,美股,ASML,ASML Holding N.V.,stock,1745.800048828125,1761.58,1732.78,1742.145,1744.16,-0.1155,299319.0,521457099.25,2026-08-26T14:54:46+00:00,yahoo_chart,2026-08-26T14:54:53
2026-08-26,美股,AVGO,Broadcom Inc.,stock,357.239990234375,359.47,350.7,352.315,356.74,-1.2404,5712229.0,2012503960.13,2026-08-26T14:54:51+00:00,yahoo_chart,2026-08-26T14:54:53
2026-08-26,美股,CRM,"Salesforce, Inc.",stock,199.94000244140625,205.87,198.95,203.835,205.69,-0.9018,2912084.0,593584642.14,2026-08-26T14:54:52+00:00,yahoo_chart,2026-08-26T14:54:53
2026-08-26,美股,GOOGL,Alphabet Inc.,stock,346.6199951171875,346.88,341.45,342.695,346.96,-1.2292,5220756.0,1789126977.42,2026-08-26T14:54:51+00:00,yahoo_chart,2026-08-26T14:54:53
2026-08-26,美股,INTC,Intel Corporation,stock,86.82499694824219,87.416,85.63,86.54,87.48,-1.0745,24449846.0,2115889672.84,2026-08-26T14:54:51+00:00,yahoo_chart,2026-08-26T14:54:53
2026-08-26,美股,KLAC,KLA Corporation,stock,183.41000366210938,183.82,179.7,181.975,183.34,-0.7445,1117820.0,203415294.5,2026-08-26T14:54:51+00:00,yahoo_chart,2026-08-26T14:54:53
2026-08-26,美股,LRCX,Lam Research Corporation,stock,313.70001220703125,315.62,308.05,312.095,314.66,-0.8152,885118.0,276240902.21,2026-08-26T14:54:06+00:00,yahoo_chart,2026-08-26T14:54:53
2026-08-26,美股,META,"Meta Platforms, Inc.",stock,590.4375,593.27,561.945,584.213,570.05,2.4845,17011116.0,9938115111.71,2026-08-26T14:54:52+00:00,yahoo_chart,2026-08-26T14:54:53
2026-08-26,美股,MSFT,Microsoft Corporation,stock,487.8500061035156,497.14,487.31,495.052,491.71,0.6797,7266434.0,3597262684.57,2026-08-26T14:54:51+00:00,yahoo_chart,2026-08-26T14:54:53
2026-08-26,美股,MU,"Micron Technology, Inc.",stock,925.739990234375,942.88,924.6,935.795,932.97,0.3028,6134254.0,5740404221.93,2026-08-26T14:54:50+00:00,yahoo_chart,2026-08-26T14:54:53
2026-08-26,美股,NVDA,NVIDIA Corporation,stock,212.4199981689453,213.6,210.081,211.1,213.05,-0.9153,31308631.0,6609252004.1,2026-08-26T14:54:50+00:00,yahoo_chart,2026-08-26T14:54:53
2026-08-26,美股,ORCL,Oracle Corporation,stock,147.0,151.61,146.825,147.67,144.76,2.0102,6516019.0,962220525.73,2026-08-26T14:54:52+00:00,yahoo_chart,2026-08-26T14:54:53
2026-08-26,美股,PLTR,Palantir Technologies Inc.,stock,170.4239959716797,176.24,168.9,174.8,172.73,1.1984,8514523.0,1488338620.4,2026-08-26T14:54:52+00:00,yahoo_chart,2026-08-26T14:54:53
2026-08-26,美股,QQQ,Invesco QQQ Trust,benchmark,708.5,712.2,707.97,710.11,710.72,-0.0858,6017437.0,4273042188.07,2026-08-26T14:54:53+00:00,yahoo_chart,2026-08-26T14:54:53
2026-08-26,美股,SMH,VanEck Semiconductor ETF,benchmark,554.1519775390625,557.78,550.54,553.815,555.82,-0.3607,978831.0,542091290.27,2026-08-26T14:54:53+00:00,yahoo_chart,2026-08-26T14:54:53
2026-08-26,美股,SOXX,iShares Semiconductor ETF,benchmark,512.6300048828125,516.181,509.3,512.82,514.06,-0.2412,1308001.0,670769072.82,2026-08-26T14:54:52+00:00,yahoo_chart,2026-08-26T14:54:53
2026-08-26,美股,SPY,State Street SPDR S&P 500 ETF Trust,benchmark,764.72998046875,766.96,764.68,765.71,765.91,-0.0261,5552186.0,4251364342.06,2026-08-26T14:54:52+00:00,yahoo_chart,2026-08-26T14:54:53
2026-08-26,美股,TSLA,"Tesla, Inc.",stock,345.25,351.93,342.53,344.03,350.25,-1.7759,10025262.0,3448990885.86,2026-08-26T14:54:51+00:00,yahoo_chart,2026-08-26T14:54:53
2026-08-26,美股,TSM,Taiwan Semiconductor Manufacturing Company Limited,stock,418.45001220703125,420.75,415.63,416.078,417.41,-0.3191,1918511.0,798250219.86,2026-08-26T14:54:48+00:00,yahoo_chart,2026-08-26T14:54:53
2026-08-26,美股,XLK,State Street Technology Select Sector SPDR ETF,benchmark,180.7100067138672,182.775,180.71,182.105,181.74,0.2008,1063858.0,193733861.09,2026-08-26T14:54:39+00:00,yahoo_chart,2026-08-26T14:54:53
2026-08-26,美股,^VIX,CBOE Volatility Index,benchmark,15.649999618530273,15.74,15.43,15.51,15.45,0.3883,0.0,0.0,2026-08-26T14:39:46+00:00,yahoo_chart,2026-08-26T14:54:53
