date,time,market,symbol,name,asset_type,rank,action,current_price,buy_zone,take_profit,stop_loss,sell_rule,day_score,overnight_score,overnight_view,logic,risk,benchmark,review_status,next_open,next_close,overnight_return,intraday_return,relative_return,result_label,lesson
2026-07-05,19:40:34,A股,002594,比亚迪,stock,1,快照：强势观察,快照 88.47,87.76-89.00,91.57-92.89,86.26,跌破观察区下沿、弱于基准、板块转弱或出现公告/新闻风险,91,65,收盘前仍强于基准且无事件风险时，才进入隔夜观察,新能源车；相对基准 5.2424%。,中风险；需检查事件风险,沪深300,待复盘,,,,,,,
2026-07-05,19:40:34,A股,601138,工业富联,stock,2,快照：强势观察,快照 64.72,64.20-65.11,66.99-67.96,63.10,跌破观察区下沿、弱于基准、板块转弱或出现公告/新闻风险,90,100,收盘前仍强于基准且无事件风险时，才进入隔夜观察,AI硬件/服务器；相对基准 1.6817%。,中高风险；需检查事件风险,科创50,待复盘,,,,,,,
2026-07-05,19:40:34,A股,002463,沪电股份,stock,3,快照：强势观察,快照 135.35,134.27-136.16,140.09-142.12,131.97,跌破观察区下沿、弱于基准、板块转弱或出现公告/新闻风险,88,65,收盘前仍强于基准且无事件风险时，才进入隔夜观察,AI PCB/服务器链；相对基准 3.0876%。,中高风险；需检查事件风险,沪深300,待复盘,,,,,,,
2026-07-05,19:40:34,A股,000977,浪潮信息,stock,4,快照：强势观察,快照 66.35,65.82-66.75,68.67-69.67,64.69,跌破观察区下沿、弱于基准、板块转弱或出现公告/新闻风险,88,65,收盘前仍强于基准且无事件风险时，才进入隔夜观察,服务器/算力；相对基准 3.3923%。,中高风险；需检查事件风险,沪深300,待复盘,,,,,,,
2026-07-05,19:40:34,A股,601899,紫金矿业,stock,5,快照：强势观察,快照 27.82,27.60-27.99,28.79-29.21,27.12,跌破观察区下沿、弱于基准、板块转弱或出现公告/新闻风险,88,65,收盘前仍强于基准且无事件风险时，才进入隔夜观察,有色/黄金铜；相对基准 5.1586%。,中高风险；需检查事件风险,沪深300,待复盘,,,,,,,
2026-07-05,19:40:34,美股,MSFT,Microsoft Corporation,stock,1,快照：强势观察,快照 390.49,387.37-392.83,404.16-410.01,380.73,跌破观察区下沿、弱于基准、板块转弱或出现公告/新闻风险,87,65,收盘前仍强于基准且无事件风险时，才进入隔夜观察,AI云/软件；相对基准 3.3482%。,中风险；需检查事件风险,QQQ,待复盘,,,,,,,
2026-07-05,19:40:34,美股,AAPL,Apple Inc.,stock,2,快照：候选观察,快照 308.63,306.16-310.48,319.43-324.06,300.91,跌破观察区下沿、弱于基准、板块转弱或出现公告/新闻风险,80,30,收盘前仍强于基准且无事件风险时，才进入隔夜观察,消费电子/大科技；相对基准 6.5729%。,中风险；需检查事件风险,QQQ,待复盘,,,,,,,
2026-07-05,19:40:34,美股,CRM,"Salesforce, Inc.",stock,3,快照：候选观察,快照 166.11,164.78-167.11,171.92-174.42,161.96,跌破观察区下沿、弱于基准、板块转弱或出现公告/新闻风险,78,30,收盘前仍强于基准且无事件风险时，才进入隔夜观察,企业软件；相对基准 3.4966%。,中风险；需检查事件风险,QQQ,待复盘,,,,,,,
2026-07-05,19:40:34,美股,AMZN,"Amazon.com, Inc.",stock,4,快照：候选观察,快照 242.67,240.73-244.13,251.16-254.80,236.60,跌破观察区下沿、弱于基准、板块转弱或出现公告/新闻风险,74,65,收盘前仍强于基准且无事件风险时，才进入隔夜观察,云/电商/AI资本开支；相对基准 2.1335%。,中风险；需检查事件风险,QQQ,待复盘,,,,,,,
2026-07-05,19:40:34,美股,PLTR,Palantir Technologies Inc.,stock,5,快照：边缘观察,快照 129.30,128.27-130.08,133.83-137.70,124.77,跌破观察区下沿、弱于基准、板块转弱或出现公告/新闻风险,70,30,收盘前仍强于基准且无事件风险时，才进入隔夜观察,AI软件/数据分析；相对基准 4.5716%。,高风险；需检查事件风险,QQQ,待复盘,,,,,,,
2026-07-06,03:31:30,A股,A_SHARE_DATA_INSUFFICIENT,新浪行情抓取失败,skip,,数据不足/本轮跳过,数据不足,数据不足,数据不足,数据不足,未取得可核验当前价、成交量、时间戳和基准表现，本轮不生成交易候选,,,不适合隔夜；缺少可核验行情与风险字段，尾盘不得确认隔夜,"fetch_market_data.py records=0, errors=26; 新浪A股行情不可用",数据源不可用；不得编造价格、胜率或止盈止损,,数据不足/本轮跳过,,,,,,不计胜率,等待下一轮可核验新浪行情后再运行A股评分
2026-07-06,03:45:31,A股,A_SHARE_DATA_INSUFFICIENT,新浪行情抓取失败,skip,,数据不足/本轮跳过,数据不足,数据不足,数据不足,数据不足,未取得可核验当前价、成交量、时间戳和基准表现，本轮不生成交易候选,,,不适合隔夜；缺少可核验行情与风险字段，尾盘不得确认隔夜,"fetch_market_data.py records=0, errors=26; 新浪A股行情不可用",数据源不可用；不得编造价格、胜率或止盈止损,,数据不足/本轮跳过,,,,,,不计胜率,等待下一轮可核验新浪行情后再运行A股评分
2026-07-06,04:00:43,A股,A_SHARE_DATA_INSUFFICIENT,新浪行情抓取失败,skip,,数据不足/本轮跳过,数据不足,数据不足,数据不足,数据不足,未取得可核验当前价、成交量、时间戳和基准表现，本轮不生成交易候选,,,不适合隔夜；缺少可核验行情与风险字段，尾盘不得确认隔夜,"fetch_market_data.py records=0, errors=26; 新浪A股行情不可用",数据源不可用；不得编造价格、胜率或止盈止损,,数据不足/本轮跳过,,,,,,不计胜率,等待下一轮可核验新浪行情后再运行A股评分
2026-07-06,04:15:30,A股,A_SHARE_DATA_INSUFFICIENT,新浪行情抓取失败,skip,,数据不足/本轮跳过,数据不足,数据不足,数据不足,数据不足,未取得可核验当前价、成交量、时间戳和基准表现，本轮不生成交易候选,,,不适合隔夜；缺少可核验行情与风险字段，尾盘不得确认隔夜,"fetch_market_data.py records=0, errors=26; 新浪A股行情不可用",数据源不可用；不得编造价格、胜率或止盈止损,,数据不足/本轮跳过,,,,,,不计胜率,等待下一轮可核验新浪行情后再运行A股评分
2026-07-06,04:30:49,A股,A_SHARE_DATA_INSUFFICIENT,新浪行情抓取失败,skip,,数据不足/本轮跳过,数据不足,数据不足,数据不足,数据不足,未取得可核验当前价、成交量、时间戳和基准表现，本轮不生成交易候选,,,不适合隔夜；缺少可核验行情与风险字段，尾盘不得确认隔夜,"fetch_market_data.py records=0, errors=26; 新浪A股行情不可用",数据源不可用；不得编造价格、胜率或止盈止损,,数据不足/本轮跳过,,,,,,不计胜率,等待下一轮可核验新浪行情后再运行A股评分
2026-07-06,04:45:31,A股,A_SHARE_DATA_INSUFFICIENT,新浪行情抓取失败,skip,,数据不足/本轮跳过,数据不足,数据不足,数据不足,数据不足,未取得可核验当前价、成交量、时间戳和基准表现，本轮不生成交易候选,,,不适合隔夜；缺少可核验行情与风险字段，尾盘不得确认隔夜,"fetch_market_data.py records=0, errors=26; 新浪A股行情不可用",数据源不可用；不得编造价格、胜率或止盈止损,,数据不足/本轮跳过,,,,,,不计胜率,等待下一轮可核验新浪行情后再运行A股评分
2026-07-06,05:00:29,A股,A_SHARE_DATA_INSUFFICIENT,新浪行情抓取失败,skip,,数据不足/本轮跳过,数据不足,数据不足,数据不足,数据不足,未取得可核验当前价、成交量、时间戳和基准表现，本轮不生成交易候选,,,不适合隔夜；缺少可核验行情与风险字段，尾盘不得确认隔夜,"fetch_market_data.py records=0, errors=26; 新浪A股行情不可用",数据源不可用；不得编造价格、胜率或止盈止损,,数据不足/本轮跳过,,,,,,不计胜率,等待下一轮可核验新浪行情后再运行A股评分
2026-07-06,05:15:32,A股,A_SHARE_DATA_INSUFFICIENT,新浪行情抓取失败,skip,,数据不足/本轮跳过,数据不足,数据不足,数据不足,数据不足,未取得可核验当前价、成交量、时间戳和基准表现，本轮不生成交易候选,,,不适合隔夜；缺少可核验行情与风险字段，尾盘不得确认隔夜,"fetch_market_data.py records=0, errors=26; 新浪A股行情不可用",数据源不可用；不得编造价格、胜率或止盈止损,,数据不足/本轮跳过,,,,,,不计胜率,等待下一轮可核验新浪行情后再运行A股评分
2026-07-06,05:30:45,A股,A_SHARE_DATA_INSUFFICIENT,新浪行情抓取失败,skip,,数据不足/本轮跳过,数据不足,数据不足,数据不足,数据不足,未取得可核验当前价、成交量、时间戳和基准表现，本轮不生成交易候选,,,不适合隔夜；缺少可核验行情与风险字段，尾盘不得确认隔夜,"fetch_market_data.py records=0, errors=26; 新浪A股行情不可用",数据源不可用；不得编造价格、胜率或止盈止损,,数据不足/本轮跳过,,,,,,不计胜率,等待下一轮可核验新浪行情后再运行A股评分
2026-07-06,05:45:38,A股,A_SHARE_DATA_INSUFFICIENT,新浪行情抓取失败,skip,,数据不足/本轮跳过,数据不足,数据不足,数据不足,数据不足,未取得可核验当前价、成交量、时间戳和基准表现，本轮不生成交易候选,,,不适合隔夜；缺少可核验行情与风险字段，尾盘不得确认隔夜,"fetch_market_data.py records=0, errors=26; 新浪A股行情不可用",数据源不可用；不得编造价格、胜率或止盈止损,,数据不足/本轮跳过,,,,,,不计胜率,等待下一轮可核验新浪行情后再运行A股评分
2026-07-06,07:00:37,A股,A_SHARE_DATA_INSUFFICIENT,新浪行情抓取失败,skip,,数据不足/本轮跳过,数据不足,数据不足,数据不足,数据不足,未取得可核验当前价、成交量、时间戳和基准表现，本轮不生成交易候选,,,不适合隔夜；缺少可核验行情与风险字段，尾盘不得确认隔夜,"fetch_market_data.py records=0, errors=26; 新浪A股行情不可用",数据源不可用；不得编造价格、胜率或止盈止损,,数据不足/本轮跳过,,,,,,不计胜率,等待下一轮可核验新浪行情后再运行A股评分
2026-07-06,07:15:36,A股,A_SHARE_DATA_INSUFFICIENT,新浪行情抓取失败,skip,,数据不足/本轮跳过,数据不足,数据不足,数据不足,数据不足,未取得可核验当前价、成交量、时间戳和基准表现，本轮不生成交易候选,,,不适合隔夜；缺少可核验行情与风险字段，尾盘不得确认隔夜,"fetch_market_data.py records=0, errors=26; 新浪A股行情不可用",数据源不可用；不得编造价格、胜率或止盈止损,,数据不足/本轮跳过,,,,,,不计胜率,等待下一轮可核验新浪行情后再运行A股评分
2026-07-06,07:30:39,A股,A_SHARE_DATA_INSUFFICIENT,新浪行情抓取失败,skip,,数据不足/本轮跳过,数据不足,数据不足,数据不足,数据不足,未取得可核验当前价、成交量、时间戳和基准表现，本轮不生成交易候选,,,不适合隔夜；缺少可核验行情与风险字段，尾盘不得确认隔夜,"fetch_market_data.py records=0, errors=26; 新浪A股行情不可用",数据源不可用；不得编造价格、胜率或止盈止损,,数据不足/本轮跳过,,,,,,不计胜率,等待下一轮可核验新浪行情后再运行A股评分
2026-07-06,07:51:08,A股,A_SHARE_DATA_INSUFFICIENT,新浪行情抓取失败,skip,,数据不足/本轮跳过,数据不足,数据不足,数据不足,数据不足,未取得可核验当前价、成交量、时间戳和基准表现，本轮不生成交易候选,,,不适合隔夜；缺少可核验行情与风险字段，尾盘不得确认隔夜,"fetch_market_data.py records=0, errors=26; 新浪A股行情不可用",数据源不可用；不得编造价格、胜率或止盈止损,,数据不足/本轮跳过,,,,,,不计胜率,等待下一轮可核验新浪行情后再运行A股评分
2026-07-06,08:25:08,A股,A_SHARE_DATA_INSUFFICIENT,新浪行情抓取失败,skip,,数据不足/本轮跳过,数据不足,数据不足,数据不足,数据不足,未取得可核验当前价、成交量、时间戳和基准表现，本轮不生成交易候选,,,不适合隔夜；缺少可核验行情与风险字段，尾盘不得确认隔夜,"fetch_market_data.py records=0, errors=26; 新浪A股行情不可用",数据源不可用；不得编造价格、胜率或止盈止损,,数据不足/本轮跳过,,,,,,不计胜率,等待下一轮可核验新浪行情后再运行A股评分
2026-07-06,08:30:42,A股,A_SHARE_DATA_INSUFFICIENT,新浪行情抓取失败,skip,,数据不足/本轮跳过,数据不足,数据不足,数据不足,数据不足,未取得可核验当前价、成交量、时间戳和基准表现，本轮不生成交易候选,,,不适合隔夜；缺少可核验行情与风险字段，尾盘不得确认隔夜,"fetch_market_data.py records=0, errors=26; 新浪A股行情不可用",数据源不可用；不得编造价格、胜率或止盈止损,,数据不足/本轮跳过,,,,,,不计胜率,等待下一轮可核验新浪行情后再运行A股评分
2026-07-06,10:43:28,A股,000977,浪潮信息,stock,1,快照：强势观察,快照 69.71,69.15-70.13,72.15-73.20,67.97,跌破观察区下沿、弱于基准、板块转弱或出现公告/新闻风险,89,65,收盘前仍强于基准且无事件风险时，才进入隔夜观察,服务器/算力；相对基准 5.0677%。,中高风险；需检查事件风险,沪深300,已复盘,69.01,71.06,-1.00%,+1.94%,+2.97%,命中,模拟执行后表现有效，保留相对强弱和量价过滤。
2026-07-06,10:43:28,A股,300274,阳光电源,stock,2,快照：强势观察,快照 128.18,127.15-128.95,132.67-134.59,124.98,跌破观察区下沿、弱于基准、板块转弱或出现公告/新闻风险,86,65,收盘前仍强于基准且无事件风险时，才进入隔夜观察,光伏/储能；相对基准 3.3691%。,中高风险；需检查事件风险,创业板指,已复盘,127.45,127.53,-0.57%,-0.51%,+0.43%,失败,模拟买入后收盘或相对表现不足，降低该条件权重。
2026-07-06,10:43:28,A股,601899,紫金矿业,stock,3,快照：强势观察,快照 28.28,28.05-28.45,29.27-29.69,27.57,跌破观察区下沿、弱于基准、板块转弱或出现公告/新闻风险,83,65,收盘前仍强于基准且无事件风险时，才进入隔夜观察,有色/黄金铜；相对基准 1.6571%。,中高风险；需检查事件风险,沪深300,已复盘,27.80,27.62,-1.70%,-2.33%,-1.30%,失败,模拟买入后收盘或相对表现不足，降低该条件权重。
2026-07-06,10:43:28,A股,603019,中科曙光,stock,4,快照：强势观察,快照 94.56,93.80-95.13,97.87-99.29,92.20,跌破观察区下沿、弱于基准、板块转弱或出现公告/新闻风险,82,65,收盘前仍强于基准且无事件风险时，才进入隔夜观察,算力/服务器；相对基准 2.0321%。,中高风险；需检查事件风险,沪深300,已复盘,93.53,93.50,-1.09%,-1.12%,-0.09%,失败,模拟买入后收盘或相对表现不足，降低该条件权重。
2026-07-06,10:43:28,A股,600519,贵州茅台,stock,5,快照：候选观察,快照 1206.91,1197.25-1214.15,1249.15-1267.26,1176.74,跌破观察区下沿、弱于基准、板块转弱或出现公告/新闻风险,81,30,收盘前仍强于基准且无事件风险时，才进入隔夜观察,消费/白酒；相对基准 1.0468%。,低风险；需检查事件风险,沪深300,已复盘,1200.00,1188.80,-0.57%,-1.50%,-0.47%,失败,模拟买入后收盘或相对表现不足，降低该条件权重。
2026-07-06,14:37:49,美股,AVGO,Broadcom Inc.,stock,1,快照：强势观察,快照 380.23,377.19-382.51,393.54-399.24,370.73,跌破观察区下沿、弱于基准、板块转弱或出现公告/新闻风险,84,85,收盘前仍强于基准且无事件风险时，才进入隔夜观察,AI芯片/网络；相对基准 2.9285%。,中高风险；需检查事件风险,SMH,已复盘,366.55,370.78,-3.60%,-2.49%,+1.29%,失败,模拟买入后收盘或相对表现不足，降低该条件权重。
2026-07-06,14:37:49,美股,TSM,Taiwan Semiconductor Manufacturing Company Limited,stock,2,快照：候选观察,快照 454.60,450.96-457.33,470.51-477.33,443.24,跌破观察区下沿、弱于基准、板块转弱或出现公告/新闻风险,80,65,收盘前仍强于基准且无事件风险时，才进入隔夜观察,半导体制造；相对基准 2.0717%。,中风险；需检查事件风险,SMH,已复盘,438.02,432.57,-3.65%,-4.85%,-1.07%,失败,模拟买入后收盘或相对表现不足，降低该条件权重。
2026-07-06,14:37:49,美股,AMD,"Advanced Micro Devices, Inc.",stock,3,快照：候选观察,快照 542.50,538.16-545.75,561.49-577.76,523.51,跌破观察区下沿、弱于基准、板块转弱或出现公告/新闻风险,76,65,收盘前仍强于基准且无事件风险时，才进入隔夜观察,AI GPU/半导体；相对基准 2.2065%。,高风险；需检查事件风险,SMH,已复盘,516.08,516.11,-4.87%,-4.86%,-1.08%,失败,模拟买入后收盘或相对表现不足，降低该条件权重。
2026-07-06,14:37:49,美股,KLAC,KLA Corporation,stock,4,快照：边缘观察,快照 242.71,240.77-244.17,251.20-254.85,236.64,跌破观察区下沿、弱于基准、板块转弱或出现公告/新闻风险,73,65,收盘前仍强于基准且无事件风险时，才进入隔夜观察,半导体设备/检测；相对基准 0.4801%。,中风险；需检查事件风险,SMH,已复盘,217.16,216.47,-10.53%,-10.81%,-7.03%,失败,模拟买入后收盘或相对表现不足，降低该条件权重。
2026-07-06,14:37:49,美股,INTC,Intel Corporation,stock,5,快照：边缘观察,快照 124.94,123.94-125.68,129.31-133.06,120.56,跌破观察区下沿、弱于基准、板块转弱或出现公告/新闻风险,71,30,收盘前仍强于基准且无事件风险时，才进入隔夜观察,半导体制造/CPU；相对基准 1.2501%。,高风险；需检查事件风险,SMH,已复盘,116.22,110.39,-6.98%,-11.65%,-7.87%,失败,模拟买入后收盘或相对表现不足，降低该条件权重。
2026-07-06,18:09:45,美股,AVGO,Broadcom Inc.,stock,1,盘中：强势观察,当前 376.48,373.47-378.74,389.66-395.30,367.07,跌破观察区下沿、弱于基准、板块转弱或出现公告/新闻风险,85,85,收盘前仍强于基准且无事件风险时，才进入隔夜观察,AI芯片/网络；相对基准 1.3575%。,中高风险；需检查事件风险,SMH,已复盘,366.55,370.78,-2.64%,-1.51%,+2.27%,失败,模拟买入后收盘或相对表现不足，降低该条件权重。
2026-07-06,18:09:45,美股,ORCL,Oracle Corporation,stock,2,盘中：强势观察,当前 144.73,143.57-145.60,149.80-151.97,141.11,跌破观察区下沿、弱于基准、板块转弱或出现公告/新闻风险,84,65,收盘前仍强于基准且无事件风险时，才进入隔夜观察,云/数据库；相对基准 1.5103%。,中高风险；需检查事件风险,QQQ,已复盘,143.72,141.60,-0.70%,-2.16%,-0.31%,失败,模拟买入后收盘或相对表现不足，降低该条件权重。
2026-07-06,18:09:45,美股,AMD,"Advanced Micro Devices, Inc.",stock,3,盘中：高风险强势观察,当前 558.51,554.04-561.86,578.06-594.81,538.96,跌破观察区下沿、弱于基准、板块转弱或出现公告/新闻风险,82,65,收盘前仍强于基准且无事件风险时，才进入隔夜观察,AI GPU/半导体；相对基准 4.7682%。,高风险；需检查事件风险,SMH,已复盘,516.08,516.11,-7.60%,-7.59%,-3.81%,失败,模拟买入后收盘或相对表现不足，降低该条件权重。
2026-07-06,18:09:45,美股,TSM,Taiwan Semiconductor Manufacturing Company Limited,stock,4,盘中：候选观察,当前 455.91,452.26-458.65,471.87-478.71,444.51,跌破观察区下沿、弱于基准、板块转弱或出现公告/新闻风险,80,65,收盘前仍强于基准且无事件风险时，才进入隔夜观察,半导体制造；相对基准 1.92%。,中风险；需检查事件风险,SMH,已复盘,438.02,432.57,-3.92%,-5.12%,-1.34%,失败,模拟买入后收盘或相对表现不足，降低该条件权重。
2026-07-06,18:09:45,美股,ASML,ASML Holding N.V.,stock,5,盘中：候选观察,当前 1849.49,1834.69-1860.59,1914.22-1941.96,1803.25,跌破观察区下沿、弱于基准、板块转弱或出现公告/新闻风险,78,65,收盘前仍强于基准且无事件风险时，才进入隔夜观察,半导体设备；相对基准 1.4414%。,中风险；需检查事件风险,SMH,已复盘,1737.25,1747.28,-6.07%,-5.53%,-1.75%,失败,模拟买入后收盘或相对表现不足，降低该条件权重。
2026-07-06,18:12:29,美股,TSM,Taiwan Semiconductor Manufacturing Company Limited,stock,1,盘中：强势观察,当前 456.22,452.57-458.96,472.19-479.04,444.82,跌破观察区下沿、弱于基准、板块转弱或出现公告/新闻风险,88,65,收盘前仍强于基准且无事件风险时，才进入隔夜观察,半导体制造；相对基准 2.0269%。,中风险；地缘风险;ADR汇率;客户集中,SMH,已复盘,438.02,432.57,-3.99%,-5.18%,-1.40%,失败,模拟买入后收盘或相对表现不足，降低该条件权重。
2026-07-06,18:12:29,美股,AVGO,Broadcom Inc.,stock,2,盘中：强势观察,当前 376.68,373.66-378.94,389.86-395.51,367.26,跌破观察区下沿、弱于基准、板块转弱或出现公告/新闻风险,87,85,收盘前仍强于基准且无事件风险时，才进入隔夜观察,AI芯片/网络；相对基准 1.4462%。,中高风险；大客户预期;财报跳空;估值波动,SMH,已复盘,366.55,370.78,-2.69%,-1.57%,+2.21%,失败,模拟买入后收盘或相对表现不足，降低该条件权重。
2026-07-06,18:12:29,美股,AMD,"Advanced Micro Devices, Inc.",stock,3,盘中：高风险强势观察,当前 558.52,554.05-561.87,578.07-594.82,538.97,跌破观察区下沿、弱于基准、板块转弱或出现公告/新闻风险,86,65,收盘前仍强于基准且无事件风险时，才进入隔夜观察,AI GPU/半导体；相对基准 4.8048%。,高风险；高波动;产品预期;相对弱势风险,SMH,已复盘,516.08,516.11,-7.60%,-7.59%,-3.81%,失败,模拟买入后收盘或相对表现不足，降低该条件权重。
2026-07-06,18:12:29,美股,ASML,ASML Holding N.V.,stock,4,盘中：强势观察,当前 1850.81,1836.01-1861.92,1915.59-1943.35,1804.54,跌破观察区下沿、弱于基准、板块转弱或出现公告/新闻风险,84,65,收盘前仍强于基准且无事件风险时，才进入隔夜观察,半导体设备；相对基准 1.5509%。,中风险；出口限制;订单周期;欧洲ADR波动,SMH,已复盘,1737.25,1747.28,-6.14%,-5.59%,-1.81%,失败,模拟买入后收盘或相对表现不足，降低该条件权重。
2026-07-06,18:12:29,美股,ORCL,Oracle Corporation,stock,5,盘中：强势观察,当前 144.40,143.24-145.27,149.45-151.62,140.79,跌破观察区下沿、弱于基准、板块转弱或出现公告/新闻风险,82,65,收盘前仍强于基准且无事件风险时，才进入隔夜观察,云/数据库；相对基准 1.2729%。,中高风险；财报跳空;订单预期,QQQ,已复盘,143.72,141.60,-0.47%,-1.94%,-0.09%,失败,模拟买入后收盘或相对表现不足，降低该条件权重。
2026-07-06,18:16:58,美股,TSM,Taiwan Semiconductor Manufacturing Company Limited,stock,1,盘中：强势观察,当前 456.54,452.88-459.27,472.51-479.36,445.12,跌破观察区下沿、弱于基准、板块转弱或出现公告/新闻风险,88,65,收盘前仍强于基准且无事件风险时，才进入隔夜观察,半导体制造；相对基准 2.1323%。,中风险；地缘风险;ADR汇率;客户集中,SMH,已复盘,438.02,432.57,-4.06%,-5.25%,-1.47%,失败,模拟买入后收盘或相对表现不足，降低该条件权重。
2026-07-06,18:16:58,美股,AVGO,Broadcom Inc.,stock,2,盘中：强势观察,当前 376.60,373.59-378.86,389.78-395.43,367.19,跌破观察区下沿、弱于基准、板块转弱或出现公告/新闻风险,87,85,收盘前仍强于基准且无事件风险时，才进入隔夜观察,AI芯片/网络；相对基准 1.4598%。,中高风险；大客户预期;财报跳空;估值波动,SMH,已复盘,366.55,370.78,-2.67%,-1.55%,+2.23%,失败,模拟买入后收盘或相对表现不足，降低该条件权重。
2026-07-06,18:16:58,美股,AMD,"Advanced Micro Devices, Inc.",stock,3,盘中：高风险强势观察,当前 557.92,553.46-561.27,577.45-594.18,538.39,跌破观察区下沿、弱于基准、板块转弱或出现公告/新闻风险,86,65,收盘前仍强于基准且无事件风险时，才进入隔夜观察,AI GPU/半导体；相对基准 4.7227%。,高风险；高波动;产品预期;相对弱势风险,SMH,已复盘,516.08,516.11,-7.50%,-7.49%,-3.71%,失败,模拟买入后收盘或相对表现不足，降低该条件权重。
2026-07-06,18:16:58,美股,ASML,ASML Holding N.V.,stock,4,盘中：强势观察,当前 1848.28,1833.49-1859.37,1912.97-1940.69,1802.07,跌破观察区下沿、弱于基准、板块转弱或出现公告/新闻风险,84,65,收盘前仍强于基准且无事件风险时，才进入隔夜观察,半导体设备；相对基准 1.4414%。,中风险；出口限制;订单周期;欧洲ADR波动,SMH,已复盘,1737.25,1747.28,-6.01%,-5.46%,-1.68%,失败,模拟买入后收盘或相对表现不足，降低该条件权重。
2026-07-06,18:16:58,美股,ORCL,Oracle Corporation,stock,5,盘中：强势观察,当前 144.66,143.50-145.53,149.72-151.89,141.04,跌破观察区下沿、弱于基准、板块转弱或出现公告/新闻风险,84,65,收盘前仍强于基准且无事件风险时，才进入隔夜观察,云/数据库；相对基准 1.4618%。,中高风险；财报跳空;订单预期,QQQ,已复盘,143.72,141.60,-0.65%,-2.12%,-0.27%,失败,模拟买入后收盘或相对表现不足，降低该条件权重。
2026-07-06,18:32:04,美股,AVGO,Broadcom Inc.,stock,1,盘中：强势观察,当前 375.65,372.64-377.90,388.80-394.43,366.26,跌破观察区下沿、弱于基准、板块转弱或出现公告/新闻风险,87,85,收盘前仍强于基准且无事件风险时，才进入隔夜观察,AI芯片/网络；相对基准 1.7874%。,中高风险；大客户预期;财报跳空;估值波动,SMH,已复盘,366.55,370.78,-2.42%,-1.30%,+2.48%,失败,模拟买入后收盘或相对表现不足，降低该条件权重。
2026-07-06,18:32:04,美股,TSM,Taiwan Semiconductor Manufacturing Company Limited,stock,2,盘中：强势观察,当前 454.77,451.14-457.50,470.69-477.51,443.41,跌破观察区下沿、弱于基准、板块转弱或出现公告/新闻风险,87,65,收盘前仍强于基准且无事件风险时，才进入隔夜观察,半导体制造；相对基准 2.3186%。,中风险；地缘风险;ADR汇率;客户集中,SMH,已复盘,438.02,432.57,-3.68%,-4.88%,-1.10%,失败,模拟买入后收盘或相对表现不足，降低该条件权重。
2026-07-06,18:32:04,美股,AMD,"Advanced Micro Devices, Inc.",stock,3,盘中：高风险强势观察,当前 555.69,551.24-559.02,575.14-591.81,536.24,跌破观察区下沿、弱于基准、板块转弱或出现公告/新闻风险,86,65,收盘前仍强于基准且无事件风险时，才进入隔夜观察,AI GPU/半导体；相对基准 4.8838%。,高风险；高波动;产品预期;相对弱势风险,SMH,已复盘,516.08,516.11,-7.13%,-7.12%,-3.34%,失败,模拟买入后收盘或相对表现不足，降低该条件权重。
2026-07-06,18:32:04,美股,ASML,ASML Holding N.V.,stock,4,盘中：强势观察,当前 1842.12,1827.38-1853.17,1906.59-1934.22,1796.06,跌破观察区下沿、弱于基准、板块转弱或出现公告/新闻风险,82,65,收盘前仍强于基准且无事件风险时，才进入隔夜观察,半导体设备；相对基准 1.6847%。,中风险；出口限制;订单周期;欧洲ADR波动,SMH,已复盘,1737.25,1747.28,-5.69%,-5.15%,-1.37%,失败,模拟买入后收盘或相对表现不足，降低该条件权重。
2026-07-06,18:32:04,美股,GOOGL,Alphabet Inc.,stock,5,盘中：候选观察,当前 365.25,362.33-367.44,378.03-383.51,356.12,跌破观察区下沿、弱于基准、板块转弱或出现公告/新闻风险,81,65,收盘前仍强于基准且无事件风险时，才进入隔夜观察,AI应用/广告/云；相对基准 0.0993%。,中风险；监管;广告周期;财报跳空,QQQ,已复盘,368.53,367.03,+0.90%,+0.49%,+2.34%,命中,模拟执行后表现有效，保留相对强弱和量价过滤。
2026-07-06,19:32:41,美股,AVGO,Broadcom Inc.,stock,1,盘中：强势观察,当前 375.58,372.57-377.83,388.72-394.35,366.19,跌破观察区下沿、弱于基准、板块转弱或出现公告/新闻风险,87,85,收盘前仍强于基准且无事件风险时，才进入隔夜观察,AI芯片/网络；相对基准 1.7356%。,中高风险；大客户预期;财报跳空;估值波动,SMH,已复盘,366.55,370.78,-2.40%,-1.28%,+2.50%,失败,模拟买入后收盘或相对表现不足，降低该条件权重。
2026-07-06,19:32:41,美股,TSM,Taiwan Semiconductor Manufacturing Company Limited,stock,2,盘中：强势观察,当前 454.17,450.53-456.89,470.06-476.87,442.81,跌破观察区下沿、弱于基准、板块转弱或出现公告/新闻风险,87,65,收盘前仍强于基准且无事件风险时，才进入隔夜观察,半导体制造；相对基准 2.1469%。,中风险；地缘风险;ADR汇率;客户集中,SMH,已复盘,438.02,432.57,-3.56%,-4.76%,-0.98%,失败,模拟买入后收盘或相对表现不足，降低该条件权重。
2026-07-06,19:32:41,美股,AMD,"Advanced Micro Devices, Inc.",stock,3,盘中：高风险强势观察,当前 553.69,549.26-557.01,573.07-589.68,534.31,跌破观察区下沿、弱于基准、板块转弱或出现公告/新闻风险,86,65,收盘前仍强于基准且无事件风险时，才进入隔夜观察,AI GPU/半导体；相对基准 4.4663%。,高风险；高波动;产品预期;相对弱势风险,SMH,已复盘,516.08,516.11,-6.79%,-6.79%,-3.01%,失败,模拟买入后收盘或相对表现不足，降低该条件权重。
2026-07-06,19:32:41,美股,META,"Meta Platforms, Inc.",stock,4,盘中：强势观察,当前 601.55,596.74-605.16,622.60-631.63,586.51,跌破观察区下沿、弱于基准、板块转弱或出现公告/新闻风险,86,65,收盘前仍强于基准且无事件风险时，才进入隔夜观察,AI应用/社交广告；相对基准 1.7295%。,中高风险；监管;广告周期;资本开支,QQQ,已复盘,608.00,615.58,+1.07%,+2.33%,+4.18%,命中,模拟执行后表现有效，保留相对强弱和量价过滤。
2026-07-06,19:32:41,美股,ASML,ASML Holding N.V.,stock,5,盘中：强势观察,当前 1841.50,1826.77-1852.55,1905.95-1933.58,1795.46,跌破观察区下沿、弱于基准、板块转弱或出现公告/新闻风险,82,65,收盘前仍强于基准且无事件风险时，才进入隔夜观察,半导体设备；相对基准 1.6187%。,中风险；出口限制;订单周期;欧洲ADR波动,SMH,已复盘,1737.25,1747.28,-5.66%,-5.12%,-1.34%,失败,模拟买入后收盘或相对表现不足，降低该条件权重。
2026-07-06,19:33:05,美股,AVGO,Broadcom Inc.,stock,1,盘中：强势观察,当前 375.39,372.39-377.64,388.53-394.16,366.01,跌破观察区下沿、弱于基准、板块转弱或出现公告/新闻风险,87,85,收盘前仍强于基准且无事件风险时，才进入隔夜观察,AI芯片/网络；相对基准 1.7203%。,中高风险；大客户预期;财报跳空;估值波动,SMH,已复盘,366.55,370.78,-2.35%,-1.23%,+2.55%,失败,模拟买入后收盘或相对表现不足，降低该条件权重。
2026-07-06,19:33:05,美股,TSM,Taiwan Semiconductor Manufacturing Company Limited,stock,2,盘中：强势观察,当前 453.89,450.26-456.61,469.78-476.58,442.54,跌破观察区下沿、弱于基准、板块转弱或出现公告/新闻风险,87,65,收盘前仍强于基准且无事件风险时，才进入隔夜观察,半导体制造；相对基准 2.1199%。,中风险；地缘风险;ADR汇率;客户集中,SMH,已复盘,438.02,432.57,-3.50%,-4.70%,-0.92%,失败,模拟买入后收盘或相对表现不足，降低该条件权重。
2026-07-06,19:33:05,美股,AMD,"Advanced Micro Devices, Inc.",stock,3,盘中：高风险强势观察,当前 552.76,548.34-556.08,572.11-588.69,533.42,跌破观察区下沿、弱于基准、板块转弱或出现公告/新闻风险,86,65,收盘前仍强于基准且无事件风险时，才进入隔夜观察,AI GPU/半导体；相对基准 4.324%。,高风险；高波动;产品预期;相对弱势风险,SMH,已复盘,516.08,516.11,-6.64%,-6.63%,-2.85%,失败,模拟买入后收盘或相对表现不足，降低该条件权重。
2026-07-06,19:33:05,美股,META,"Meta Platforms, Inc.",stock,4,盘中：强势观察,当前 601.12,596.31-604.72,622.15-631.17,586.09,跌破观察区下沿、弱于基准、板块转弱或出现公告/新闻风险,86,65,收盘前仍强于基准且无事件风险时，才进入隔夜观察,AI应用/社交广告；相对基准 1.6731%。,中高风险；监管;广告周期;资本开支,QQQ,已复盘,608.00,615.58,+1.14%,+2.41%,+4.26%,命中,模拟执行后表现有效，保留相对强弱和量价过滤。
2026-07-06,19:33:05,美股,ASML,ASML Holding N.V.,stock,5,盘中：强势观察,当前 1840.35,1825.62-1851.39,1904.76-1932.36,1794.34,跌破观察区下沿、弱于基准、板块转弱或出现公告/新闻风险,82,65,收盘前仍强于基准且无事件风险时，才进入隔夜观察,半导体设备；相对基准 1.5898%。,中风险；出口限制;订单周期;欧洲ADR波动,SMH,已复盘,1737.25,1747.28,-5.60%,-5.06%,-1.28%,失败,模拟买入后收盘或相对表现不足，降低该条件权重。
2026-07-06,19:35:25,美股,TSM,Taiwan Semiconductor Manufacturing Company Limited,stock,1,盘中：强势观察,当前 453.72,450.09-456.44,469.60-476.41,442.38,跌破观察区下沿、弱于基准、板块转弱或出现公告/新闻风险,87,65,收盘前仍强于基准且无事件风险时，才进入隔夜观察,半导体制造；相对基准 2.1028%。,中风险；地缘风险;ADR汇率;客户集中,SMH,已复盘,438.02,432.57,-3.46%,-4.66%,-0.88%,失败,模拟买入后收盘或相对表现不足，降低该条件权重。
2026-07-06,19:35:25,美股,AMD,"Advanced Micro Devices, Inc.",stock,2,盘中：高风险强势观察,当前 552.44,548.02-555.75,571.78-588.35,533.10,跌破观察区下沿、弱于基准、板块转弱或出现公告/新闻风险,86,65,收盘前仍强于基准且无事件风险时，才进入隔夜观察,AI GPU/半导体；相对基准 4.2832%。,高风险；高波动;产品预期;相对弱势风险,SMH,已复盘,516.08,516.11,-6.58%,-6.58%,-2.80%,失败,模拟买入后收盘或相对表现不足，降低该条件权重。
2026-07-06,19:35:25,美股,META,"Meta Platforms, Inc.",stock,3,盘中：强势观察,当前 601.40,596.59-605.01,622.45-631.47,586.37,跌破观察区下沿、弱于基准、板块转弱或出现公告/新闻风险,86,65,收盘前仍强于基准且无事件风险时，才进入隔夜观察,AI应用/社交广告；相对基准 1.7489%。,中高风险；监管;广告周期;资本开支,QQQ,已复盘,608.00,615.58,+1.10%,+2.36%,+4.21%,命中,模拟执行后表现有效，保留相对强弱和量价过滤。
2026-07-06,19:35:25,美股,AVGO,Broadcom Inc.,stock,4,盘中：强势观察,当前 375.08,372.08-377.33,388.21-393.83,365.70,跌破观察区下沿、弱于基准、板块转弱或出现公告/新闻风险,84,85,收盘前仍强于基准且无事件风险时，才进入隔夜观察,AI芯片/网络；相对基准 1.6563%。,中高风险；大客户预期;财报跳空;估值波动,SMH,已复盘,366.55,370.78,-2.27%,-1.15%,+2.63%,失败,模拟买入后收盘或相对表现不足，降低该条件权重。
2026-07-06,19:35:25,美股,ASML,ASML Holding N.V.,stock,5,盘中：强势观察,当前 1838.97,1824.26-1850.00,1903.33-1930.92,1793.00,跌破观察区下沿、弱于基准、板块转弱或出现公告/新闻风险,82,65,收盘前仍强于基准且无事件风险时，才进入隔夜观察,半导体设备；相对基准 1.534%。,中风险；出口限制;订单周期;欧洲ADR波动,SMH,已复盘,1737.25,1747.28,-5.53%,-4.99%,-1.21%,失败,模拟买入后收盘或相对表现不足，降低该条件权重。
2026-07-06,19:47:45,美股,AVGO,Broadcom Inc.,stock,1,盘中：强势观察,当前 375.63,372.62-377.88,388.78-394.41,366.24,跌破观察区下沿、弱于基准、板块转弱或出现公告/新闻风险,87,85,收盘前仍强于基准且无事件风险时，才进入隔夜观察,AI芯片/网络；相对基准 1.4594%。,中高风险；大客户预期;财报跳空;估值波动,SMH,已复盘,366.55,370.78,-2.42%,-1.29%,+2.49%,失败,模拟买入后收盘或相对表现不足，降低该条件权重。
2026-07-06,19:47:45,美股,TSM,Taiwan Semiconductor Manufacturing Company Limited,stock,2,盘中：强势观察,当前 455.19,451.55-457.92,471.12-477.95,443.81,跌破观察区下沿、弱于基准、板块转弱或出现公告/新闻风险,87,65,收盘前仍强于基准且无事件风险时，才进入隔夜观察,半导体制造；相对基准 2.0918%。,中风险；地缘风险;ADR汇率;客户集中,SMH,已复盘,438.02,432.57,-3.77%,-4.97%,-1.19%,失败,模拟买入后收盘或相对表现不足，降低该条件权重。
2026-07-06,19:47:45,美股,AMD,"Advanced Micro Devices, Inc.",stock,3,盘中：高风险强势观察,当前 554.55,550.11-557.88,573.96-590.60,535.14,跌破观察区下沿、弱于基准、板块转弱或出现公告/新闻风险,86,65,收盘前仍强于基准且无事件风险时，才进入隔夜观察,AI GPU/半导体；相对基准 4.3412%。,高风险；高波动;产品预期;相对弱势风险,SMH,已复盘,516.08,516.11,-6.94%,-6.93%,-3.15%,失败,模拟买入后收盘或相对表现不足，降低该条件权重。
2026-07-06,19:47:45,美股,ASML,ASML Holding N.V.,stock,4,盘中：强势观察,当前 1841.73,1827.00-1852.78,1906.19-1933.82,1795.69,跌破观察区下沿、弱于基准、板块转弱或出现公告/新闻风险,82,65,收盘前仍强于基准且无事件风险时，才进入隔夜观察,半导体设备；相对基准 1.3405%。,中风险；出口限制;订单周期;欧洲ADR波动,SMH,已复盘,1737.25,1747.28,-5.67%,-5.13%,-1.35%,失败,模拟买入后收盘或相对表现不足，降低该条件权重。
2026-07-06,19:47:45,美股,META,"Meta Platforms, Inc.",stock,5,盘中：强势观察,当前 599.46,594.66-603.06,620.44-629.43,584.47,跌破观察区下沿、弱于基准、板块转弱或出现公告/新闻风险,82,65,收盘前仍强于基准且无事件风险时，才进入隔夜观察,AI应用/社交广告；相对基准 1.2713%。,中高风险；监管;广告周期;资本开支,QQQ,已复盘,608.00,615.58,+1.42%,+2.69%,+4.54%,命中,模拟执行后表现有效，保留相对强弱和量价过滤。
2026-07-06,20:02:15,美股,AVGO,Broadcom Inc.,stock,1,盘中：强势观察,当前 376.51,373.50-378.77,389.69-395.34,367.10,跌破观察区下沿、弱于基准、板块转弱或出现公告/新闻风险,87,85,收盘前仍强于基准且无事件风险时，才进入隔夜观察,AI芯片/网络；相对基准 1.8504%。,中高风险；大客户预期;财报跳空;估值波动,SMH,已复盘,366.55,370.78,-2.64%,-1.52%,+2.26%,失败,模拟买入后收盘或相对表现不足，降低该条件权重。
2026-07-06,20:02:15,美股,TSM,Taiwan Semiconductor Manufacturing Company Limited,stock,2,盘中：强势观察,当前 455.15,451.51-457.88,471.08-477.91,443.77,跌破观察区下沿、弱于基准、板块转弱或出现公告/新闻风险,87,65,收盘前仍强于基准且无事件风险时，才进入隔夜观察,半导体制造；相对基准 2.23%。,中风险；地缘风险;ADR汇率;客户集中,SMH,已复盘,438.02,432.57,-3.76%,-4.96%,-1.18%,失败,模拟买入后收盘或相对表现不足，降低该条件权重。
2026-07-06,20:02:15,美股,AMD,"Advanced Micro Devices, Inc.",stock,3,盘中：高风险强势观察,当前 554.30,549.87-557.63,573.70-590.33,534.90,跌破观察区下沿、弱于基准、板块转弱或出现公告/新闻风险,86,65,收盘前仍强于基准且无事件风险时，才进入隔夜观察,AI GPU/半导体；相对基准 4.4398%。,高风险；高波动;产品预期;相对弱势风险,SMH,已复盘,516.08,516.11,-6.90%,-6.89%,-3.11%,失败,模拟买入后收盘或相对表现不足，降低该条件权重。
2026-07-06,20:02:15,美股,META,"Meta Platforms, Inc.",stock,4,盘中：强势观察,当前 600.41,595.61-604.01,621.42-630.43,585.40,跌破观察区下沿、弱于基准、板块转弱或出现公告/新闻风险,84,65,收盘前仍强于基准且无事件风险时，才进入隔夜观察,AI应用/社交广告；相对基准 1.4398%。,中高风险；监管;广告周期;资本开支,QQQ,已复盘,608.00,615.58,+1.26%,+2.53%,+4.38%,命中,模拟执行后表现有效，保留相对强弱和量价过滤。
2026-07-06,20:02:15,美股,GOOGL,Alphabet Inc.,stock,5,盘中：强势观察,当前 366.40,363.47-368.60,379.22-384.72,357.24,跌破观察区下沿、弱于基准、板块转弱或出现公告/新闻风险,83,65,收盘前仍强于基准且无事件风险时，才进入隔夜观察,AI应用/广告/云；相对基准 0.2391%。,中风险；监管;广告周期;财报跳空,QQQ,已复盘,368.53,367.03,+0.58%,+0.17%,+2.02%,命中,模拟执行后表现有效，保留相对强弱和量价过滤。
2026-07-06,20:42:53,美股,AVGO,Broadcom Inc.,stock,1,盘中：强势观察,当前 376.36,373.35-378.62,389.53-395.18,366.95,跌破观察区下沿、弱于基准、板块转弱或出现公告/新闻风险,87,85,收盘前仍强于基准且无事件风险时，才进入隔夜观察,AI芯片/网络；相对基准 1.5926%。,中高风险；大客户预期;财报跳空;估值波动,SMH,已复盘,366.55,370.78,-2.61%,-1.48%,+2.30%,失败,模拟买入后收盘或相对表现不足，降低该条件权重。
2026-07-06,20:42:53,美股,TSM,Taiwan Semiconductor Manufacturing Company Limited,stock,2,盘中：强势观察,当前 455.30,451.66-458.03,471.24-478.07,443.92,跌破观察区下沿、弱于基准、板块转弱或出现公告/新闻风险,87,65,收盘前仍强于基准且无事件风险时，才进入隔夜观察,半导体制造；相对基准 2.0479%。,中风险；地缘风险;ADR汇率;客户集中,SMH,已复盘,438.02,432.57,-3.80%,-4.99%,-1.21%,失败,模拟买入后收盘或相对表现不足，降低该条件权重。
2026-07-06,20:42:53,美股,AMD,"Advanced Micro Devices, Inc.",stock,3,盘中：高风险强势观察,当前 558.58,554.11-561.93,578.13-594.89,539.03,跌破观察区下沿、弱于基准、板块转弱或出现公告/新闻风险,86,65,收盘前仍强于基准且无事件风险时，才进入隔夜观察,AI GPU/半导体；相对基准 5.0502%。,高风险；高波动;产品预期;相对弱势风险,SMH,已复盘,516.08,516.11,-7.61%,-7.60%,-3.82%,失败,模拟买入后收盘或相对表现不足，降低该条件权重。
2026-07-06,20:42:53,美股,META,"Meta Platforms, Inc.",stock,4,盘中：强势观察,当前 602.38,597.56-605.99,623.46-632.50,587.32,跌破观察区下沿、弱于基准、板块转弱或出现公告/新闻风险,86,65,收盘前仍强于基准且无事件风险时，才进入隔夜观察,AI应用/社交广告；相对基准 1.6796%。,中高风险；监管;广告周期;资本开支,QQQ,已复盘,608.00,615.58,+0.93%,+2.19%,+4.04%,命中,模拟执行后表现有效，保留相对强弱和量价过滤。
2026-07-06,20:42:53,美股,GOOGL,Alphabet Inc.,stock,5,盘中：强势观察,当前 367.56,364.62-369.77,380.42-385.94,358.37,跌破观察区下沿、弱于基准、板块转弱或出现公告/新闻风险,83,65,收盘前仍强于基准且无事件风险时，才进入隔夜观察,AI应用/广告/云；相对基准 0.4632%。,中风险；监管;广告周期;财报跳空,QQQ,已复盘,368.53,367.03,+0.26%,-0.14%,+1.71%,失败,模拟买入后收盘或相对表现不足，降低该条件权重。
2026-07-06,20:43:30,美股,AVGO,Broadcom Inc.,stock,1,盘中：强势观察,当前 376.40,373.39-378.66,389.58-395.22,366.99,跌破观察区下沿、弱于基准、板块转弱或出现公告/新闻风险,87,85,收盘前仍强于基准且无事件风险时，才进入隔夜观察,AI芯片/网络；相对基准 1.601%。,中高风险；大客户预期;财报跳空;估值波动,SMH,已复盘,366.55,370.78,-2.62%,-1.49%,+2.29%,失败,模拟买入后收盘或相对表现不足，降低该条件权重。
2026-07-06,20:43:30,美股,TSM,Taiwan Semiconductor Manufacturing Company Limited,stock,2,盘中：强势观察,当前 455.47,451.83-458.20,471.41-478.24,444.08,跌破观察区下沿、弱于基准、板块转弱或出现公告/新闻风险,87,65,收盘前仍强于基准且无事件风险时，才进入隔夜观察,半导体制造；相对基准 2.0837%。,中风险；地缘风险;ADR汇率;客户集中,SMH,已复盘,438.02,432.57,-3.83%,-5.03%,-1.25%,失败,模拟买入后收盘或相对表现不足，降低该条件权重。
2026-07-06,20:43:30,美股,AMD,"Advanced Micro Devices, Inc.",stock,3,盘中：高风险强势观察,当前 557.70,553.24-561.05,577.22-593.95,538.18,跌破观察区下沿、弱于基准、板块转弱或出现公告/新闻风险,86,65,收盘前仍强于基准且无事件风险时，才进入隔夜观察,AI GPU/半导体；相对基准 4.8769%。,高风险；高波动;产品预期;相对弱势风险,SMH,已复盘,516.08,516.11,-7.46%,-7.46%,-3.68%,失败,模拟买入后收盘或相对表现不足，降低该条件权重。
2026-07-06,20:43:30,美股,META,"Meta Platforms, Inc.",stock,4,盘中：强势观察,当前 602.65,597.83-606.27,623.75-632.79,587.59,跌破观察区下沿、弱于基准、板块转弱或出现公告/新闻风险,86,65,收盘前仍强于基准且无事件风险时，才进入隔夜观察,AI应用/社交广告；相对基准 1.7208%。,中高风险；监管;广告周期;资本开支,QQQ,已复盘,608.00,615.58,+0.89%,+2.15%,+4.00%,命中,模拟执行后表现有效，保留相对强弱和量价过滤。
2026-07-06,20:43:30,美股,GOOGL,Alphabet Inc.,stock,5,盘中：强势观察,当前 367.63,364.69-369.84,380.50-386.01,358.44,跌破观察区下沿、弱于基准、板块转弱或出现公告/新闻风险,83,65,收盘前仍强于基准且无事件风险时，才进入隔夜观察,AI应用/广告/云；相对基准 0.4771%。,中风险；监管;广告周期;财报跳空,QQQ,已复盘,368.53,367.03,+0.24%,-0.16%,+1.69%,失败,模拟买入后收盘或相对表现不足，降低该条件权重。
2026-07-06,20:46:36,美股,AVGO,Broadcom Inc.,stock,1,盘中：强势观察,当前 376.82,373.81-379.08,390.01-395.66,367.40,跌破观察区下沿、弱于基准、板块转弱或出现公告/新闻风险,87,85,收盘前仍强于基准且无事件风险时，才进入隔夜观察,AI芯片/网络；相对基准 1.6966%。,中高风险；大客户预期;财报跳空;估值波动,SMH,已复盘,366.55,370.78,-2.72%,-1.60%,+2.18%,失败,模拟买入后收盘或相对表现不足，降低该条件权重。
2026-07-06,20:46:36,美股,TSM,Taiwan Semiconductor Manufacturing Company Limited,stock,2,盘中：强势观察,当前 455.68,452.03-458.41,471.62-478.46,444.28,跌破观察区下沿、弱于基准、板块转弱或出现公告/新闻风险,87,65,收盘前仍强于基准且无事件风险时，才进入隔夜观察,半导体制造；相对基准 2.1106%。,中风险；地缘风险;ADR汇率;客户集中,SMH,已复盘,438.02,432.57,-3.88%,-5.07%,-1.29%,失败,模拟买入后收盘或相对表现不足，降低该条件权重。
2026-07-06,20:46:36,美股,AMD,"Advanced Micro Devices, Inc.",stock,3,盘中：高风险强势观察,当前 558.27,553.80-561.62,577.81-594.56,538.73,跌破观察区下沿、弱于基准、板块转弱或出现公告/新闻风险,86,65,收盘前仍强于基准且无事件风险时，才进入隔夜观察,AI GPU/半导体；相对基准 4.9667%。,高风险；高波动;产品预期;相对弱势风险,SMH,已复盘,516.08,516.11,-7.56%,-7.55%,-3.77%,失败,模拟买入后收盘或相对表现不足，降低该条件权重。
2026-07-06,20:46:36,美股,META,"Meta Platforms, Inc.",stock,4,盘中：强势观察,当前 603.03,598.21-606.65,624.14-633.18,587.96,跌破观察区下沿、弱于基准、板块转弱或出现公告/新闻风险,86,65,收盘前仍强于基准且无事件风险时，才进入隔夜观察,AI应用/社交广告；相对基准 1.755%。,中高风险；监管;广告周期;资本开支,QQQ,已复盘,608.00,615.58,+0.82%,+2.08%,+3.93%,命中,模拟执行后表现有效，保留相对强弱和量价过滤。
2026-07-06,20:46:36,美股,GOOGL,Alphabet Inc.,stock,5,盘中：强势观察,当前 367.53,364.59-369.74,380.39-385.91,358.34,跌破观察区下沿、弱于基准、板块转弱或出现公告/新闻风险,83,65,收盘前仍强于基准且无事件风险时，才进入隔夜观察,AI应用/广告/云；相对基准 0.4184%。,中风险；监管;广告周期;财报跳空,QQQ,已复盘,368.53,367.03,+0.27%,-0.14%,+1.71%,失败,模拟买入后收盘或相对表现不足，降低该条件权重。
2026-07-06,21:01:53,美股,AMD,"Advanced Micro Devices, Inc.",stock,1,盘中：高风险强势观察,当前 552.05,547.63-555.36,571.37-587.93,532.73,跌破观察区下沿、弱于基准、板块转弱或出现公告/新闻风险,86,65,收盘前仍强于基准且无事件风险时，才进入隔夜观察,AI GPU/半导体；相对基准 4.5827%。,高风险；高波动;产品预期;相对弱势风险,SMH,已复盘,516.08,516.11,-6.52%,-6.51%,-2.73%,失败,模拟买入后收盘或相对表现不足，降低该条件权重。
2026-07-06,21:01:53,美股,TSM,Taiwan Semiconductor Manufacturing Company Limited,stock,2,盘中：强势观察,当前 451.84,448.22-454.55,467.65-474.43,440.54,跌破观察区下沿、弱于基准、板块转弱或出现公告/新闻风险,85,65,收盘前仍强于基准且无事件风险时，才进入隔夜观察,半导体制造；相对基准 2.0438%。,中风险；地缘风险;ADR汇率;客户集中,SMH,已复盘,438.02,432.57,-3.06%,-4.26%,-0.48%,失败,模拟买入后收盘或相对表现不足，降低该条件权重。
2026-07-06,21:01:53,美股,GOOGL,Alphabet Inc.,stock,3,盘中：强势观察,当前 366.46,363.53-368.66,379.29-384.78,357.30,跌破观察区下沿、弱于基准、板块转弱或出现公告/新闻风险,83,65,收盘前仍强于基准且无事件风险时，才进入隔夜观察,AI应用/广告/云；相对基准 0.3863%。,中风险；监管;广告周期;财报跳空,QQQ,已复盘,368.53,367.03,+0.56%,+0.16%,+2.01%,命中,模拟执行后表现有效，保留相对强弱和量价过滤。
2026-07-06,21:01:53,美股,AVGO,Broadcom Inc.,stock,4,盘中：强势观察,当前 373.90,370.91-376.14,386.99-392.59,364.55,跌破观察区下沿、弱于基准、板块转弱或出现公告/新闻风险,82,85,收盘前仍强于基准且无事件风险时，才进入隔夜观察,AI芯片/网络；相对基准 1.7037%。,中高风险；大客户预期;财报跳空;估值波动,SMH,已复盘,366.55,370.78,-1.96%,-0.83%,+2.95%,失败,模拟买入后收盘或相对表现不足，降低该条件权重。
2026-07-06,21:01:53,美股,META,"Meta Platforms, Inc.",stock,5,盘中：强势观察,当前 600.29,595.49-603.89,621.30-630.30,585.28,跌破观察区下沿、弱于基准、板块转弱或出现公告/新闻风险,82,65,收盘前仍强于基准且无事件风险时，才进入隔夜观察,AI应用/社交广告；相对基准 1.5498%。,中高风险；监管;广告周期;资本开支,QQQ,已复盘,608.00,615.58,+1.28%,+2.55%,+4.40%,命中,模拟执行后表现有效，保留相对强弱和量价过滤。
2026-07-06,21:16:43,美股,AMD,"Advanced Micro Devices, Inc.",stock,1,盘中：高风险强势观察,当前 552.05,547.63-555.36,571.37-587.93,532.73,跌破观察区下沿、弱于基准、板块转弱或出现公告/新闻风险,86,65,收盘前仍强于基准且无事件风险时，才进入隔夜观察,AI GPU/半导体；相对基准 4.5827%。,高风险；高波动;产品预期;相对弱势风险,SMH,已复盘,516.08,516.11,-6.52%,-6.51%,-2.73%,失败,模拟买入后收盘或相对表现不足，降低该条件权重。
2026-07-06,21:16:43,美股,TSM,Taiwan Semiconductor Manufacturing Company Limited,stock,2,盘中：强势观察,当前 451.79,448.18-454.50,467.60-474.38,440.50,跌破观察区下沿、弱于基准、板块转弱或出现公告/新闻风险,85,65,收盘前仍强于基准且无事件风险时，才进入隔夜观察,半导体制造；相对基准 2.033%。,中风险；地缘风险;ADR汇率;客户集中,SMH,已复盘,438.02,432.57,-3.05%,-4.25%,-0.47%,失败,模拟买入后收盘或相对表现不足，降低该条件权重。
2026-07-06,21:16:43,美股,GOOGL,Alphabet Inc.,stock,3,盘中：强势观察,当前 366.46,363.53-368.66,379.29-384.78,357.30,跌破观察区下沿、弱于基准、板块转弱或出现公告/新闻风险,83,65,收盘前仍强于基准且无事件风险时，才进入隔夜观察,AI应用/广告/云；相对基准 0.3863%。,中风险；监管;广告周期;财报跳空,QQQ,已复盘,368.53,367.03,+0.56%,+0.16%,+2.01%,命中,模拟执行后表现有效，保留相对强弱和量价过滤。
2026-07-06,21:16:43,美股,AVGO,Broadcom Inc.,stock,4,盘中：强势观察,当前 373.90,370.91-376.14,386.99-392.59,364.55,跌破观察区下沿、弱于基准、板块转弱或出现公告/新闻风险,82,85,收盘前仍强于基准且无事件风险时，才进入隔夜观察,AI芯片/网络；相对基准 1.7037%。,中高风险；大客户预期;财报跳空;估值波动,SMH,已复盘,366.55,370.78,-1.96%,-0.83%,+2.95%,失败,模拟买入后收盘或相对表现不足，降低该条件权重。
2026-07-06,21:16:43,美股,META,"Meta Platforms, Inc.",stock,5,盘中：强势观察,当前 600.29,595.49-603.89,621.30-630.30,585.28,跌破观察区下沿、弱于基准、板块转弱或出现公告/新闻风险,82,65,收盘前仍强于基准且无事件风险时，才进入隔夜观察,AI应用/社交广告；相对基准 1.5498%。,中高风险；监管;广告周期;资本开支,QQQ,已复盘,608.00,615.58,+1.28%,+2.55%,+4.40%,命中,模拟执行后表现有效，保留相对强弱和量价过滤。
2026-07-06,21:32:34,美股,AMD,"Advanced Micro Devices, Inc.",stock,1,盘中：高风险强势观察,当前 552.05,547.63-555.36,571.37-587.93,532.73,跌破观察区下沿、弱于基准、板块转弱或出现公告/新闻风险,86,65,收盘前仍强于基准且无事件风险时，才进入隔夜观察,AI GPU/半导体；相对基准 4.5827%。,高风险；高波动;产品预期;相对弱势风险,SMH,已复盘,516.08,516.11,-6.52%,-6.51%,-2.73%,失败,模拟买入后收盘或相对表现不足，降低该条件权重。
2026-07-06,21:32:34,美股,TSM,Taiwan Semiconductor Manufacturing Company Limited,stock,2,盘中：强势观察,当前 451.79,448.18-454.50,467.60-474.38,440.50,跌破观察区下沿、弱于基准、板块转弱或出现公告/新闻风险,85,65,收盘前仍强于基准且无事件风险时，才进入隔夜观察,半导体制造；相对基准 2.033%。,中风险；地缘风险;ADR汇率;客户集中,SMH,已复盘,438.02,432.57,-3.05%,-4.25%,-0.47%,失败,模拟买入后收盘或相对表现不足，降低该条件权重。
2026-07-06,21:32:34,美股,GOOGL,Alphabet Inc.,stock,3,盘中：强势观察,当前 366.46,363.53-368.66,379.29-384.78,357.30,跌破观察区下沿、弱于基准、板块转弱或出现公告/新闻风险,83,65,收盘前仍强于基准且无事件风险时，才进入隔夜观察,AI应用/广告/云；相对基准 0.3863%。,中风险；监管;广告周期;财报跳空,QQQ,已复盘,368.53,367.03,+0.56%,+0.16%,+2.01%,命中,模拟执行后表现有效，保留相对强弱和量价过滤。
2026-07-06,21:32:34,美股,AVGO,Broadcom Inc.,stock,4,盘中：强势观察,当前 373.90,370.91-376.14,386.99-392.59,364.55,跌破观察区下沿、弱于基准、板块转弱或出现公告/新闻风险,82,85,收盘前仍强于基准且无事件风险时，才进入隔夜观察,AI芯片/网络；相对基准 1.7037%。,中高风险；大客户预期;财报跳空;估值波动,SMH,已复盘,366.55,370.78,-1.96%,-0.83%,+2.95%,失败,模拟买入后收盘或相对表现不足，降低该条件权重。
2026-07-06,21:32:34,美股,META,"Meta Platforms, Inc.",stock,5,盘中：强势观察,当前 600.29,595.49-603.89,621.30-630.30,585.28,跌破观察区下沿、弱于基准、板块转弱或出现公告/新闻风险,82,65,收盘前仍强于基准且无事件风险时，才进入隔夜观察,AI应用/社交广告；相对基准 1.5498%。,中高风险；监管;广告周期;资本开支,QQQ,已复盘,608.00,615.58,+1.28%,+2.55%,+4.40%,命中,模拟执行后表现有效，保留相对强弱和量价过滤。
2026-07-06,21:47:16,美股,AMD,"Advanced Micro Devices, Inc.",stock,1,快照：高风险强势观察,快照 552.05,547.63-555.36,571.37-587.93,532.73,跌破观察区下沿、弱于基准、板块转弱或出现公告/新闻风险,86,65,收盘前仍强于基准且无事件风险时，才进入隔夜观察,AI GPU/半导体；相对基准 4.5827%。,高风险；高波动;产品预期;相对弱势风险,SMH,已复盘,516.08,516.11,-6.52%,-6.51%,-2.73%,失败,模拟买入后收盘或相对表现不足，降低该条件权重。
2026-07-06,21:47:16,美股,TSM,Taiwan Semiconductor Manufacturing Company Limited,stock,2,快照：强势观察,快照 451.79,448.18-454.50,467.60-474.38,440.50,跌破观察区下沿、弱于基准、板块转弱或出现公告/新闻风险,85,65,收盘前仍强于基准且无事件风险时，才进入隔夜观察,半导体制造；相对基准 2.033%。,中风险；地缘风险;ADR汇率;客户集中,SMH,已复盘,438.02,432.57,-3.05%,-4.25%,-0.47%,失败,模拟买入后收盘或相对表现不足，降低该条件权重。
2026-07-06,21:47:16,美股,GOOGL,Alphabet Inc.,stock,3,快照：强势观察,快照 366.46,363.53-368.66,379.29-384.78,357.30,跌破观察区下沿、弱于基准、板块转弱或出现公告/新闻风险,83,65,收盘前仍强于基准且无事件风险时，才进入隔夜观察,AI应用/广告/云；相对基准 0.3863%。,中风险；监管;广告周期;财报跳空,QQQ,已复盘,368.53,367.03,+0.56%,+0.16%,+2.01%,命中,模拟执行后表现有效，保留相对强弱和量价过滤。
2026-07-06,21:47:16,美股,AVGO,Broadcom Inc.,stock,4,快照：强势观察,快照 373.90,370.91-376.14,386.99-392.59,364.55,跌破观察区下沿、弱于基准、板块转弱或出现公告/新闻风险,82,85,收盘前仍强于基准且无事件风险时，才进入隔夜观察,AI芯片/网络；相对基准 1.7037%。,中高风险；大客户预期;财报跳空;估值波动,SMH,已复盘,366.55,370.78,-1.96%,-0.83%,+2.95%,失败,模拟买入后收盘或相对表现不足，降低该条件权重。
2026-07-06,21:47:16,美股,META,"Meta Platforms, Inc.",stock,5,快照：强势观察,快照 600.29,595.49-603.89,621.30-630.30,585.28,跌破观察区下沿、弱于基准、板块转弱或出现公告/新闻风险,82,65,收盘前仍强于基准且无事件风险时，才进入隔夜观察,AI应用/社交广告；相对基准 1.5498%。,中高风险；监管;广告周期;资本开支,QQQ,已复盘,608.00,615.58,+1.28%,+2.55%,+4.40%,命中,模拟执行后表现有效，保留相对强弱和量价过滤。
2026-07-06,22:02:03,美股,AMD,"Advanced Micro Devices, Inc.",stock,1,快照：高风险强势观察,快照 552.05,547.63-555.36,571.37-587.93,532.73,跌破观察区下沿、弱于基准、板块转弱或出现公告/新闻风险,86,65,收盘前仍强于基准且无事件风险时，才进入隔夜观察,AI GPU/半导体；相对基准 4.5827%。,高风险；高波动;产品预期;相对弱势风险,SMH,已复盘,516.08,516.11,-6.52%,-6.51%,-2.73%,失败,模拟买入后收盘或相对表现不足，降低该条件权重。
2026-07-06,22:02:03,美股,TSM,Taiwan Semiconductor Manufacturing Company Limited,stock,2,快照：强势观察,快照 451.79,448.18-454.50,467.60-474.38,440.50,跌破观察区下沿、弱于基准、板块转弱或出现公告/新闻风险,85,65,收盘前仍强于基准且无事件风险时，才进入隔夜观察,半导体制造；相对基准 2.033%。,中风险；地缘风险;ADR汇率;客户集中,SMH,已复盘,438.02,432.57,-3.05%,-4.25%,-0.47%,失败,模拟买入后收盘或相对表现不足，降低该条件权重。
2026-07-06,22:02:03,美股,GOOGL,Alphabet Inc.,stock,3,快照：强势观察,快照 366.46,363.53-368.66,379.29-384.78,357.30,跌破观察区下沿、弱于基准、板块转弱或出现公告/新闻风险,83,65,收盘前仍强于基准且无事件风险时，才进入隔夜观察,AI应用/广告/云；相对基准 0.3863%。,中风险；监管;广告周期;财报跳空,QQQ,已复盘,368.53,367.03,+0.56%,+0.16%,+2.01%,命中,模拟执行后表现有效，保留相对强弱和量价过滤。
2026-07-06,22:02:03,美股,AVGO,Broadcom Inc.,stock,4,快照：强势观察,快照 373.90,370.91-376.14,386.99-392.59,364.55,跌破观察区下沿、弱于基准、板块转弱或出现公告/新闻风险,82,85,收盘前仍强于基准且无事件风险时，才进入隔夜观察,AI芯片/网络；相对基准 1.7037%。,中高风险；大客户预期;财报跳空;估值波动,SMH,已复盘,366.55,370.78,-1.96%,-0.83%,+2.95%,失败,模拟买入后收盘或相对表现不足，降低该条件权重。
2026-07-06,22:02:03,美股,META,"Meta Platforms, Inc.",stock,5,快照：强势观察,快照 600.29,595.49-603.89,621.30-630.30,585.28,跌破观察区下沿、弱于基准、板块转弱或出现公告/新闻风险,82,65,收盘前仍强于基准且无事件风险时，才进入隔夜观察,AI应用/社交广告；相对基准 1.5498%。,中高风险；监管;广告周期;资本开支,QQQ,已复盘,608.00,615.58,+1.28%,+2.55%,+4.40%,命中,模拟执行后表现有效，保留相对强弱和量价过滤。
2026-07-06,22:16:55,美股,AMD,"Advanced Micro Devices, Inc.",stock,1,快照：高风险强势观察,快照 552.05,547.63-555.36,571.37-587.93,532.73,跌破观察区下沿、弱于基准、板块转弱或出现公告/新闻风险,86,65,收盘前仍强于基准且无事件风险时，才进入隔夜观察,AI GPU/半导体；相对基准 4.5827%。,高风险；高波动;产品预期;相对弱势风险,SMH,已复盘,516.08,516.11,-6.52%,-6.51%,-2.73%,失败,模拟买入后收盘或相对表现不足，降低该条件权重。
2026-07-06,22:16:55,美股,TSM,Taiwan Semiconductor Manufacturing Company Limited,stock,2,快照：强势观察,快照 451.79,448.18-454.50,467.60-474.38,440.50,跌破观察区下沿、弱于基准、板块转弱或出现公告/新闻风险,85,65,收盘前仍强于基准且无事件风险时，才进入隔夜观察,半导体制造；相对基准 2.033%。,中风险；地缘风险;ADR汇率;客户集中,SMH,已复盘,438.02,432.57,-3.05%,-4.25%,-0.47%,失败,模拟买入后收盘或相对表现不足，降低该条件权重。
2026-07-06,22:16:55,美股,GOOGL,Alphabet Inc.,stock,3,快照：强势观察,快照 366.46,363.53-368.66,379.29-384.78,357.30,跌破观察区下沿、弱于基准、板块转弱或出现公告/新闻风险,83,65,收盘前仍强于基准且无事件风险时，才进入隔夜观察,AI应用/广告/云；相对基准 0.3863%。,中风险；监管;广告周期;财报跳空,QQQ,已复盘,368.53,367.03,+0.56%,+0.16%,+2.01%,命中,模拟执行后表现有效，保留相对强弱和量价过滤。
2026-07-06,22:16:55,美股,AVGO,Broadcom Inc.,stock,4,快照：强势观察,快照 373.90,370.91-376.14,386.99-392.59,364.55,跌破观察区下沿、弱于基准、板块转弱或出现公告/新闻风险,82,85,收盘前仍强于基准且无事件风险时，才进入隔夜观察,AI芯片/网络；相对基准 1.7037%。,中高风险；大客户预期;财报跳空;估值波动,SMH,已复盘,366.55,370.78,-1.96%,-0.83%,+2.95%,失败,模拟买入后收盘或相对表现不足，降低该条件权重。
2026-07-06,22:16:55,美股,META,"Meta Platforms, Inc.",stock,5,快照：强势观察,快照 600.29,595.49-603.89,621.30-630.30,585.28,跌破观察区下沿、弱于基准、板块转弱或出现公告/新闻风险,82,65,收盘前仍强于基准且无事件风险时，才进入隔夜观察,AI应用/社交广告；相对基准 1.5498%。,中高风险；监管;广告周期;资本开支,QQQ,已复盘,608.00,615.58,+1.28%,+2.55%,+4.40%,命中,模拟执行后表现有效，保留相对强弱和量价过滤。
2026-07-06,22:31:30,美股,AMD,"Advanced Micro Devices, Inc.",stock,1,快照：高风险强势观察,快照 552.05,547.63-555.36,571.37-587.93,532.73,跌破观察区下沿、弱于基准、板块转弱或出现公告/新闻风险,86,65,收盘前仍强于基准且无事件风险时，才进入隔夜观察,AI GPU/半导体；相对基准 4.5827%。,高风险；高波动;产品预期;相对弱势风险,SMH,已复盘,516.08,516.11,-6.52%,-6.51%,-2.73%,失败,模拟买入后收盘或相对表现不足，降低该条件权重。
2026-07-06,22:31:30,美股,TSM,Taiwan Semiconductor Manufacturing Company Limited,stock,2,快照：强势观察,快照 451.79,448.18-454.50,467.60-474.38,440.50,跌破观察区下沿、弱于基准、板块转弱或出现公告/新闻风险,85,65,收盘前仍强于基准且无事件风险时，才进入隔夜观察,半导体制造；相对基准 2.033%。,中风险；地缘风险;ADR汇率;客户集中,SMH,已复盘,438.02,432.57,-3.05%,-4.25%,-0.47%,失败,模拟买入后收盘或相对表现不足，降低该条件权重。
2026-07-06,22:31:30,美股,GOOGL,Alphabet Inc.,stock,3,快照：强势观察,快照 366.46,363.53-368.66,379.29-384.78,357.30,跌破观察区下沿、弱于基准、板块转弱或出现公告/新闻风险,83,65,收盘前仍强于基准且无事件风险时，才进入隔夜观察,AI应用/广告/云；相对基准 0.3863%。,中风险；监管;广告周期;财报跳空,QQQ,已复盘,368.53,367.03,+0.56%,+0.16%,+2.01%,命中,模拟执行后表现有效，保留相对强弱和量价过滤。
2026-07-06,22:31:30,美股,AVGO,Broadcom Inc.,stock,4,快照：强势观察,快照 373.90,370.91-376.14,386.99-392.59,364.55,跌破观察区下沿、弱于基准、板块转弱或出现公告/新闻风险,82,85,收盘前仍强于基准且无事件风险时，才进入隔夜观察,AI芯片/网络；相对基准 1.7037%。,中高风险；大客户预期;财报跳空;估值波动,SMH,已复盘,366.55,370.78,-1.96%,-0.83%,+2.95%,失败,模拟买入后收盘或相对表现不足，降低该条件权重。
2026-07-06,22:31:30,美股,META,"Meta Platforms, Inc.",stock,5,快照：强势观察,快照 600.29,595.49-603.89,621.30-630.30,585.28,跌破观察区下沿、弱于基准、板块转弱或出现公告/新闻风险,82,65,收盘前仍强于基准且无事件风险时，才进入隔夜观察,AI应用/社交广告；相对基准 1.5498%。,中高风险；监管;广告周期;资本开支,QQQ,已复盘,608.00,615.58,+1.28%,+2.55%,+4.40%,命中,模拟执行后表现有效，保留相对强弱和量价过滤。
2026-07-06,22:46:52,美股,AMD,"Advanced Micro Devices, Inc.",stock,1,快照：高风险强势观察,快照 552.05,547.63-555.36,571.37-587.93,532.73,跌破观察区下沿、弱于基准、板块转弱或出现公告/新闻风险,86,65,收盘前仍强于基准且无事件风险时，才进入隔夜观察,AI GPU/半导体；相对基准 4.5827%。,高风险；高波动;产品预期;相对弱势风险,SMH,已复盘,516.08,516.11,-6.52%,-6.51%,-2.73%,失败,模拟买入后收盘或相对表现不足，降低该条件权重。
2026-07-06,22:46:52,美股,TSM,Taiwan Semiconductor Manufacturing Company Limited,stock,2,快照：强势观察,快照 451.79,448.18-454.50,467.60-474.38,440.50,跌破观察区下沿、弱于基准、板块转弱或出现公告/新闻风险,85,65,收盘前仍强于基准且无事件风险时，才进入隔夜观察,半导体制造；相对基准 2.033%。,中风险；地缘风险;ADR汇率;客户集中,SMH,已复盘,438.02,432.57,-3.05%,-4.25%,-0.47%,失败,模拟买入后收盘或相对表现不足，降低该条件权重。
2026-07-06,22:46:52,美股,GOOGL,Alphabet Inc.,stock,3,快照：强势观察,快照 366.46,363.53-368.66,379.29-384.78,357.30,跌破观察区下沿、弱于基准、板块转弱或出现公告/新闻风险,83,65,收盘前仍强于基准且无事件风险时，才进入隔夜观察,AI应用/广告/云；相对基准 0.3863%。,中风险；监管;广告周期;财报跳空,QQQ,已复盘,368.53,367.03,+0.56%,+0.16%,+2.01%,命中,模拟执行后表现有效，保留相对强弱和量价过滤。
2026-07-06,22:46:52,美股,AVGO,Broadcom Inc.,stock,4,快照：强势观察,快照 373.90,370.91-376.14,386.99-392.59,364.55,跌破观察区下沿、弱于基准、板块转弱或出现公告/新闻风险,82,85,收盘前仍强于基准且无事件风险时，才进入隔夜观察,AI芯片/网络；相对基准 1.7037%。,中高风险；大客户预期;财报跳空;估值波动,SMH,已复盘,366.55,370.78,-1.96%,-0.83%,+2.95%,失败,模拟买入后收盘或相对表现不足，降低该条件权重。
2026-07-06,22:46:52,美股,META,"Meta Platforms, Inc.",stock,5,快照：强势观察,快照 600.29,595.49-603.89,621.30-630.30,585.28,跌破观察区下沿、弱于基准、板块转弱或出现公告/新闻风险,82,65,收盘前仍强于基准且无事件风险时，才进入隔夜观察,AI应用/社交广告；相对基准 1.5498%。,中高风险；监管;广告周期;资本开支,QQQ,已复盘,608.00,615.58,+1.28%,+2.55%,+4.40%,命中,模拟执行后表现有效，保留相对强弱和量价过滤。
2026-07-06,23:03:55,美股,AMD,"Advanced Micro Devices, Inc.",stock,1,快照：高风险强势观察,快照 552.05,547.63-555.36,571.37-587.93,532.73,跌破观察区下沿、弱于基准、板块转弱或出现公告/新闻风险,86,65,收盘前仍强于基准且无事件风险时，才进入隔夜观察,AI GPU/半导体；相对基准 4.5827%。,高风险；高波动;产品预期;相对弱势风险,SMH,已复盘,516.08,516.11,-6.52%,-6.51%,-2.73%,失败,模拟买入后收盘或相对表现不足，降低该条件权重。
2026-07-06,23:03:55,美股,TSM,Taiwan Semiconductor Manufacturing Company Limited,stock,2,快照：强势观察,快照 451.79,448.18-454.50,467.60-474.38,440.50,跌破观察区下沿、弱于基准、板块转弱或出现公告/新闻风险,85,65,收盘前仍强于基准且无事件风险时，才进入隔夜观察,半导体制造；相对基准 2.033%。,中风险；地缘风险;ADR汇率;客户集中,SMH,已复盘,438.02,432.57,-3.05%,-4.25%,-0.47%,失败,模拟买入后收盘或相对表现不足，降低该条件权重。
2026-07-06,23:03:55,美股,GOOGL,Alphabet Inc.,stock,3,快照：强势观察,快照 366.46,363.53-368.66,379.29-384.78,357.30,跌破观察区下沿、弱于基准、板块转弱或出现公告/新闻风险,83,65,收盘前仍强于基准且无事件风险时，才进入隔夜观察,AI应用/广告/云；相对基准 0.3863%。,中风险；监管;广告周期;财报跳空,QQQ,已复盘,368.53,367.03,+0.56%,+0.16%,+2.01%,命中,模拟执行后表现有效，保留相对强弱和量价过滤。
2026-07-06,23:03:55,美股,AVGO,Broadcom Inc.,stock,4,快照：强势观察,快照 373.90,370.91-376.14,386.99-392.59,364.55,跌破观察区下沿、弱于基准、板块转弱或出现公告/新闻风险,82,85,收盘前仍强于基准且无事件风险时，才进入隔夜观察,AI芯片/网络；相对基准 1.7037%。,中高风险；大客户预期;财报跳空;估值波动,SMH,已复盘,366.55,370.78,-1.96%,-0.83%,+2.95%,失败,模拟买入后收盘或相对表现不足，降低该条件权重。
2026-07-06,23:03:55,美股,META,"Meta Platforms, Inc.",stock,5,快照：强势观察,快照 600.29,595.49-603.89,621.30-630.30,585.28,跌破观察区下沿、弱于基准、板块转弱或出现公告/新闻风险,82,65,收盘前仍强于基准且无事件风险时，才进入隔夜观察,AI应用/社交广告；相对基准 1.5498%。,中高风险；监管;广告周期;资本开支,QQQ,已复盘,608.00,615.58,+1.28%,+2.55%,+4.40%,命中,模拟执行后表现有效，保留相对强弱和量价过滤。
2026-07-07,03:04:14,A股,000977,浪潮信息,stock,1,盘中：强势观察,当前 72.00,71.42-72.43,74.52-75.60,70.20,跌破观察区下沿、弱于基准、板块转弱或出现公告/新闻风险,89,65,收盘前仍强于基准且无事件风险时，才进入隔夜观察,服务器/算力；相对基准 3.644%。,中高风险；政策与订单预期;波动较大,沪深300,已跳过,,,,,,重复观察,同一股票同一交易日的15分钟重复观察已去重，不重复计入胜率。
2026-07-07,03:04:14,A股,603501,豪威集团,stock,2,盘中：强势观察,当前 100.80,99.99-101.40,104.33-105.84,98.28,跌破观察区下沿、弱于基准、板块转弱或出现公告/新闻风险,89,65,收盘前仍强于基准且无事件风险时，才进入隔夜观察,半导体设计；相对基准 4.2765%。,中高风险；消费电子周期;业绩预期,沪深300,已跳过,,,,,,重复观察,同一股票同一交易日的15分钟重复观察已去重，不重复计入胜率。
2026-07-07,03:04:14,A股,603019,中科曙光,stock,3,盘中：强势观察,当前 95.98,95.21-96.56,99.34-100.78,93.58,跌破观察区下沿、弱于基准、板块转弱或出现公告/新闻风险,84,65,收盘前仍强于基准且无事件风险时，才进入隔夜观察,算力/服务器；相对基准 1.8607%。,中高风险；政策预期;题材波动,沪深300,已跳过,,,,,,重复观察,同一股票同一交易日的15分钟重复观察已去重，不重复计入胜率。
2026-07-07,03:04:14,A股,300308,中际旭创,stock,4,盘中：候选观察,当前 1120.00,1111.04-1126.72,1159.20-1192.80,1080.80,跌破观察区下沿、弱于基准、板块转弱或出现公告/新闻风险,81,65,收盘前仍强于基准且无事件风险时，才进入隔夜观察,光模块/CPO；相对基准 2.0441%。,高风险；高波动;高位兑现;板块分化,创业板指,已跳过,,,,,,重复观察,同一股票同一交易日的15分钟重复观察已去重，不重复计入胜率。
2026-07-07,03:04:14,A股,688256,寒武纪,stock,5,盘中：候选观察,当前 1418.00,1406.66-1426.51,1467.63-1510.17,1368.37,跌破观察区下沿、弱于基准、板块转弱或出现公告/新闻风险,77,30,收盘前仍强于基准且无事件风险时，才进入隔夜观察,AI芯片；相对基准 2.266%。,高风险；估值波动;科创板波动;隔夜跳空,科创50,已跳过,,,,,,重复观察,同一股票同一交易日的15分钟重复观察已去重，不重复计入胜率。
2026-07-07,03:17:19,A股,603501,豪威集团,stock,1,盘中：强势观察,当前 101.14,100.33-101.75,104.68-106.20,98.61,跌破观察区下沿、弱于基准、板块转弱或出现公告/新闻风险,89,65,收盘前仍强于基准且无事件风险时，才进入隔夜观察,半导体设计；相对基准 4.7359%。,中高风险；消费电子周期;业绩预期,沪深300,已跳过,,,,,,重复观察,同一股票同一交易日的15分钟重复观察已去重，不重复计入胜率。
2026-07-07,03:17:19,A股,000977,浪潮信息,stock,2,盘中：强势观察,当前 71.52,70.95-71.95,74.02-75.10,69.73,跌破观察区下沿、弱于基准、板块转弱或出现公告/新闻风险,86,65,收盘前仍强于基准且无事件风险时，才进入隔夜观察,服务器/算力；相对基准 3.0644%。,中高风险；政策与订单预期;波动较大,沪深300,已跳过,,,,,,重复观察,同一股票同一交易日的15分钟重复观察已去重，不重复计入胜率。
2026-07-07,03:17:19,A股,603019,中科曙光,stock,3,盘中：强势观察,当前 95.52,94.76-96.09,98.86-100.30,93.13,跌破观察区下沿、弱于基准、板块转弱或出现公告/新闻风险,83,65,收盘前仍强于基准且无事件风险时，才进入隔夜观察,算力/服务器；相对基准 1.4831%。,中高风险；政策预期;题材波动,沪深300,已跳过,,,,,,重复观察,同一股票同一交易日的15分钟重复观察已去重，不重复计入胜率。
2026-07-07,03:17:19,A股,688981,中芯国际,stock,4,盘中：候选观察,当前 147.53,146.35-148.42,152.69-154.91,143.84,跌破观察区下沿、弱于基准、板块转弱或出现公告/新闻风险,79,65,收盘前仍强于基准且无事件风险时，才进入隔夜观察,半导体制造；相对基准 1.3722%。,中高风险；政策/地缘风险;业绩波动,科创50,已跳过,,,,,,重复观察,同一股票同一交易日的15分钟重复观察已去重，不重复计入胜率。
2026-07-07,03:17:19,A股,300308,中际旭创,stock,5,盘中：候选观察,当前 1112.51,1103.61-1119.19,1151.45-1184.82,1073.57,跌破观察区下沿、弱于基准、板块转弱或出现公告/新闻风险,78,65,收盘前仍强于基准且无事件风险时，才进入隔夜观察,光模块/CPO；相对基准 1.6524%。,高风险；高波动;高位兑现;板块分化,创业板指,已跳过,,,,,,重复观察,同一股票同一交易日的15分钟重复观察已去重，不重复计入胜率。
2026-07-07,03:32:28,A股,603501,豪威集团,stock,1,盘中：强势观察,当前 102.66,101.84-103.28,106.25-107.79,100.09,跌破观察区下沿、弱于基准、板块转弱或出现公告/新闻风险,89,65,收盘前仍强于基准且无事件风险时，才进入隔夜观察,半导体设计；相对基准 6.5352%。,中高风险；消费电子周期;业绩预期,沪深300,已跳过,,,,,,重复观察,同一股票同一交易日的15分钟重复观察已去重，不重复计入胜率。
2026-07-07,03:32:28,A股,000977,浪潮信息,stock,2,盘中：强势观察,当前 71.60,71.03-72.03,74.11-75.18,69.81,跌破观察区下沿、弱于基准、板块转弱或出现公告/新闻风险,86,65,收盘前仍强于基准且无事件风险时，才进入隔夜观察,服务器/算力；相对基准 3.4113%。,中高风险；政策与订单预期;波动较大,沪深300,已跳过,,,,,,重复观察,同一股票同一交易日的15分钟重复观察已去重，不重复计入胜率。
2026-07-07,03:32:28,A股,603019,中科曙光,stock,3,盘中：强势观察,当前 95.57,94.81-96.14,98.91-100.35,93.18,跌破观察区下沿、弱于基准、板块转弱或出现公告/新闻风险,83,65,收盘前仍强于基准且无事件风险时，才进入隔夜观察,算力/服务器；相对基准 1.7682%。,中高风险；政策预期;题材波动,沪深300,已复盘,97.88,98.15,+2.42%,+2.70%,数据不足,命中,模拟执行后表现有效，保留相对强弱和量价过滤。
2026-07-07,03:32:28,A股,688981,中芯国际,stock,4,盘中：候选观察,当前 148.49,147.30-149.38,153.69-155.91,144.78,跌破观察区下沿、弱于基准、板块转弱或出现公告/新闻风险,81,65,收盘前仍强于基准且无事件风险时，才进入隔夜观察,半导体制造；相对基准 1.7%。,中高风险；政策/地缘风险;业绩波动,科创50,已跳过,,,,,,重复观察,同一股票同一交易日的15分钟重复观察已去重，不重复计入胜率。
2026-07-07,03:32:28,A股,002371,北方华创,stock,5,盘中：候选观察,当前 817.63,811.09-822.54,846.25-858.51,797.19,跌破观察区下沿、弱于基准、板块转弱或出现公告/新闻风险,81,65,收盘前仍强于基准且无事件风险时，才进入隔夜观察,半导体设备；相对基准 2.446%。,中高风险；估值波动;订单预期,沪深300,已跳过,,,,,,重复观察,同一股票同一交易日的15分钟重复观察已去重，不重复计入胜率。
2026-07-07,03:47:24,A股,000977,浪潮信息,stock,1,盘中：强势观察,当前 71.92,71.34-72.35,74.44-75.52,70.12,跌破观察区下沿、弱于基准、板块转弱或出现公告/新闻风险,89,65,收盘前仍强于基准且无事件风险时，才进入隔夜观察,服务器/算力；相对基准 3.7926%。,中高风险；政策与订单预期;波动较大,沪深300,已跳过,,,,,,重复观察,同一股票同一交易日的15分钟重复观察已去重，不重复计入胜率。
2026-07-07,03:47:24,A股,603501,豪威集团,stock,2,盘中：强势观察,当前 102.22,101.40-102.83,105.80-107.33,99.66,跌破观察区下沿、弱于基准、板块转弱或出现公告/新闻风险,89,65,收盘前仍强于基准且无事件风险时，才进入隔夜观察,半导体设计；相对基准 6.0037%。,中高风险；消费电子周期;业绩预期,沪深300,已跳过,,,,,,重复观察,同一股票同一交易日的15分钟重复观察已去重，不重复计入胜率。
2026-07-07,03:47:24,A股,002371,北方华创,stock,3,盘中：强势观察,当前 826.84,820.23-831.80,855.78-868.18,806.17,跌破观察区下沿、弱于基准、板块转弱或出现公告/新闻风险,84,65,收盘前仍强于基准且无事件风险时，才进入隔夜观察,半导体设备；相对基准 3.5143%。,中高风险；估值波动;订单预期,沪深300,已跳过,,,,,,重复观察,同一股票同一交易日的15分钟重复观察已去重，不重复计入胜率。
2026-07-07,03:47:24,A股,688981,中芯国际,stock,4,盘中：候选观察,当前 148.40,147.21-149.29,153.59-155.82,144.69,跌破观察区下沿、弱于基准、板块转弱或出现公告/新闻风险,81,65,收盘前仍强于基准且无事件风险时，才进入隔夜观察,半导体制造；相对基准 1.2915%。,中高风险；政策/地缘风险;业绩波动,科创50,已跳过,,,,,,重复观察,同一股票同一交易日的15分钟重复观察已去重，不重复计入胜率。
2026-07-07,03:47:24,A股,300308,中际旭创,stock,5,盘中：候选观察,当前 1117.39,1108.45-1124.09,1156.50-1190.02,1078.28,跌破观察区下沿、弱于基准、板块转弱或出现公告/新闻风险,78,65,收盘前仍强于基准且无事件风险时，才进入隔夜观察,光模块/CPO；相对基准 2.0356%。,高风险；高波动;高位兑现;板块分化,创业板指,已跳过,,,,,,重复观察,同一股票同一交易日的15分钟重复观察已去重，不重复计入胜率。
2026-07-07,04:02:11,A股,603501,豪威集团,stock,1,盘中：强势观察,当前 101.18,100.37-101.79,104.72-106.24,98.65,跌破观察区下沿、弱于基准、板块转弱或出现公告/新闻风险,89,65,收盘前仍强于基准且无事件风险时，才进入隔夜观察,半导体设计；相对基准 5.0958%。,中高风险；消费电子周期;业绩预期,沪深300,已跳过,,,,,,重复观察,同一股票同一交易日的15分钟重复观察已去重，不重复计入胜率。
2026-07-07,04:02:11,A股,000977,浪潮信息,stock,2,盘中：强势观察,当前 71.32,70.75-71.75,73.82-74.89,69.54,跌破观察区下沿、弱于基准、板块转弱或出现公告/新闻风险,86,65,收盘前仍强于基准且无事件风险时，才进入隔夜观察,服务器/算力；相对基准 3.0961%。,中高风险；政策与订单预期;波动较大,沪深300,已跳过,,,,,,重复观察,同一股票同一交易日的15分钟重复观察已去重，不重复计入胜率。
2026-07-07,04:02:11,A股,002371,北方华创,stock,3,盘中：强势观察,当前 824.98,818.38-829.93,853.85-866.23,804.36,跌破观察区下沿、弱于基准、板块转弱或出现公告/新闻风险,84,65,收盘前仍强于基准且无事件风险时，才进入隔夜观察,半导体设备；相对基准 3.447%。,中高风险；估值波动;订单预期,沪深300,已跳过,,,,,,重复观察,同一股票同一交易日的15分钟重复观察已去重，不重复计入胜率。
2026-07-07,04:02:11,A股,300274,阳光电源,stock,4,盘中：强势观察,当前 129.80,128.76-130.58,134.34-136.29,126.56,跌破观察区下沿、弱于基准、板块转弱或出现公告/新闻风险,84,65,收盘前仍强于基准且无事件风险时，才进入隔夜观察,光伏/储能；相对基准 1.8856%。,中高风险；行业周期;海外需求波动,创业板指,已跳过,,,,,,重复观察,同一股票同一交易日的15分钟重复观察已去重，不重复计入胜率。
2026-07-07,04:02:11,A股,688981,中芯国际,stock,5,盘中：候选观察,当前 147.71,146.53-148.60,152.88-155.10,144.02,跌破观察区下沿、弱于基准、板块转弱或出现公告/新闻风险,79,65,收盘前仍强于基准且无事件风险时，才进入隔夜观察,半导体制造；相对基准 1.1875%。,中高风险；政策/地缘风险;业绩波动,科创50,已跳过,,,,,,重复观察,同一股票同一交易日的15分钟重复观察已去重，不重复计入胜率。
2026-07-07,04:17:11,A股,603501,豪威集团,stock,1,盘中：强势观察,当前 100.60,99.80-101.20,104.12-105.63,98.08,跌破观察区下沿、弱于基准、板块转弱或出现公告/新闻风险,88,65,收盘前仍强于基准且无事件风险时，才进入隔夜观察,半导体设计；相对基准 4.5769%。,中高风险；消费电子周期;业绩预期,沪深300,已跳过,,,,,,重复观察,同一股票同一交易日的15分钟重复观察已去重，不重复计入胜率。
2026-07-07,04:17:11,A股,300274,阳光电源,stock,2,盘中：强势观察,当前 130.14,129.10-130.92,134.69-136.65,126.89,跌破观察区下沿、弱于基准、板块转弱或出现公告/新闻风险,84,65,收盘前仍强于基准且无事件风险时，才进入隔夜观察,光伏/储能；相对基准 2.3501%。,中高风险；行业周期;海外需求波动,创业板指,已复盘,127.00,124.49,-2.41%,-4.34%,数据不足,失败,模拟买入后收盘或相对表现不足，降低该条件权重。
2026-07-07,04:17:11,A股,000977,浪潮信息,stock,3,盘中：强势观察,当前 70.75,70.18-71.17,73.23-74.29,68.98,跌破观察区下沿、弱于基准、板块转弱或出现公告/新闻风险,83,65,收盘前仍强于基准且无事件风险时，才进入隔夜观察,服务器/算力；相对基准 2.3575%。,中高风险；政策与订单预期;波动较大,沪深300,已跳过,,,,,,重复观察,同一股票同一交易日的15分钟重复观察已去重，不重复计入胜率。
2026-07-07,04:17:11,A股,002371,北方华创,stock,4,盘中：候选观察,当前 813.14,806.63-818.02,841.60-853.80,792.81,跌破观察区下沿、弱于基准、板块转弱或出现公告/新闻风险,80,65,收盘前仍强于基准且无事件风险时，才进入隔夜观察,半导体设备；相对基准 2.0528%。,中高风险；估值波动;订单预期,沪深300,已跳过,,,,,,重复观察,同一股票同一交易日的15分钟重复观察已去重，不重复计入胜率。
2026-07-07,04:17:11,A股,688981,中芯国际,stock,5,盘中：候选观察,当前 146.25,145.08-147.13,151.37-153.56,142.59,跌破观察区下沿、弱于基准、板块转弱或出现公告/新闻风险,78,65,收盘前仍强于基准且无事件风险时，才进入隔夜观察,半导体制造；相对基准 1.0603%。,中高风险；政策/地缘风险;业绩波动,科创50,已跳过,,,,,,重复观察,同一股票同一交易日的15分钟重复观察已去重，不重复计入胜率。
2026-07-07,04:32:17,A股,603501,豪威集团,stock,1,盘中：强势观察,当前 100.60,99.80-101.20,104.12-105.63,98.08,跌破观察区下沿、弱于基准、板块转弱或出现公告/新闻风险,88,65,收盘前仍强于基准且无事件风险时，才进入隔夜观察,半导体设计；相对基准 4.5375%。,中高风险；消费电子周期;业绩预期,沪深300,已跳过,,,,,,重复观察,同一股票同一交易日的15分钟重复观察已去重，不重复计入胜率。
2026-07-07,04:32:17,A股,000977,浪潮信息,stock,2,盘中：强势观察,当前 70.68,70.11-71.10,73.15-74.21,68.91,跌破观察区下沿、弱于基准、板块转弱或出现公告/新闻风险,83,65,收盘前仍强于基准且无事件风险时，才进入隔夜观察,服务器/算力；相对基准 2.2177%。,中高风险；政策与订单预期;波动较大,沪深300,已跳过,,,,,,重复观察,同一股票同一交易日的15分钟重复观察已去重，不重复计入胜率。
2026-07-07,04:32:17,A股,688981,中芯国际,stock,3,盘中：候选观察,当前 147.29,146.11-148.17,152.45-154.65,143.61,跌破观察区下沿、弱于基准、板块转弱或出现公告/新闻风险,79,65,收盘前仍强于基准且无事件风险时，才进入隔夜观察,半导体制造；相对基准 1.6339%。,中高风险；政策/地缘风险;业绩波动,科创50,已跳过,,,,,,重复观察,同一股票同一交易日的15分钟重复观察已去重，不重复计入胜率。
2026-07-07,04:32:17,A股,300308,中际旭创,stock,4,盘中：候选观察,当前 1116.00,1107.07-1122.70,1155.06-1188.54,1076.94,跌破观察区下沿、弱于基准、板块转弱或出现公告/新闻风险,78,65,收盘前仍强于基准且无事件风险时，才进入隔夜观察,光模块/CPO；相对基准 2.3302%。,高风险；高波动;高位兑现;板块分化,创业板指,已跳过,,,,,,重复观察,同一股票同一交易日的15分钟重复观察已去重，不重复计入胜率。
2026-07-07,04:32:17,A股,002371,北方华创,stock,5,盘中：候选观察,当前 811.00,804.51-815.87,839.38-851.55,790.73,跌破观察区下沿、弱于基准、板块转弱或出现公告/新闻风险,77,65,收盘前仍强于基准且无事件风险时，才进入隔夜观察,半导体设备；相对基准 1.7471%。,中高风险；估值波动;订单预期,沪深300,已跳过,,,,,,重复观察,同一股票同一交易日的15分钟重复观察已去重，不重复计入胜率。
2026-07-07,04:55:03,A股,603501,豪威集团,stock,1,盘中：强势观察,当前 100.60,99.80-101.20,104.12-105.63,98.08,跌破观察区下沿、弱于基准、板块转弱或出现公告/新闻风险,88,65,收盘前仍强于基准且无事件风险时，才进入隔夜观察,半导体设计；相对基准 4.5375%。,中高风险；消费电子周期;业绩预期,沪深300,已跳过,,,,,,重复观察,同一股票同一交易日的15分钟重复观察已去重，不重复计入胜率。
2026-07-07,04:55:03,A股,000977,浪潮信息,stock,2,盘中：强势观察,当前 70.68,70.11-71.10,73.15-74.21,68.91,跌破观察区下沿、弱于基准、板块转弱或出现公告/新闻风险,83,65,收盘前仍强于基准且无事件风险时，才进入隔夜观察,服务器/算力；相对基准 2.2177%。,中高风险；政策与订单预期;波动较大,沪深300,已跳过,,,,,,重复观察,同一股票同一交易日的15分钟重复观察已去重，不重复计入胜率。
2026-07-07,04:55:03,A股,688981,中芯国际,stock,3,盘中：候选观察,当前 147.29,146.11-148.17,152.45-154.65,143.61,跌破观察区下沿、弱于基准、板块转弱或出现公告/新闻风险,79,65,收盘前仍强于基准且无事件风险时，才进入隔夜观察,半导体制造；相对基准 1.6339%。,中高风险；政策/地缘风险;业绩波动,科创50,已跳过,,,,,,重复观察,同一股票同一交易日的15分钟重复观察已去重，不重复计入胜率。
2026-07-07,04:55:03,A股,300308,中际旭创,stock,4,盘中：候选观察,当前 1116.00,1107.07-1122.70,1155.06-1188.54,1076.94,跌破观察区下沿、弱于基准、板块转弱或出现公告/新闻风险,78,65,收盘前仍强于基准且无事件风险时，才进入隔夜观察,光模块/CPO；相对基准 2.3302%。,高风险；高波动;高位兑现;板块分化,创业板指,已跳过,,,,,,重复观察,同一股票同一交易日的15分钟重复观察已去重，不重复计入胜率。
2026-07-07,04:55:03,A股,002371,北方华创,stock,5,盘中：候选观察,当前 811.00,804.51-815.87,839.38-851.55,790.73,跌破观察区下沿、弱于基准、板块转弱或出现公告/新闻风险,77,65,收盘前仍强于基准且无事件风险时，才进入隔夜观察,半导体设备；相对基准 1.7471%。,中高风险；估值波动;订单预期,沪深300,已跳过,,,,,,重复观察,同一股票同一交易日的15分钟重复观察已去重，不重复计入胜率。
2026-07-07,05:17:41,A股,A_SHARE_DATA_INSUFFICIENT,A股行情时间戳过旧，本轮跳过评分,skip,0,数据不足/本轮跳过,数据不足,数据不足,数据不足,数据不足,等待下一轮可核验行情后再评估,,,不判断隔夜,A股行情时间戳过旧，本轮跳过评分,行情时间戳过旧或关键字段不足时不输出价格、评分、止盈止损,,数据不足/本轮跳过,,,,,,不计胜率,等待下一轮可核验行情后再运行评分
2026-07-07,05:30:36,A股,A_SHARE_DATA_INSUFFICIENT,A股行情时间戳过旧，本轮跳过评分,skip,0,数据不足/本轮跳过,数据不足,数据不足,数据不足,数据不足,等待下一轮可核验行情后再评估,,,不判断隔夜,A股行情时间戳过旧，本轮跳过评分,行情时间戳过旧或关键字段不足时不输出价格、评分、止盈止损,,数据不足/本轮跳过,,,,,,不计胜率,等待下一轮可核验行情后再运行评分
2026-07-07,05:32:05,A股,A_SHARE_DATA_INSUFFICIENT,A股行情时间戳过旧，本轮跳过评分,skip,0,数据不足/本轮跳过,数据不足,数据不足,数据不足,数据不足,等待下一轮可核验行情后再评估,,,不判断隔夜,A股行情时间戳过旧，本轮跳过评分,行情时间戳过旧或关键字段不足时不输出价格、评分、止盈止损,,数据不足/本轮跳过,,,,,,不计胜率,等待下一轮可核验行情后再运行评分
2026-07-07,05:47:09,A股,A_SHARE_DATA_INSUFFICIENT,A股行情时间戳过旧，本轮跳过评分,skip,0,数据不足/本轮跳过,数据不足,数据不足,数据不足,数据不足,等待下一轮可核验行情后再评估,,,不判断隔夜,A股行情时间戳过旧，本轮跳过评分,行情时间戳过旧或关键字段不足时不输出价格、评分、止盈止损,,数据不足/本轮跳过,,,,,,不计胜率,等待下一轮可核验行情后再运行评分
2026-07-07,07:01:57,A股,603501,豪威集团,stock,1,盘中：强势观察,当前 99.78,98.98-100.38,103.27-104.77,97.29,跌破观察区下沿、弱于基准、板块转弱或出现公告/新闻风险,86,65,收盘前仍强于基准且无事件风险时，才进入隔夜观察,半导体设计；相对基准 3.7934%。,中高风险；消费电子周期;业绩预期,沪深300,已跳过,,,,,,重复观察,同一股票同一交易日的15分钟重复观察已去重，不重复计入胜率。
2026-07-07,07:01:57,A股,300308,中际旭创,stock,2,盘中：高风险强势观察,当前 1126.21,1117.20-1132.97,1165.63-1199.41,1086.79,跌破观察区下沿、弱于基准、板块转弱或出现公告/新闻风险,85,65,收盘前仍强于基准且无事件风险时，才进入隔夜观察,光模块/CPO；相对基准 3.1414%。,高风险；高波动;高位兑现;板块分化,创业板指,已跳过,,,,,,重复观察,同一股票同一交易日的15分钟重复观察已去重，不重复计入胜率。
2026-07-07,07:01:57,A股,002463,沪电股份,stock,3,盘中：强势观察,当前 131.39,130.34-132.18,135.99-137.96,128.11,跌破观察区下沿、弱于基准、板块转弱或出现公告/新闻风险,84,65,收盘前仍强于基准且无事件风险时，才进入隔夜观察,AI PCB/服务器链；相对基准 2.9145%。,中高风险；题材轮动;业绩预期波动,沪深300,已跳过,,,,,,重复观察,同一股票同一交易日的15分钟重复观察已去重，不重复计入胜率。
2026-07-07,07:01:57,A股,000977,浪潮信息,stock,4,盘中：强势观察,当前 70.87,70.30-71.30,73.35-74.41,69.10,跌破观察区下沿、弱于基准、板块转弱或出现公告/新闻风险,83,65,收盘前仍强于基准且无事件风险时，才进入隔夜观察,服务器/算力；相对基准 2.5914%。,中高风险；政策与订单预期;波动较大,沪深300,已跳过,,,,,,重复观察,同一股票同一交易日的15分钟重复观察已去重，不重复计入胜率。
2026-07-07,07:01:57,A股,002371,北方华创,stock,5,盘中：候选观察,当前 807.17,800.71-812.01,835.42-847.53,786.99,跌破观察区下沿、弱于基准、板块转弱或出现公告/新闻风险,77,65,收盘前仍强于基准且无事件风险时，才进入隔夜观察,半导体设备；相对基准 1.3717%。,中高风险；估值波动;订单预期,沪深300,已复盘,806.39,802.32,-0.10%,-0.60%,数据不足,失败,模拟买入后收盘或相对表现不足，降低该条件权重。
2026-07-07,07:19:08,A股,603501,豪威集团,stock,1,盘中：强势观察,当前 99.25,98.46-99.85,102.72-104.21,96.77,跌破观察区下沿、弱于基准、板块转弱或出现公告/新闻风险,86,65,收盘前仍强于基准且无事件风险时，才进入隔夜观察,半导体设计；相对基准 3.5868%。,中高风险；消费电子周期;业绩预期,沪深300,已跳过,,,,,,重复观察,同一股票同一交易日的15分钟重复观察已去重，不重复计入胜率。
2026-07-07,07:19:08,A股,000977,浪潮信息,stock,2,盘中：强势观察,当前 70.50,69.94-70.92,72.97-74.03,68.74,跌破观察区下沿、弱于基准、板块转弱或出现公告/新闻风险,83,65,收盘前仍强于基准且无事件风险时，才进入隔夜观察,服务器/算力；相对基准 2.4005%。,中高风险；政策与订单预期;波动较大,沪深300,已跳过,,,,,,重复观察,同一股票同一交易日的15分钟重复观察已去重，不重复计入胜率。
2026-07-07,07:19:08,A股,601138,工业富联,stock,3,盘中：候选观察,当前 63.76,63.25-64.14,65.99-66.95,62.17,跌破观察区下沿、弱于基准、板块转弱或出现公告/新闻风险,79,100,收盘前仍强于基准且无事件风险时，才进入隔夜观察,AI硬件/服务器；相对基准 0.0735%。,中高风险；题材拥挤;尾盘兑现;公告风险,科创50,已跳过,,,,,,重复观察,同一股票同一交易日的15分钟重复观察已去重，不重复计入胜率。
2026-07-07,07:19:08,A股,300308,中际旭创,stock,4,盘中：候选观察,当前 1117.33,1108.39-1124.03,1156.44-1189.96,1078.22,跌破观察区下沿、弱于基准、板块转弱或出现公告/新闻风险,78,65,收盘前仍强于基准且无事件风险时，才进入隔夜观察,光模块/CPO；相对基准 2.9802%。,高风险；高波动;高位兑现;板块分化,创业板指,已跳过,,,,,,重复观察,同一股票同一交易日的15分钟重复观察已去重，不重复计入胜率。
2026-07-07,07:19:08,A股,002463,沪电股份,stock,5,盘中：候选观察,当前 129.75,128.71-130.53,134.29-136.24,126.51,跌破观察区下沿、弱于基准、板块转弱或出现公告/新闻风险,77,65,收盘前仍强于基准且无事件风险时，才进入隔夜观察,AI PCB/服务器链；相对基准 1.9813%。,中高风险；题材轮动;业绩预期波动,沪深300,已跳过,,,,,,重复观察,同一股票同一交易日的15分钟重复观察已去重，不重复计入胜率。
2026-07-07,08:00:16,A股,603501,豪威集团,stock,1,盘中：强势观察,当前 99.72,98.92-100.32,103.21-104.71,97.23,跌破观察区下沿、弱于基准、板块转弱或出现公告/新闻风险,86,65,收盘前仍强于基准且无事件风险时，才进入隔夜观察,半导体设计；相对基准 3.7577%。,中高风险；消费电子周期;业绩预期,沪深300,已跳过,,,,,,重复观察,同一股票同一交易日的15分钟重复观察已去重，不重复计入胜率。
2026-07-07,08:00:16,A股,000977,浪潮信息,stock,2,盘中：强势观察,当前 71.01,70.44-71.44,73.50-74.56,69.23,跌破观察区下沿、弱于基准、板块转弱或出现公告/新闻风险,83,65,收盘前仍强于基准且无事件风险时，才进入隔夜观察,服务器/算力；相对基准 2.8185%。,中高风险；政策与订单预期;波动较大,沪深300,已跳过,,,,,,重复观察,同一股票同一交易日的15分钟重复观察已去重，不重复计入胜率。
2026-07-07,08:00:16,A股,300308,中际旭创,stock,3,盘中：候选观察,当前 1122.12,1113.14-1128.85,1161.39-1195.06,1082.85,跌破观察区下沿、弱于基准、板块转弱或出现公告/新闻风险,81,65,收盘前仍强于基准且无事件风险时，才进入隔夜观察,光模块/CPO；相对基准 2.9846%。,高风险；高波动;高位兑现;板块分化,创业板指,已跳过,,,,,,重复观察,同一股票同一交易日的15分钟重复观察已去重，不重复计入胜率。
2026-07-07,08:00:16,A股,002463,沪电股份,stock,4,盘中：候选观察,当前 130.08,129.04-130.86,134.63-136.58,126.83,跌破观察区下沿、弱于基准、板块转弱或出现公告/新闻风险,77,65,收盘前仍强于基准且无事件风险时，才进入隔夜观察,AI PCB/服务器链；相对基准 1.9239%。,中高风险；题材轮动;业绩预期波动,沪深300,已跳过,,,,,,重复观察,同一股票同一交易日的15分钟重复观察已去重，不重复计入胜率。
2026-07-07,08:00:16,A股,688981,中芯国际,stock,5,盘中：候选观察,当前 145.80,144.63-146.67,150.90-153.09,142.16,跌破观察区下沿、弱于基准、板块转弱或出现公告/新闻风险,75,65,收盘前仍强于基准且无事件风险时，才进入隔夜观察,半导体制造；相对基准 0.8084%。,中高风险；政策/地缘风险;业绩波动,科创50,已复盘,148.00,152.10,+1.51%,+4.32%,数据不足,命中,模拟执行后表现有效，保留相对强弱和量价过滤。
2026-07-07,08:04:34,A股,603501,豪威集团,stock,1,盘中：强势观察,当前 99.46,98.66-100.06,102.94-104.43,96.97,跌破观察区下沿、弱于基准、板块转弱或出现公告/新闻风险,86,65,收盘前仍强于基准且无事件风险时，才进入隔夜观察,半导体设计；相对基准 3.5633%。,中高风险；消费电子周期;业绩预期,沪深300,已跳过,,,,,,重复观察,同一股票同一交易日的15分钟重复观察已去重，不重复计入胜率。
2026-07-07,08:04:34,A股,300308,中际旭创,stock,2,盘中：高风险强势观察,当前 1121.90,1112.92-1128.63,1161.17-1194.82,1082.63,跌破观察区下沿、弱于基准、板块转弱或出现公告/新闻风险,84,65,收盘前仍强于基准且无事件风险时，才进入隔夜观察,光模块/CPO；相对基准 3.0269%。,高风险；高波动;高位兑现;板块分化,创业板指,已跳过,,,,,,重复观察,同一股票同一交易日的15分钟重复观察已去重，不重复计入胜率。
2026-07-07,08:04:34,A股,000977,浪潮信息,stock,3,盘中：强势观察,当前 71.06,70.49-71.49,73.55-74.61,69.28,跌破观察区下沿、弱于基准、板块转弱或出现公告/新闻风险,83,65,收盘前仍强于基准且无事件风险时，才进入隔夜观察,服务器/算力；相对基准 2.9638%。,中高风险；政策与订单预期;波动较大,沪深300,已跳过,,,,,,重复观察,同一股票同一交易日的15分钟重复观察已去重，不重复计入胜率。
2026-07-07,08:04:34,A股,601138,工业富联,stock,4,盘中：候选观察,当前 63.78,63.27-64.16,66.01-66.97,62.19,跌破观察区下沿、弱于基准、板块转弱或出现公告/新闻风险,79,100,收盘前仍强于基准且无事件风险时，才进入隔夜观察,AI硬件/服务器；相对基准 0.0241%。,中高风险；题材拥挤;尾盘兑现;公告风险,科创50,已跳过,,,,,,重复观察,同一股票同一交易日的15分钟重复观察已去重，不重复计入胜率。
2026-07-07,08:04:34,A股,002463,沪电股份,stock,5,盘中：候选观察,当前 129.72,128.68-130.50,134.26-136.21,126.48,跌破观察区下沿、弱于基准、板块转弱或出现公告/新闻风险,77,65,收盘前仍强于基准且无事件风险时，才进入隔夜观察,AI PCB/服务器链；相对基准 1.718%。,中高风险；题材轮动;业绩预期波动,沪深300,已跳过,,,,,,重复观察,同一股票同一交易日的15分钟重复观察已去重，不重复计入胜率。
2026-07-07,08:05:17,A股,603501,豪威集团,stock,1,盘中：强势观察,当前 99.46,98.66-100.06,102.94-104.43,96.97,跌破观察区下沿、弱于基准、板块转弱或出现公告/新闻风险,86,65,收盘前仍强于基准且无事件风险时，才进入隔夜观察,半导体设计；相对基准 3.5633%。,中高风险；消费电子周期;业绩预期,沪深300,已跳过,,,,,,重复观察,同一股票同一交易日的15分钟重复观察已去重，不重复计入胜率。
2026-07-07,08:05:17,A股,300308,中际旭创,stock,2,盘中：高风险强势观察,当前 1121.90,1112.92-1128.63,1161.17-1194.82,1082.63,跌破观察区下沿、弱于基准、板块转弱或出现公告/新闻风险,84,65,收盘前仍强于基准且无事件风险时，才进入隔夜观察,光模块/CPO；相对基准 3.0269%。,高风险；高波动;高位兑现;板块分化,创业板指,已跳过,,,,,,重复观察,同一股票同一交易日的15分钟重复观察已去重，不重复计入胜率。
2026-07-07,08:05:17,A股,000977,浪潮信息,stock,3,盘中：强势观察,当前 71.06,70.49-71.49,73.55-74.61,69.28,跌破观察区下沿、弱于基准、板块转弱或出现公告/新闻风险,83,65,收盘前仍强于基准且无事件风险时，才进入隔夜观察,服务器/算力；相对基准 2.9638%。,中高风险；政策与订单预期;波动较大,沪深300,已跳过,,,,,,重复观察,同一股票同一交易日的15分钟重复观察已去重，不重复计入胜率。
2026-07-07,08:05:17,A股,601138,工业富联,stock,4,盘中：候选观察,当前 63.78,63.27-64.16,66.01-66.97,62.19,跌破观察区下沿、弱于基准、板块转弱或出现公告/新闻风险,79,100,收盘前仍强于基准且无事件风险时，才进入隔夜观察,AI硬件/服务器；相对基准 0.0241%。,中高风险；题材拥挤;尾盘兑现;公告风险,科创50,已跳过,,,,,,重复观察,同一股票同一交易日的15分钟重复观察已去重，不重复计入胜率。
2026-07-07,08:05:17,A股,002463,沪电股份,stock,5,盘中：候选观察,当前 129.72,128.68-130.50,134.26-136.21,126.48,跌破观察区下沿、弱于基准、板块转弱或出现公告/新闻风险,77,65,收盘前仍强于基准且无事件风险时，才进入隔夜观察,AI PCB/服务器链；相对基准 1.718%。,中高风险；题材轮动;业绩预期波动,沪深300,已跳过,,,,,,重复观察,同一股票同一交易日的15分钟重复观察已去重，不重复计入胜率。
2026-07-07,08:16:52,A股,603501,豪威集团,stock,1,盘中：强势观察,当前 99.46,98.66-100.06,102.94-104.43,96.97,跌破观察区下沿、弱于基准、板块转弱或出现公告/新闻风险,86,65,收盘前仍强于基准且无事件风险时，才进入隔夜观察,半导体设计；相对基准 3.5633%。,中高风险；消费电子周期;业绩预期,沪深300,已跳过,,,,,,重复观察,同一股票同一交易日的15分钟重复观察已去重，不重复计入胜率。
2026-07-07,08:16:52,A股,300308,中际旭创,stock,2,盘中：高风险强势观察,当前 1121.90,1112.92-1128.63,1161.17-1194.82,1082.63,跌破观察区下沿、弱于基准、板块转弱或出现公告/新闻风险,84,65,收盘前仍强于基准且无事件风险时，才进入隔夜观察,光模块/CPO；相对基准 3.0269%。,高风险；高波动;高位兑现;板块分化,创业板指,已跳过,,,,,,重复观察,同一股票同一交易日的15分钟重复观察已去重，不重复计入胜率。
2026-07-07,08:16:52,A股,000977,浪潮信息,stock,3,盘中：强势观察,当前 71.06,70.49-71.49,73.55-74.61,69.28,跌破观察区下沿、弱于基准、板块转弱或出现公告/新闻风险,83,65,收盘前仍强于基准且无事件风险时，才进入隔夜观察,服务器/算力；相对基准 2.9638%。,中高风险；政策与订单预期;波动较大,沪深300,已跳过,,,,,,重复观察,同一股票同一交易日的15分钟重复观察已去重，不重复计入胜率。
2026-07-07,08:16:52,A股,601138,工业富联,stock,4,盘中：候选观察,当前 63.78,63.27-64.16,66.01-66.97,62.19,跌破观察区下沿、弱于基准、板块转弱或出现公告/新闻风险,79,100,收盘前仍强于基准且无事件风险时，才进入隔夜观察,AI硬件/服务器；相对基准 0.0241%。,中高风险；题材拥挤;尾盘兑现;公告风险,科创50,已跳过,,,,,,重复观察,同一股票同一交易日的15分钟重复观察已去重，不重复计入胜率。
2026-07-07,08:16:52,A股,002463,沪电股份,stock,5,盘中：候选观察,当前 129.72,128.68-130.50,134.26-136.21,126.48,跌破观察区下沿、弱于基准、板块转弱或出现公告/新闻风险,77,65,收盘前仍强于基准且无事件风险时，才进入隔夜观察,AI PCB/服务器链；相对基准 1.718%。,中高风险；题材轮动;业绩预期波动,沪深300,已跳过,,,,,,重复观察,同一股票同一交易日的15分钟重复观察已去重，不重复计入胜率。
2026-07-07,08:32:07,A股,603501,豪威集团,stock,1,盘中：强势观察,当前 99.46,98.66-100.06,102.94-104.43,96.97,跌破观察区下沿、弱于基准、板块转弱或出现公告/新闻风险,86,65,收盘前仍强于基准且无事件风险时，才进入隔夜观察,半导体设计；相对基准 3.5633%。,中高风险；消费电子周期;业绩预期,沪深300,已跳过,,,,,,重复观察,同一股票同一交易日的15分钟重复观察已去重，不重复计入胜率。
2026-07-07,08:32:07,A股,300308,中际旭创,stock,2,盘中：高风险强势观察,当前 1121.90,1112.92-1128.63,1161.17-1194.82,1082.63,跌破观察区下沿、弱于基准、板块转弱或出现公告/新闻风险,84,65,收盘前仍强于基准且无事件风险时，才进入隔夜观察,光模块/CPO；相对基准 3.0269%。,高风险；高波动;高位兑现;板块分化,创业板指,已跳过,,,,,,重复观察,同一股票同一交易日的15分钟重复观察已去重，不重复计入胜率。
2026-07-07,08:32:07,A股,000977,浪潮信息,stock,3,盘中：强势观察,当前 71.06,70.49-71.49,73.55-74.61,69.28,跌破观察区下沿、弱于基准、板块转弱或出现公告/新闻风险,83,65,收盘前仍强于基准且无事件风险时，才进入隔夜观察,服务器/算力；相对基准 2.9638%。,中高风险；政策与订单预期;波动较大,沪深300,已跳过,,,,,,重复观察,同一股票同一交易日的15分钟重复观察已去重，不重复计入胜率。
2026-07-07,08:32:07,A股,601138,工业富联,stock,4,盘中：候选观察,当前 63.78,63.27-64.16,66.01-66.97,62.19,跌破观察区下沿、弱于基准、板块转弱或出现公告/新闻风险,79,100,收盘前仍强于基准且无事件风险时，才进入隔夜观察,AI硬件/服务器；相对基准 0.0241%。,中高风险；题材拥挤;尾盘兑现;公告风险,科创50,已跳过,,,,,,重复观察,同一股票同一交易日的15分钟重复观察已去重，不重复计入胜率。
2026-07-07,08:32:07,A股,002463,沪电股份,stock,5,盘中：候选观察,当前 129.72,128.68-130.50,134.26-136.21,126.48,跌破观察区下沿、弱于基准、板块转弱或出现公告/新闻风险,77,65,收盘前仍强于基准且无事件风险时，才进入隔夜观察,AI PCB/服务器链；相对基准 1.718%。,中高风险；题材轮动;业绩预期波动,沪深300,已跳过,,,,,,重复观察,同一股票同一交易日的15分钟重复观察已去重，不重复计入胜率。
2026-07-07,08:59:09,A股,603501,豪威集团,stock,1,盘中：强势观察,当前 99.46,98.66-100.06,102.94-104.43,96.97,跌破观察区下沿、弱于基准、板块转弱或出现公告/新闻风险,86,65,收盘前仍强于基准且无事件风险时，才进入隔夜观察,半导体设计；相对基准 3.5633%。,中高风险；消费电子周期;业绩预期,沪深300,已跳过,,,,,,重复观察,同一股票同一交易日的15分钟重复观察已去重，不重复计入胜率。
2026-07-07,08:59:09,A股,300308,中际旭创,stock,2,盘中：高风险强势观察,当前 1121.90,1112.92-1128.63,1161.17-1194.82,1082.63,跌破观察区下沿、弱于基准、板块转弱或出现公告/新闻风险,84,65,收盘前仍强于基准且无事件风险时，才进入隔夜观察,光模块/CPO；相对基准 3.0269%。,高风险；高波动;高位兑现;板块分化,创业板指,已跳过,,,,,,重复观察,同一股票同一交易日的15分钟重复观察已去重，不重复计入胜率。
2026-07-07,08:59:09,A股,000977,浪潮信息,stock,3,盘中：强势观察,当前 71.06,70.49-71.49,73.55-74.61,69.28,跌破观察区下沿、弱于基准、板块转弱或出现公告/新闻风险,83,65,收盘前仍强于基准且无事件风险时，才进入隔夜观察,服务器/算力；相对基准 2.9638%。,中高风险；政策与订单预期;波动较大,沪深300,已跳过,,,,,,重复观察,同一股票同一交易日的15分钟重复观察已去重，不重复计入胜率。
2026-07-07,08:59:09,A股,601138,工业富联,stock,4,盘中：候选观察,当前 63.78,63.27-64.16,66.01-66.97,62.19,跌破观察区下沿、弱于基准、板块转弱或出现公告/新闻风险,79,100,收盘前仍强于基准且无事件风险时，才进入隔夜观察,AI硬件/服务器；相对基准 0.0241%。,中高风险；题材拥挤;尾盘兑现;公告风险,科创50,已跳过,,,,,,重复观察,同一股票同一交易日的15分钟重复观察已去重，不重复计入胜率。
2026-07-07,08:59:09,A股,002463,沪电股份,stock,5,盘中：候选观察,当前 129.72,128.68-130.50,134.26-136.21,126.48,跌破观察区下沿、弱于基准、板块转弱或出现公告/新闻风险,77,65,收盘前仍强于基准且无事件风险时，才进入隔夜观察,AI PCB/服务器链；相对基准 1.718%。,中高风险；题材轮动;业绩预期波动,沪深300,已跳过,,,,,,重复观察,同一股票同一交易日的15分钟重复观察已去重，不重复计入胜率。
2026-07-07,10:34:42,A股,603501,豪威集团,stock,1,收盘：强势观察,当前 99.46,98.66-100.06,102.94-104.43,96.97,跌破观察区下沿、弱于基准、板块转弱或出现公告/新闻风险,86,65,收盘前仍强于基准且无事件风险时，才进入隔夜观察,半导体设计；相对基准 3.5633%。,中高风险；消费电子周期;业绩预期,沪深300,已跳过,,,,,,重复观察,同一股票同一交易日的15分钟重复观察已去重，不重复计入胜率。
2026-07-07,10:34:42,A股,300308,中际旭创,stock,2,收盘：高风险强势观察,当前 1121.90,1112.92-1128.63,1161.17-1194.82,1082.63,跌破观察区下沿、弱于基准、板块转弱或出现公告/新闻风险,84,65,收盘前仍强于基准且无事件风险时，才进入隔夜观察,光模块/CPO；相对基准 3.0269%。,高风险；高波动;高位兑现;板块分化,创业板指,已跳过,,,,,,重复观察,同一股票同一交易日的15分钟重复观察已去重，不重复计入胜率。
2026-07-07,10:34:42,A股,000977,浪潮信息,stock,3,收盘：强势观察,当前 71.06,70.49-71.49,73.55-74.61,69.28,跌破观察区下沿、弱于基准、板块转弱或出现公告/新闻风险,83,65,收盘前仍强于基准且无事件风险时，才进入隔夜观察,服务器/算力；相对基准 2.9638%。,中高风险；政策与订单预期;波动较大,沪深300,已跳过,,,,,,重复观察,同一股票同一交易日的15分钟重复观察已去重，不重复计入胜率。
2026-07-07,10:34:42,A股,601138,工业富联,stock,4,收盘：候选观察,当前 63.78,63.27-64.16,66.01-66.97,62.19,跌破观察区下沿、弱于基准、板块转弱或出现公告/新闻风险,79,100,收盘前仍强于基准且无事件风险时，才进入隔夜观察,AI硬件/服务器；相对基准 0.0241%。,中高风险；题材拥挤;尾盘兑现;公告风险,科创50,已复盘,65.00,66.01,+1.91%,+3.50%,数据不足,命中,模拟执行后表现有效，保留相对强弱和量价过滤。
2026-07-07,10:34:42,A股,002463,沪电股份,stock,5,收盘：候选观察,当前 129.72,128.68-130.50,134.26-136.21,126.48,跌破观察区下沿、弱于基准、板块转弱或出现公告/新闻风险,77,65,收盘前仍强于基准且无事件风险时，才进入隔夜观察,AI PCB/服务器链；相对基准 1.718%。,中高风险；题材轮动;业绩预期波动,沪深300,已跳过,,,,,,重复观察,同一股票同一交易日的15分钟重复观察已去重，不重复计入胜率。
2026-07-07,11:06:45,A股,300308,中际旭创,stock,1,收盘：高风险强势观察,当前 1121.90,1112.92-1128.63,1161.17-1194.82,1082.63,跌破观察区下沿、弱于基准、板块转弱或出现公告/新闻风险,84,65,隔夜降权：只做观察，不作为自动模拟买入；需次日重新确认强于基准和尾盘承接。,光模块/CPO；相对基准 3.0269%。,高风险；高波动;高位兑现;板块分化,创业板指,已复盘,1134.80,1128.35,+1.15%,+0.57%,数据不足,命中,模拟执行后表现有效，保留相对强弱和量价过滤。
2026-07-07,11:06:45,A股,603501,豪威集团,stock,2,收盘：强势观察,当前 99.46,98.66-100.06,102.94-104.43,96.97,跌破观察区下沿、弱于基准、板块转弱或出现公告/新闻风险,83,50,隔夜降权：只做观察，不作为自动模拟买入；需次日重新确认强于基准和尾盘承接。,半导体设计；相对基准 3.5633%。,中高风险；消费电子周期;业绩预期,沪深300,已复盘,99.85,100.95,+0.39%,+1.50%,数据不足,命中,模拟执行后表现有效，保留相对强弱和量价过滤。
2026-07-07,11:06:45,A股,000977,浪潮信息,stock,3,收盘：候选观察,当前 71.06,70.49-71.49,73.55-74.61,69.28,跌破观察区下沿、弱于基准、板块转弱或出现公告/新闻风险,80,50,隔夜降权：只做观察，不作为自动模拟买入；需次日重新确认强于基准和尾盘承接。,服务器/算力；相对基准 2.9638%。,中高风险；政策与订单预期;波动较大,沪深300,已复盘,78.17,78.17,+10.01%,+10.01%,数据不足,命中,模拟执行后表现有效，保留相对强弱和量价过滤。
2026-07-07,11:06:45,A股,002463,沪电股份,stock,4,收盘：候选观察,当前 129.72,128.68-130.50,134.26-136.21,126.48,跌破观察区下沿、弱于基准、板块转弱或出现公告/新闻风险,74,50,隔夜降权：只做观察，不作为自动模拟买入；需次日重新确认强于基准和尾盘承接。,AI PCB/服务器链；相对基准 1.718%。,中高风险；题材轮动;业绩预期波动,沪深300,已复盘,131.00,128.20,+0.99%,-1.17%,数据不足,失败,模拟买入后收盘或相对表现不足，降低该条件权重。
2026-07-07,11:06:45,A股,688256,寒武纪,stock,5,收盘：边缘观察,当前 1388.00,1376.90-1396.33,1436.58-1478.22,1339.42,跌破观察区下沿、弱于基准、板块转弱或出现公告/新闻风险,72,20,隔夜降权：只做观察，不作为自动模拟买入；需次日重新确认强于基准和尾盘承接。,AI芯片；相对基准 1.0577%。,高风险；估值波动;科创板波动;隔夜跳空,科创50,已复盘,1423.00,1413.55,+2.52%,+1.84%,数据不足,命中,模拟执行后表现有效，保留相对强弱和量价过滤。
2026-07-07,15:05:50,美股,META,"Meta Platforms, Inc.",stock,1,盘中：强势观察,当前 612.60,607.70-616.28,634.04-643.23,597.28,跌破观察区下沿、弱于基准、板块转弱或出现公告/新闻风险,85,65,收盘前仍强于基准且无事件风险时，才进入隔夜观察,AI应用/社交广告；相对基准 3.7247%。,中高风险；监管;广告周期;资本开支,QQQ,已跳过,,,,,,重复观察,同一股票同一交易日的15分钟重复观察已去重，不重复计入胜率。
2026-07-07,15:05:50,美股,MSFT,Microsoft Corporation,stock,2,盘中：强势观察,当前 392.33,389.19-394.68,406.06-411.95,382.52,跌破观察区下沿、弱于基准、板块转弱或出现公告/新闻风险,84,65,收盘前仍强于基准且无事件风险时，才进入隔夜观察,AI云/软件；相对基准 3.1194%。,中风险；监管;财报;AI资本开支担忧,QQQ,已跳过,,,,,,重复观察,同一股票同一交易日的15分钟重复观察已去重，不重复计入胜率。
2026-07-07,15:05:50,美股,GOOGL,Alphabet Inc.,stock,3,盘中：强势观察,当前 371.19,368.23-373.42,384.19-389.75,361.92,跌破观察区下沿、弱于基准、板块转弱或出现公告/新闻风险,84,65,收盘前仍强于基准且无事件风险时，才进入隔夜观察,AI应用/广告/云；相对基准 2.9661%。,中风险；监管;广告周期;财报跳空,QQQ,已跳过,,,,,,重复观察,同一股票同一交易日的15分钟重复观察已去重，不重复计入胜率。
2026-07-07,15:05:50,美股,AMZN,"Amazon.com, Inc.",stock,4,盘中：候选观察,当前 247.10,245.12-248.58,255.75-259.45,240.92,跌破观察区下沿、弱于基准、板块转弱或出现公告/新闻风险,81,65,收盘前仍强于基准且无事件风险时，才进入隔夜观察,云/电商/AI资本开支；相对基准 2.8781%。,中风险；利润率;资本开支;消费,QQQ,已跳过,,,,,,重复观察,同一股票同一交易日的15分钟重复观察已去重，不重复计入胜率。
2026-07-07,15:05:50,美股,PLTR,Palantir Technologies Inc.,stock,5,盘中：边缘观察,当前 134.01,132.94-134.82,138.70-142.72,129.32,跌破观察区下沿、弱于基准、板块转弱或出现公告/新闻风险,72,30,收盘前仍强于基准且无事件风险时，才进入隔夜观察,AI软件/数据分析；相对基准 2.7846%。,高风险；估值;财报跳空;高波动,QQQ,已跳过,,,,,,重复观察,同一股票同一交易日的15分钟重复观察已去重，不重复计入胜率。
2026-07-07,15:16:26,美股,MSFT,Microsoft Corporation,stock,1,盘中：强势观察,当前 393.49,390.34-395.85,407.26-413.16,383.65,跌破观察区下沿、弱于基准、板块转弱或出现公告/新闻风险,87,65,收盘前仍强于基准且无事件风险时，才进入隔夜观察,AI云/软件；相对基准 3.7584%。,中风险；监管;财报;AI资本开支担忧,QQQ,已跳过,,,,,,重复观察,同一股票同一交易日的15分钟重复观察已去重，不重复计入胜率。
2026-07-07,15:16:26,美股,GOOGL,Alphabet Inc.,stock,2,盘中：强势观察,当前 371.59,368.62-373.82,384.60-390.17,362.30,跌破观察区下沿、弱于基准、板块转弱或出现公告/新闻风险,87,65,收盘前仍强于基准且无事件风险时，才进入隔夜观察,AI应用/广告/云；相对基准 3.4142%。,中风险；监管;广告周期;财报跳空,QQQ,已跳过,,,,,,重复观察,同一股票同一交易日的15分钟重复观察已去重，不重复计入胜率。
2026-07-07,15:16:26,美股,META,"Meta Platforms, Inc.",stock,3,盘中：强势观察,当前 611.98,607.08-615.65,633.40-642.58,596.68,跌破观察区下沿、弱于基准、板块转弱或出现公告/新闻风险,85,65,收盘前仍强于基准且无事件风险时，才进入隔夜观察,AI应用/社交广告；相对基准 3.9617%。,中高风险；监管;广告周期;资本开支,QQQ,已跳过,,,,,,重复观察,同一股票同一交易日的15分钟重复观察已去重，不重复计入胜率。
2026-07-07,15:16:26,美股,AMZN,"Amazon.com, Inc.",stock,4,盘中：强势观察,当前 247.07,245.09-248.55,255.72-259.42,240.89,跌破观察区下沿、弱于基准、板块转弱或出现公告/新闻风险,84,65,收盘前仍强于基准且无事件风险时，才进入隔夜观察,云/电商/AI资本开支；相对基准 3.2061%。,中风险；利润率;资本开支;消费,QQQ,已跳过,,,,,,重复观察,同一股票同一交易日的15分钟重复观察已去重，不重复计入胜率。
2026-07-07,15:16:26,美股,CRM,"Salesforce, Inc.",stock,5,盘中：边缘观察,当前 168.00,166.66-169.01,173.89-176.41,163.80,跌破观察区下沿、弱于基准、板块转弱或出现公告/新闻风险,70,30,收盘前仍强于基准且无事件风险时，才进入隔夜观察,企业软件；相对基准 3.436%。,中风险；业绩指引;估值,QQQ,已跳过,,,,,,重复观察,同一股票同一交易日的15分钟重复观察已去重，不重复计入胜率。
2026-07-07,15:31:39,美股,MSFT,Microsoft Corporation,stock,1,盘中：强势观察,当前 394.10,390.95-396.46,407.89-413.81,384.25,跌破观察区下沿、弱于基准、板块转弱或出现公告/新闻风险,87,65,收盘前仍强于基准且无事件风险时，才进入隔夜观察,AI云/软件；相对基准 4.017%。,中风险；监管;财报;AI资本开支担忧,QQQ,已跳过,,,,,,重复观察,同一股票同一交易日的15分钟重复观察已去重，不重复计入胜率。
2026-07-07,15:31:39,美股,GOOGL,Alphabet Inc.,stock,2,盘中：强势观察,当前 370.76,367.80-372.99,383.74-389.30,361.50,跌破观察区下沿、弱于基准、板块转弱或出现公告/新闻风险,86,65,收盘前仍强于基准且无事件风险时，才进入隔夜观察,AI应用/广告/云；相对基准 3.2887%。,中风险；监管;广告周期;财报跳空,QQQ,已跳过,,,,,,重复观察,同一股票同一交易日的15分钟重复观察已去重，不重复计入胜率。
2026-07-07,15:31:39,美股,META,"Meta Platforms, Inc.",stock,3,盘中：强势观察,当前 610.52,605.63-614.18,631.89-641.04,595.26,跌破观察区下沿、弱于基准、板块转弱或出现公告/新闻风险,84,65,收盘前仍强于基准且无事件风险时，才进入隔夜观察,AI应用/社交广告；相对基准 3.8177%。,中高风险；监管;广告周期;资本开支,QQQ,已跳过,,,,,,重复观察,同一股票同一交易日的15分钟重复观察已去重，不重复计入胜率。
2026-07-07,15:31:39,美股,CRM,"Salesforce, Inc.",stock,4,盘中：候选观察,当前 170.62,169.26-171.64,176.59-179.15,166.35,跌破观察区下沿、弱于基准、板块转弱或出现公告/新闻风险,78,30,收盘前仍强于基准且无事件风险时，才进入隔夜观察,企业软件；相对基准 5.1142%。,中风险；业绩指引;估值,QQQ,已跳过,,,,,,重复观察,同一股票同一交易日的15分钟重复观察已去重，不重复计入胜率。
2026-07-07,15:31:39,美股,AMZN,"Amazon.com, Inc.",stock,5,盘中：边缘观察,当前 244.97,243.01-246.43,253.54-257.21,238.84,跌破观察区下沿、弱于基准、板块转弱或出现公告/新闻风险,72,65,收盘前仍强于基准且无事件风险时，才进入隔夜观察,云/电商/AI资本开支；相对基准 2.4436%。,中风险；利润率;资本开支;消费,QQQ,已跳过,,,,,,重复观察,同一股票同一交易日的15分钟重复观察已去重，不重复计入胜率。
2026-07-07,15:47:07,美股,MSFT,Microsoft Corporation,stock,1,盘中：强势观察,当前 394.07,390.92-396.43,407.86-413.77,384.22,跌破观察区下沿、弱于基准、板块转弱或出现公告/新闻风险,87,65,收盘前仍强于基准且无事件风险时，才进入隔夜观察,AI云/软件；相对基准 4.1927%。,中风险；监管;财报;AI资本开支担忧,QQQ,已跳过,,,,,,重复观察,同一股票同一交易日的15分钟重复观察已去重，不重复计入胜率。
2026-07-07,15:47:07,美股,META,"Meta Platforms, Inc.",stock,2,盘中：强势观察,当前 609.52,604.64-613.18,630.85-640.00,594.28,跌破观察区下沿、弱于基准、板块转弱或出现公告/新闻风险,84,65,收盘前仍强于基准且无事件风险时，才进入隔夜观察,AI应用/社交广告；相对基准 3.8355%。,中高风险；监管;广告周期;资本开支,QQQ,已跳过,,,,,,重复观察,同一股票同一交易日的15分钟重复观察已去重，不重复计入胜率。
2026-07-07,15:47:07,美股,GOOGL,Alphabet Inc.,stock,3,盘中：候选观察,当前 369.11,366.15-371.32,382.02-387.56,359.88,跌破观察区下沿、弱于基准、板块转弱或出现公告/新闻风险,80,65,收盘前仍强于基准且无事件风险时，才进入隔夜观察,AI应用/广告/云；相对基准 3.0197%。,中风险；监管;广告周期;财报跳空,QQQ,已跳过,,,,,,重复观察,同一股票同一交易日的15分钟重复观察已去重，不重复计入胜率。
2026-07-07,15:47:07,美股,CRM,"Salesforce, Inc.",stock,4,盘中：候选观察,当前 170.76,169.39-171.78,176.74-179.30,166.49,跌破观察区下沿、弱于基准、板块转弱或出现公告/新闻风险,78,30,收盘前仍强于基准且无事件风险时，才进入隔夜观察,企业软件；相对基准 5.3827%。,中风险；业绩指引;估值,QQQ,已跳过,,,,,,重复观察,同一股票同一交易日的15分钟重复观察已去重，不重复计入胜率。
2026-07-07,15:47:07,美股,PLTR,Palantir Technologies Inc.,stock,5,盘中：候选观察,当前 133.96,132.89-134.76,138.65-142.67,129.27,跌破观察区下沿、弱于基准、板块转弱或出现公告/新闻风险,75,30,收盘前仍强于基准且无事件风险时，才进入隔夜观察,AI软件/数据分析；相对基准 3.3693%。,高风险；估值;财报跳空;高波动,QQQ,已跳过,,,,,,重复观察,同一股票同一交易日的15分钟重复观察已去重，不重复计入胜率。
2026-07-07,16:02:27,美股,MSFT,Microsoft Corporation,stock,1,盘中：强势观察,当前 392.41,389.27-394.76,406.14-412.03,382.60,跌破观察区下沿、弱于基准、板块转弱或出现公告/新闻风险,84,65,收盘前仍强于基准且无事件风险时，才进入隔夜观察,AI云/软件；相对基准 3.7073%。,中风险；监管;财报;AI资本开支担忧,QQQ,已跳过,,,,,,重复观察,同一股票同一交易日的15分钟重复观察已去重，不重复计入胜率。
2026-07-07,16:02:27,美股,PLTR,Palantir Technologies Inc.,stock,2,盘中：候选观察,当前 134.09,133.02-134.90,138.79-142.81,129.40,跌破观察区下沿、弱于基准、板块转弱或出现公告/新闻风险,76,30,收盘前仍强于基准且无事件风险时，才进入隔夜观察,AI软件/数据分析；相对基准 3.4144%。,高风险；估值;财报跳空;高波动,QQQ,已跳过,,,,,,重复观察,同一股票同一交易日的15分钟重复观察已去重，不重复计入胜率。
2026-07-07,16:02:27,美股,CRM,"Salesforce, Inc.",stock,3,盘中：候选观察,当前 169.94,168.58-170.95,175.88-178.43,165.69,跌破观察区下沿、弱于基准、板块转弱或出现公告/新闻风险,75,30,收盘前仍强于基准且无事件风险时，才进入隔夜观察,企业软件；相对基准 4.828%。,中风险；业绩指引;估值,QQQ,已跳过,,,,,,重复观察,同一股票同一交易日的15分钟重复观察已去重，不重复计入胜率。
2026-07-07,16:02:27,美股,META,"Meta Platforms, Inc.",stock,4,盘中：边缘观察,当前 605.50,600.66-609.13,626.69-635.77,590.36,跌破观察区下沿、弱于基准、板块转弱或出现公告/新闻风险,73,65,收盘前仍强于基准且无事件风险时，才进入隔夜观察,AI应用/社交广告；相对基准 3.1091%。,中高风险；监管;广告周期;资本开支,QQQ,已跳过,,,,,,重复观察,同一股票同一交易日的15分钟重复观察已去重，不重复计入胜率。
2026-07-07,16:02:27,美股,GOOGL,Alphabet Inc.,stock,5,盘中：边缘观察,当前 367.62,364.68-369.83,380.49-386.00,358.43,跌破观察区下沿、弱于基准、板块转弱或出现公告/新闻风险,72,65,收盘前仍强于基准且无事件风险时，才进入隔夜观察,AI应用/广告/云；相对基准 2.5577%。,中风险；监管;广告周期;财报跳空,QQQ,已跳过,,,,,,重复观察,同一股票同一交易日的15分钟重复观察已去重，不重复计入胜率。
2026-07-07,16:22:49,美股,MSFT,Microsoft Corporation,stock,1,盘中：强势观察,当前 393.69,390.54-396.05,407.46-413.37,383.84,跌破观察区下沿、弱于基准、板块转弱或出现公告/新闻风险,87,65,收盘前仍强于基准且无事件风险时，才进入隔夜观察,AI云/软件；相对基准 3.936%。,中风险；监管;财报;AI资本开支担忧,QQQ,已跳过,,,,,,重复观察,同一股票同一交易日的15分钟重复观察已去重，不重复计入胜率。
2026-07-07,16:22:49,美股,PLTR,Palantir Technologies Inc.,stock,2,盘中：候选观察,当前 135.01,133.93-135.82,139.74-143.79,130.28,跌破观察区下沿、弱于基准、板块转弱或出现公告/新闻风险,76,30,收盘前仍强于基准且无事件风险时，才进入隔夜观察,AI软件/数据分析；相对基准 4.0038%。,高风险；估值;财报跳空;高波动,QQQ,已跳过,,,,,,重复观察,同一股票同一交易日的15分钟重复观察已去重，不重复计入胜率。
2026-07-07,16:22:49,美股,CRM,"Salesforce, Inc.",stock,3,盘中：候选观察,当前 170.31,168.95-171.34,176.28-178.83,166.06,跌破观察区下沿、弱于基准、板块转弱或出现公告/新闻风险,76,30,收盘前仍强于基准且无事件风险时，才进入隔夜观察,企业软件；相对基准 4.9564%。,中风险；业绩指引;估值,QQQ,已跳过,,,,,,重复观察,同一股票同一交易日的15分钟重复观察已去重，不重复计入胜率。
2026-07-07,16:22:49,美股,META,"Meta Platforms, Inc.",stock,4,盘中：边缘观察,当前 606.10,601.25-609.73,627.31-636.40,590.94,跌破观察区下沿、弱于基准、板块转弱或出现公告/新闻风险,73,65,收盘前仍强于基准且无事件风险时，才进入隔夜观察,AI应用/社交广告；相对基准 3.1072%。,中高风险；监管;广告周期;资本开支,QQQ,已跳过,,,,,,重复观察,同一股票同一交易日的15分钟重复观察已去重，不重复计入胜率。
2026-07-07,16:22:49,美股,GOOGL,Alphabet Inc.,stock,5,盘中：边缘观察,当前 368.20,365.25-370.41,381.09-386.61,359.00,跌破观察区下沿、弱于基准、板块转弱或出现公告/新闻风险,72,65,收盘前仍强于基准且无事件风险时，才进入隔夜观察,AI应用/广告/云；相对基准 2.615%。,中风险；监管;广告周期;财报跳空,QQQ,已跳过,,,,,,重复观察,同一股票同一交易日的15分钟重复观察已去重，不重复计入胜率。
2026-07-07,16:32:26,美股,MSFT,Microsoft Corporation,stock,1,盘中：强势观察,当前 393.34,390.19-395.70,407.11-413.01,383.51,跌破观察区下沿、弱于基准、板块转弱或出现公告/新闻风险,86,65,收盘前仍强于基准且无事件风险时，才进入隔夜观察,AI云/软件；相对基准 3.8883%。,中风险；监管;财报;AI资本开支担忧,QQQ,已跳过,,,,,,重复观察,同一股票同一交易日的15分钟重复观察已去重，不重复计入胜率。
2026-07-07,16:32:26,美股,GOOGL,Alphabet Inc.,stock,2,盘中：候选观察,当前 369.48,366.52-371.70,382.41-387.95,360.24,跌破观察区下沿、弱于基准、板块转弱或出现公告/新闻风险,80,65,收盘前仍强于基准且无事件风险时，才进入隔夜观察,AI应用/广告/云；相对基准 3.0055%。,中风险；监管;广告周期;财报跳空,QQQ,已跳过,,,,,,重复观察,同一股票同一交易日的15分钟重复观察已去重，不重复计入胜率。
2026-07-07,16:32:26,美股,META,"Meta Platforms, Inc.",stock,3,盘中：候选观察,当前 606.44,601.59-610.08,627.67-636.76,591.28,跌破观察区下沿、弱于基准、板块转弱或出现公告/新闻风险,79,65,收盘前仍强于基准且无事件风险时，才进入隔夜观察,AI应用/社交广告；相对基准 3.2062%。,中高风险；监管;广告周期;资本开支,QQQ,已跳过,,,,,,重复观察,同一股票同一交易日的15分钟重复观察已去重，不重复计入胜率。
2026-07-07,16:32:26,美股,PLTR,Palantir Technologies Inc.,stock,4,盘中：候选观察,当前 135.75,134.66-136.56,140.50-144.57,131.00,跌破观察区下沿、弱于基准、板块转弱或出现公告/新闻风险,78,30,收盘前仍强于基准且无事件风险时，才进入隔夜观察,AI软件/数据分析；相对基准 4.6036%。,高风险；估值;财报跳空;高波动,QQQ,已跳过,,,,,,重复观察,同一股票同一交易日的15分钟重复观察已去重，不重复计入胜率。
2026-07-07,16:32:26,美股,CRM,"Salesforce, Inc.",stock,5,盘中：候选观察,当前 170.66,169.29-171.68,176.63-179.19,166.39,跌破观察区下沿、弱于基准、板块转弱或出现公告/新闻风险,78,30,收盘前仍强于基准且无事件风险时，才进入隔夜观察,企业软件；相对基准 5.2061%。,中风险；业绩指引;估值,QQQ,已跳过,,,,,,重复观察,同一股票同一交易日的15分钟重复观察已去重，不重复计入胜率。
2026-07-07,17:55:05,美股,MSFT,Microsoft Corporation,stock,1,盘中：强势观察,当前 394.79,391.63-397.15,408.60-414.52,384.92,跌破观察区下沿、弱于基准、板块转弱或出现公告/新闻风险,87,65,收盘前仍强于基准且无事件风险时，才进入隔夜观察,AI云/软件；相对基准 3.5342%。,中风险；监管;财报;AI资本开支担忧,QQQ,已跳过,,,,,,重复观察,同一股票同一交易日的15分钟重复观察已去重，不重复计入胜率。
2026-07-07,17:55:05,美股,CRM,"Salesforce, Inc.",stock,2,盘中：强势观察,当前 171.51,170.14-172.54,177.51-180.09,167.22,跌破观察区下沿、弱于基准、板块转弱或出现公告/新闻风险,84,30,收盘前仍强于基准且无事件风险时，才进入隔夜观察,企业软件；相对基准 4.9916%。,中风险；业绩指引;估值,QQQ,已跳过,,,,,,重复观察,同一股票同一交易日的15分钟重复观察已去重，不重复计入胜率。
2026-07-07,17:55:05,美股,META,"Meta Platforms, Inc.",stock,3,盘中：候选观察,当前 609.25,604.38-612.91,630.57-639.71,594.02,跌破观察区下沿、弱于基准、板块转弱或出现公告/新闻风险,81,65,收盘前仍强于基准且无事件风险时，才进入隔夜观察,AI应用/社交广告；相对基准 2.9466%。,中高风险；监管;广告周期;资本开支,QQQ,已跳过,,,,,,重复观察,同一股票同一交易日的15分钟重复观察已去重，不重复计入胜率。
2026-07-07,17:55:05,美股,NVDA,NVIDIA Corporation,stock,4,盘中：候选观察,当前 197.08,195.50-198.26,203.98-209.89,190.18,跌破观察区下沿、弱于基准、板块转弱或出现公告/新闻风险,79,65,收盘前仍强于基准且无事件风险时，才进入隔夜观察,AI芯片/加速器；相对基准 4.5537%。,高风险；高估值;新闻/财报跳空;高波动,SMH,已跳过,,,,,,重复观察,同一股票同一交易日的15分钟重复观察已去重，不重复计入胜率。
2026-07-07,17:55:05,美股,PLTR,Palantir Technologies Inc.,stock,5,盘中：候选观察,当前 136.23,135.14-137.05,141.00-145.08,131.46,跌破观察区下沿、弱于基准、板块转弱或出现公告/新闻风险,78,30,收盘前仍强于基准且无事件风险时，才进入隔夜观察,AI软件/数据分析；相对基准 4.2381%。,高风险；估值;财报跳空;高波动,QQQ,已跳过,,,,,,重复观察,同一股票同一交易日的15分钟重复观察已去重，不重复计入胜率。
2026-07-07,17:55:23,美股,MSFT,Microsoft Corporation,stock,1,盘中：强势观察,当前 394.27,391.12-396.64,408.07-413.98,384.41,跌破观察区下沿、弱于基准、板块转弱或出现公告/新闻风险,87,65,收盘前仍强于基准且无事件风险时，才进入隔夜观察,AI云/软件；相对基准 3.3595%。,中风险；监管;财报;AI资本开支担忧,QQQ,已跳过,,,,,,重复观察,同一股票同一交易日的15分钟重复观察已去重，不重复计入胜率。
2026-07-07,17:55:23,美股,CRM,"Salesforce, Inc.",stock,2,盘中：强势观察,当前 171.72,170.35-172.75,177.73-180.31,167.43,跌破观察区下沿、弱于基准、板块转弱或出现公告/新闻风险,84,30,收盘前仍强于基准且无事件风险时，才进入隔夜观察,企业软件；相对基准 5.0769%。,中风险；业绩指引;估值,QQQ,已跳过,,,,,,重复观察,同一股票同一交易日的15分钟重复观察已去重，不重复计入胜率。
2026-07-07,17:55:23,美股,PLTR,Palantir Technologies Inc.,stock,3,盘中：候选观察,当前 137.11,136.01-137.93,141.91-146.02,132.31,跌破观察区下沿、弱于基准、板块转弱或出现公告/新闻风险,80,30,收盘前仍强于基准且无事件风险时，才进入隔夜观察,AI软件/数据分析；相对基准 4.8605%。,高风险；估值;财报跳空;高波动,QQQ,已跳过,,,,,,重复观察,同一股票同一交易日的15分钟重复观察已去重，不重复计入胜率。
2026-07-07,17:55:23,美股,NVDA,NVIDIA Corporation,stock,4,盘中：候选观察,当前 197.01,195.43-198.19,203.91-209.82,190.11,跌破观察区下沿、弱于基准、板块转弱或出现公告/新闻风险,79,65,收盘前仍强于基准且无事件风险时，才进入隔夜观察,AI芯片/加速器；相对基准 4.369%。,高风险；高估值;新闻/财报跳空;高波动,SMH,已跳过,,,,,,重复观察,同一股票同一交易日的15分钟重复观察已去重，不重复计入胜率。
2026-07-07,17:55:23,美股,GOOGL,Alphabet Inc.,stock,5,盘中：候选观察,当前 369.66,366.70-371.88,382.60-388.14,360.42,跌破观察区下沿、弱于基准、板块转弱或出现公告/新闻风险,77,65,收盘前仍强于基准且无事件风险时，才进入隔夜观察,AI应用/广告/云；相对基准 2.2857%。,中风险；监管;广告周期;财报跳空,QQQ,已跳过,,,,,,重复观察,同一股票同一交易日的15分钟重复观察已去重，不重复计入胜率。
2026-07-07,17:55:51,美股,MSFT,Microsoft Corporation,stock,1,盘中：强势观察,当前 394.27,391.12-396.64,408.07-413.98,384.41,跌破观察区下沿、弱于基准、板块转弱或出现公告/新闻风险,87,65,收盘前仍强于基准且无事件风险时，才进入隔夜观察,AI云/软件；相对基准 3.3595%。,中风险；监管;财报;AI资本开支担忧,QQQ,已跳过,,,,,,重复观察,同一股票同一交易日的15分钟重复观察已去重，不重复计入胜率。
2026-07-07,17:55:51,美股,CRM,"Salesforce, Inc.",stock,2,盘中：强势观察,当前 171.72,170.35-172.75,177.73-180.31,167.43,跌破观察区下沿、弱于基准、板块转弱或出现公告/新闻风险,84,30,收盘前仍强于基准且无事件风险时，才进入隔夜观察,企业软件；相对基准 5.0769%。,中风险；业绩指引;估值,QQQ,已跳过,,,,,,重复观察,同一股票同一交易日的15分钟重复观察已去重，不重复计入胜率。
2026-07-07,17:55:51,美股,PLTR,Palantir Technologies Inc.,stock,3,盘中：候选观察,当前 137.11,136.01-137.93,141.91-146.02,132.31,跌破观察区下沿、弱于基准、板块转弱或出现公告/新闻风险,80,30,收盘前仍强于基准且无事件风险时，才进入隔夜观察,AI软件/数据分析；相对基准 4.8605%。,高风险；估值;财报跳空;高波动,QQQ,已跳过,,,,,,重复观察,同一股票同一交易日的15分钟重复观察已去重，不重复计入胜率。
2026-07-07,17:55:51,美股,NVDA,NVIDIA Corporation,stock,4,盘中：候选观察,当前 197.01,195.43-198.19,203.91-209.82,190.11,跌破观察区下沿、弱于基准、板块转弱或出现公告/新闻风险,79,65,收盘前仍强于基准且无事件风险时，才进入隔夜观察,AI芯片/加速器；相对基准 4.369%。,高风险；高估值;新闻/财报跳空;高波动,SMH,已跳过,,,,,,重复观察,同一股票同一交易日的15分钟重复观察已去重，不重复计入胜率。
2026-07-07,17:55:51,美股,GOOGL,Alphabet Inc.,stock,5,盘中：候选观察,当前 369.66,366.70-371.88,382.60-388.14,360.42,跌破观察区下沿、弱于基准、板块转弱或出现公告/新闻风险,77,65,收盘前仍强于基准且无事件风险时，才进入隔夜观察,AI应用/广告/云；相对基准 2.2857%。,中风险；监管;广告周期;财报跳空,QQQ,已跳过,,,,,,重复观察,同一股票同一交易日的15分钟重复观察已去重，不重复计入胜率。
2026-07-07,17:56:17,美股,MSFT,Microsoft Corporation,stock,1,盘中：强势观察,当前 394.45,391.29-396.82,408.26-414.17,384.59,跌破观察区下沿、弱于基准、板块转弱或出现公告/新闻风险,87,65,收盘前仍强于基准且无事件风险时，才进入隔夜观察,AI云/软件；相对基准 3.4421%。,中风险；监管;财报;AI资本开支担忧,QQQ,已跳过,,,,,,重复观察,同一股票同一交易日的15分钟重复观察已去重，不重复计入胜率。
2026-07-07,17:56:17,美股,CRM,"Salesforce, Inc.",stock,2,盘中：强势观察,当前 171.66,170.29-172.69,177.67-180.25,167.37,跌破观察区下沿、弱于基准、板块转弱或出现公告/新闻风险,84,30,收盘前仍强于基准且无事件风险时，才进入隔夜观察,企业软件；相对基准 5.0797%。,中风险；业绩指引;估值,QQQ,已跳过,,,,,,重复观察,同一股票同一交易日的15分钟重复观察已去重，不重复计入胜率。
2026-07-07,17:56:17,美股,PLTR,Palantir Technologies Inc.,stock,3,盘中：候选观察,当前 137.08,135.98-137.90,141.88-145.99,132.28,跌破观察区下沿、弱于基准、板块转弱或出现公告/新闻风险,80,30,收盘前仍强于基准且无事件风险时，才进入隔夜观察,AI软件/数据分析；相对基准 4.8739%。,高风险；估值;财报跳空;高波动,QQQ,已跳过,,,,,,重复观察,同一股票同一交易日的15分钟重复观察已去重，不重复计入胜率。
2026-07-07,17:56:17,美股,NVDA,NVIDIA Corporation,stock,4,盘中：候选观察,当前 196.81,195.24-197.99,203.70-209.60,189.92,跌破观察区下沿、弱于基准、板块转弱或出现公告/新闻风险,79,65,收盘前仍强于基准且无事件风险时，才进入隔夜观察,AI芯片/加速器；相对基准 4.3957%。,高风险；高估值;新闻/财报跳空;高波动,SMH,已跳过,,,,,,重复观察,同一股票同一交易日的15分钟重复观察已去重，不重复计入胜率。
2026-07-07,17:56:17,美股,GOOGL,Alphabet Inc.,stock,5,盘中：候选观察,当前 369.97,367.01-372.19,382.92-388.47,360.72,跌破观察区下沿、弱于基准、板块转弱或出现公告/新闻风险,77,65,收盘前仍强于基准且无事件风险时，才进入隔夜观察,AI应用/广告/云；相对基准 2.4063%。,中风险；监管;广告周期;财报跳空,QQQ,已跳过,,,,,,重复观察,同一股票同一交易日的15分钟重复观察已去重，不重复计入胜率。
2026-07-07,17:58:50,美股,MSFT,Microsoft Corporation,stock,1,盘中：强势观察,当前 394.00,390.85-396.37,407.80-413.71,384.15,跌破观察区下沿、弱于基准、板块转弱或出现公告/新闻风险,87,65,收盘前仍强于基准且无事件风险时，才进入隔夜观察,AI云/软件；相对基准 3.3754%。,中风险；监管;财报;AI资本开支担忧,QQQ,已跳过,,,,,,重复观察,同一股票同一交易日的15分钟重复观察已去重，不重复计入胜率。
2026-07-07,17:58:50,美股,CRM,"Salesforce, Inc.",stock,2,盘中：强势观察,当前 171.96,170.58-172.99,177.97-180.55,167.66,跌破观察区下沿、弱于基准、板块转弱或出现公告/新闻风险,84,30,收盘前仍强于基准且无事件风险时，才进入隔夜观察,企业软件；相对基准 5.3031%。,中风险；业绩指引;估值,QQQ,已跳过,,,,,,重复观察,同一股票同一交易日的15分钟重复观察已去重，不重复计入胜率。
2026-07-07,17:58:50,美股,PLTR,Palantir Technologies Inc.,stock,3,盘中：候选观察,当前 137.07,135.97-137.89,141.87-145.98,132.27,跌破观察区下沿、弱于基准、板块转弱或出现公告/新闻风险,80,30,收盘前仍强于基准且无事件风险时，才进入隔夜观察,AI软件/数据分析；相对基准 4.9147%。,高风险；估值;财报跳空;高波动,QQQ,已跳过,,,,,,重复观察,同一股票同一交易日的15分钟重复观察已去重，不重复计入胜率。
2026-07-07,17:58:50,美股,NVDA,NVIDIA Corporation,stock,4,盘中：候选观察,当前 196.69,195.12-197.87,203.57-209.47,189.81,跌破观察区下沿、弱于基准、板块转弱或出现公告/新闻风险,79,65,收盘前仍强于基准且无事件风险时，才进入隔夜观察,AI芯片/加速器；相对基准 4.4139%。,高风险；高估值;新闻/财报跳空;高波动,SMH,已跳过,,,,,,重复观察,同一股票同一交易日的15分钟重复观察已去重，不重复计入胜率。
2026-07-07,17:58:50,美股,GOOGL,Alphabet Inc.,stock,5,盘中：候选观察,当前 369.93,366.97-372.15,382.88-388.42,360.68,跌破观察区下沿、弱于基准、板块转弱或出现公告/新闻风险,77,65,收盘前仍强于基准且无事件风险时，才进入隔夜观察,AI应用/广告/云；相对基准 2.4433%。,中风险；监管;广告周期;财报跳空,QQQ,已跳过,,,,,,重复观察,同一股票同一交易日的15分钟重复观察已去重，不重复计入胜率。
2026-07-07,18:01:51,美股,MSFT,Microsoft Corporation,stock,1,盘中：强势观察,当前 393.92,390.76-396.28,407.70-413.61,384.07,跌破观察区下沿、弱于基准、板块转弱或出现公告/新闻风险,87,65,收盘前仍强于基准且无事件风险时，才进入隔夜观察,AI云/软件；相对基准 3.1975%。,中风险；监管;财报;AI资本开支担忧,QQQ,已跳过,,,,,,重复观察,同一股票同一交易日的15分钟重复观察已去重，不重复计入胜率。
2026-07-07,18:01:51,美股,NVDA,NVIDIA Corporation,stock,2,盘中：高风险强势观察,当前 197.67,196.09-198.86,204.59-210.52,190.75,跌破观察区下沿、弱于基准、板块转弱或出现公告/新闻风险,85,65,收盘前仍强于基准且无事件风险时，才进入隔夜观察,AI芯片/加速器；相对基准 4.5261%。,高风险；高估值;新闻/财报跳空;高波动,SMH,已跳过,,,,,,重复观察,同一股票同一交易日的15分钟重复观察已去重，不重复计入胜率。
2026-07-07,18:01:51,美股,CRM,"Salesforce, Inc.",stock,3,盘中：强势观察,当前 172.01,170.63-173.04,178.03-180.61,167.71,跌破观察区下沿、弱于基准、板块转弱或出现公告/新闻风险,84,30,收盘前仍强于基准且无事件风险时，才进入隔夜观察,企业软件；相对基准 5.1814%。,中风险；业绩指引;估值,QQQ,已跳过,,,,,,重复观察,同一股票同一交易日的15分钟重复观察已去重，不重复计入胜率。
2026-07-07,18:01:51,美股,PLTR,Palantir Technologies Inc.,stock,4,盘中：候选观察,当前 137.48,136.38-138.30,142.29-146.42,132.67,跌破观察区下沿、弱于基准、板块转弱或出现公告/新闻风险,80,30,收盘前仍强于基准且无事件风险时，才进入隔夜观察,AI软件/数据分析；相对基准 5.0692%。,高风险；估值;财报跳空;高波动,QQQ,已跳过,,,,,,重复观察,同一股票同一交易日的15分钟重复观察已去重，不重复计入胜率。
2026-07-07,18:01:51,美股,GOOGL,Alphabet Inc.,stock,5,盘中：候选观察,当前 369.75,366.79-371.97,382.69-388.24,360.51,跌破观察区下沿、弱于基准、板块转弱或出现公告/新闻风险,77,65,收盘前仍强于基准且无事件风险时，才进入隔夜观察,AI应用/广告/云；相对基准 2.2398%。,中风险；监管;广告周期;财报跳空,QQQ,已跳过,,,,,,重复观察,同一股票同一交易日的15分钟重复观察已去重，不重复计入胜率。
2026-07-07,18:16:30,美股,MSFT,Microsoft Corporation,stock,1,盘中：强势观察,当前 393.42,390.27-395.78,407.19-413.09,383.58,跌破观察区下沿、弱于基准、板块转弱或出现公告/新闻风险,86,65,收盘前仍强于基准且无事件风险时，才进入隔夜观察,AI云/软件；相对基准 3.1211%。,中风险；监管;财报;AI资本开支担忧,QQQ,已跳过,,,,,,重复观察,同一股票同一交易日的15分钟重复观察已去重，不重复计入胜率。
2026-07-07,18:16:30,美股,CRM,"Salesforce, Inc.",stock,2,盘中：强势观察,当前 171.56,170.19-172.59,177.57-180.14,167.28,跌破观察区下沿、弱于基准、板块转弱或出现公告/新闻风险,84,30,收盘前仍强于基准且无事件风险时，才进入隔夜观察,企业软件；相对基准 4.9646%。,中风险；业绩指引;估值,QQQ,已跳过,,,,,,重复观察,同一股票同一交易日的15分钟重复观察已去重，不重复计入胜率。
2026-07-07,18:16:30,美股,PLTR,Palantir Technologies Inc.,stock,3,盘中：候选观察,当前 137.00,135.90-137.82,141.79-145.91,132.20,跌破观察区下沿、弱于基准、板块转弱或出现公告/新闻风险,80,30,收盘前仍强于基准且无事件风险时，才进入隔夜观察,AI软件/数据分析；相对基准 4.7588%。,高风险；估值;财报跳空;高波动,QQQ,已跳过,,,,,,重复观察,同一股票同一交易日的15分钟重复观察已去重，不重复计入胜率。
2026-07-07,18:16:30,美股,NVDA,NVIDIA Corporation,stock,4,盘中：候选观察,当前 197.44,195.86-198.62,204.35-210.27,190.53,跌破观察区下沿、弱于基准、板块转弱或出现公告/新闻风险,79,65,收盘前仍强于基准且无事件风险时，才进入隔夜观察,AI芯片/加速器；相对基准 4.425%。,高风险；高估值;新闻/财报跳空;高波动,SMH,已跳过,,,,,,重复观察,同一股票同一交易日的15分钟重复观察已去重，不重复计入胜率。
2026-07-07,18:16:30,美股,GOOGL,Alphabet Inc.,stock,5,盘中：候选观察,当前 369.64,366.69-371.86,382.58-388.13,360.40,跌破观察区下沿、弱于基准、板块转弱或出现公告/新闻风险,77,65,收盘前仍强于基准且无事件风险时，才进入隔夜观察,AI应用/广告/云；相对基准 2.2629%。,中风险；监管;广告周期;财报跳空,QQQ,已跳过,,,,,,重复观察,同一股票同一交易日的15分钟重复观察已去重，不重复计入胜率。
2026-07-07,18:31:31,美股,MSFT,Microsoft Corporation,stock,1,盘中：强势观察,当前 393.45,390.30-395.81,407.22-413.12,383.61,跌破观察区下沿、弱于基准、板块转弱或出现公告/新闻风险,86,65,收盘前仍强于基准且无事件风险时，才进入隔夜观察,AI云/软件；相对基准 3.0673%。,中风险；监管;财报;AI资本开支担忧,QQQ,已跳过,,,,,,重复观察,同一股票同一交易日的15分钟重复观察已去重，不重复计入胜率。
2026-07-07,18:31:31,美股,CRM,"Salesforce, Inc.",stock,2,盘中：强势观察,当前 171.43,170.06-172.46,177.43-180.00,167.14,跌破观察区下沿、弱于基准、板块转弱或出现公告/新闻风险,84,30,收盘前仍强于基准且无事件风险时，才进入隔夜观察,企业软件；相对基准 4.8216%。,中风险；业绩指引;估值,QQQ,已跳过,,,,,,重复观察,同一股票同一交易日的15分钟重复观察已去重，不重复计入胜率。
2026-07-07,18:31:31,美股,PLTR,Palantir Technologies Inc.,stock,3,盘中：候选观察,当前 137.73,136.63-138.56,142.55-146.68,132.91,跌破观察区下沿、弱于基准、板块转弱或出现公告/新闻风险,80,30,收盘前仍强于基准且无事件风险时，才进入隔夜观察,AI软件/数据分析；相对基准 5.2481%。,高风险；估值;财报跳空;高波动,QQQ,已跳过,,,,,,重复观察,同一股票同一交易日的15分钟重复观察已去重，不重复计入胜率。
2026-07-07,18:31:31,美股,NVDA,NVIDIA Corporation,stock,4,盘中：候选观察,当前 197.48,195.90-198.66,204.39-210.32,190.57,跌破观察区下沿、弱于基准、板块转弱或出现公告/新闻风险,79,65,收盘前仍强于基准且无事件风险时，才进入隔夜观察,AI芯片/加速器；相对基准 4.3777%。,高风险；高估值;新闻/财报跳空;高波动,SMH,已跳过,,,,,,重复观察,同一股票同一交易日的15分钟重复观察已去重，不重复计入胜率。
2026-07-07,18:31:31,美股,GOOGL,Alphabet Inc.,stock,5,盘中：候选观察,当前 369.92,366.96-372.14,382.87-388.42,360.67,跌破观察区下沿、弱于基准、板块转弱或出现公告/新闻风险,77,65,收盘前仍强于基准且无事件风险时，才进入隔夜观察,AI应用/广告/云；相对基准 2.2765%。,中风险；监管;广告周期;财报跳空,QQQ,已跳过,,,,,,重复观察,同一股票同一交易日的15分钟重复观察已去重，不重复计入胜率。
2026-07-07,18:46:46,美股,NVDA,NVIDIA Corporation,stock,1,盘中：高风险强势观察,当前 197.91,196.33-199.10,204.84-210.77,190.98,跌破观察区下沿、弱于基准、板块转弱或出现公告/新闻风险,85,65,收盘前仍强于基准且无事件风险时，才进入隔夜观察,AI芯片/加速器；相对基准 4.5686%。,高风险；高估值;新闻/财报跳空;高波动,SMH,已跳过,,,,,,重复观察,同一股票同一交易日的15分钟重复观察已去重，不重复计入胜率。
2026-07-07,18:46:46,美股,CRM,"Salesforce, Inc.",stock,2,盘中：强势观察,当前 171.90,170.52-172.93,177.92-180.50,167.60,跌破观察区下沿、弱于基准、板块转弱或出现公告/新闻风险,84,30,收盘前仍强于基准且无事件风险时，才进入隔夜观察,企业软件；相对基准 5.108%。,中风险；业绩指引;估值,QQQ,已跳过,,,,,,重复观察,同一股票同一交易日的15分钟重复观察已去重，不重复计入胜率。
2026-07-07,18:46:46,美股,MSFT,Microsoft Corporation,stock,3,盘中：强势观察,当前 392.80,389.66-395.16,406.55-412.44,382.98,跌破观察区下沿、弱于基准、板块转弱或出现公告/新闻风险,83,65,收盘前仍强于基准且无事件风险时，才进入隔夜观察,AI云/软件；相对基准 2.9019%。,中风险；监管;财报;AI资本开支担忧,QQQ,已跳过,,,,,,重复观察,同一股票同一交易日的15分钟重复观察已去重，不重复计入胜率。
2026-07-07,18:46:46,美股,PLTR,Palantir Technologies Inc.,stock,4,盘中：候选观察,当前 138.56,137.45-139.39,143.41-147.57,133.71,跌破观察区下沿、弱于基准、板块转弱或出现公告/新闻风险,80,30,收盘前仍强于基准且无事件风险时，才进入隔夜观察,AI软件/数据分析；相对基准 5.877%。,高风险；估值;财报跳空;高波动,QQQ,已跳过,,,,,,重复观察,同一股票同一交易日的15分钟重复观察已去重，不重复计入胜率。
2026-07-07,18:46:46,美股,GOOGL,Alphabet Inc.,stock,5,盘中：候选观察,当前 369.89,366.94-372.11,382.84-388.39,360.65,跌破观察区下沿、弱于基准、板块转弱或出现公告/新闻风险,77,65,收盘前仍强于基准且无事件风险时，才进入隔夜观察,AI应用/广告/云；相对基准 2.2723%。,中风险；监管;广告周期;财报跳空,QQQ,已复盘,365.05,361.92,-1.31%,-2.15%,数据不足,失败,模拟买入后收盘或相对表现不足，降低该条件权重。
2026-07-07,19:15:35,美股,META,"Meta Platforms, Inc.",stock,1,盘中：强势观察,当前 618.78,613.83-622.50,640.44-649.72,603.31,跌破观察区下沿、弱于基准、板块转弱或出现公告/新闻风险,89,65,收盘前仍强于基准且无事件风险时，才进入隔夜观察,AI应用/社交广告；相对基准 4.4311%。,中高风险；监管;广告周期;资本开支,QQQ,已跳过,,,,,,重复观察,同一股票同一交易日的15分钟重复观察已去重，不重复计入胜率。
2026-07-07,19:15:35,美股,NVDA,NVIDIA Corporation,stock,2,盘中：高风险强势观察,当前 197.60,196.02-198.79,204.52-210.45,190.69,跌破观察区下沿、弱于基准、板块转弱或出现公告/新闻风险,85,65,收盘前仍强于基准且无事件风险时，才进入隔夜观察,AI芯片/加速器；相对基准 4.5128%。,高风险；高估值;新闻/财报跳空;高波动,SMH,已跳过,,,,,,重复观察,同一股票同一交易日的15分钟重复观察已去重，不重复计入胜率。
2026-07-07,19:15:35,美股,CRM,"Salesforce, Inc.",stock,3,盘中：强势观察,当前 171.79,170.42-172.82,177.80-180.38,167.50,跌破观察区下沿、弱于基准、板块转弱或出现公告/新闻风险,84,30,收盘前仍强于基准且无事件风险时，才进入隔夜观察,企业软件；相对基准 5.0569%。,中风险；业绩指引;估值,QQQ,已跳过,,,,,,重复观察,同一股票同一交易日的15分钟重复观察已去重，不重复计入胜率。
2026-07-07,19:15:35,美股,MSFT,Microsoft Corporation,stock,4,盘中：强势观察,当前 392.63,389.49-394.99,406.37-412.26,382.81,跌破观察区下沿、弱于基准、板块转弱或出现公告/新闻风险,83,65,收盘前仍强于基准且无事件风险时，才进入隔夜观察,AI云/软件；相对基准 2.8733%。,中风险；监管;财报;AI资本开支担忧,QQQ,已跳过,,,,,,重复观察,同一股票同一交易日的15分钟重复观察已去重，不重复计入胜率。
2026-07-07,19:15:35,美股,PLTR,Palantir Technologies Inc.,stock,5,盘中：候选观察,当前 138.50,137.39-139.33,143.35-147.50,133.65,跌破观察区下沿、弱于基准、板块转弱或出现公告/新闻风险,80,30,收盘前仍强于基准且无事件风险时，才进入隔夜观察,AI软件/数据分析；相对基准 5.8471%。,高风险；估值;财报跳空;高波动,QQQ,已跳过,,,,,,重复观察,同一股票同一交易日的15分钟重复观察已去重，不重复计入胜率。
2026-07-07,19:16:31,美股,META,"Meta Platforms, Inc.",stock,1,盘中：强势观察,当前 619.18,614.23-622.90,640.85-650.14,603.70,跌破观察区下沿、弱于基准、板块转弱或出现公告/新闻风险,89,65,收盘前仍强于基准且无事件风险时，才进入隔夜观察,AI应用/社交广告；相对基准 4.4777%。,中高风险；监管;广告周期;资本开支,QQQ,已跳过,,,,,,重复观察,同一股票同一交易日的15分钟重复观察已去重，不重复计入胜率。
2026-07-07,19:16:31,美股,NVDA,NVIDIA Corporation,stock,2,盘中：高风险强势观察,当前 197.63,196.05-198.82,204.55-210.48,190.72,跌破观察区下沿、弱于基准、板块转弱或出现公告/新闻风险,85,65,收盘前仍强于基准且无事件风险时，才进入隔夜观察,AI芯片/加速器；相对基准 4.4999%。,高风险；高估值;新闻/财报跳空;高波动,SMH,已跳过,,,,,,重复观察,同一股票同一交易日的15分钟重复观察已去重，不重复计入胜率。
2026-07-07,19:16:31,美股,CRM,"Salesforce, Inc.",stock,3,盘中：强势观察,当前 171.70,170.33-172.73,177.71-180.28,167.41,跌破观察区下沿、弱于基准、板块转弱或出现公告/新闻风险,84,30,收盘前仍强于基准且无事件风险时，才进入隔夜观察,企业软件；相对基准 4.9832%。,中风险；业绩指引;估值,QQQ,已跳过,,,,,,重复观察,同一股票同一交易日的15分钟重复观察已去重，不重复计入胜率。
2026-07-07,19:16:31,美股,MSFT,Microsoft Corporation,stock,4,盘中：强势观察,当前 392.61,389.47-394.97,406.35-412.24,382.79,跌破观察区下沿、弱于基准、板块转弱或出现公告/新闻风险,83,65,收盘前仍强于基准且无事件风险时，才进入隔夜观察,AI云/软件；相对基准 2.8487%。,中风险；监管;财报;AI资本开支担忧,QQQ,已跳过,,,,,,重复观察,同一股票同一交易日的15分钟重复观察已去重，不重复计入胜率。
2026-07-07,19:16:31,美股,PLTR,Palantir Technologies Inc.,stock,5,盘中：候选观察,当前 138.54,137.43-139.37,143.39-147.55,133.69,跌破观察区下沿、弱于基准、板块转弱或出现公告/新闻风险,80,30,收盘前仍强于基准且无事件风险时，才进入隔夜观察,AI软件/数据分析；相对基准 5.8578%。,高风险；估值;财报跳空;高波动,QQQ,已跳过,,,,,,重复观察,同一股票同一交易日的15分钟重复观察已去重，不重复计入胜率。
2026-07-07,20:20:31,美股,META,"Meta Platforms, Inc.",stock,1,盘中：强势观察,当前 621.00,616.03-624.73,642.73-652.05,605.48,跌破观察区下沿、弱于基准、板块转弱或出现公告/新闻风险,89,65,收盘前仍强于基准且无事件风险时，才进入隔夜观察,AI应用/社交广告；相对基准 5.3827%。,中高风险；监管;广告周期;资本开支,QQQ,已跳过,,,,,,重复观察,同一股票同一交易日的15分钟重复观察已去重，不重复计入胜率。
2026-07-07,20:20:31,美股,CRM,"Salesforce, Inc.",stock,2,盘中：候选观察,当前 170.68,169.31-171.70,176.65-179.21,166.41,跌破观察区下沿、弱于基准、板块转弱或出现公告/新闻风险,81,30,收盘前仍强于基准且无事件风险时，才进入隔夜观察,企业软件；相对基准 4.9692%。,中风险；业绩指引;估值,QQQ,已跳过,,,,,,重复观察,同一股票同一交易日的15分钟重复观察已去重，不重复计入胜率。
2026-07-07,20:20:31,美股,PLTR,Palantir Technologies Inc.,stock,3,盘中：候选观察,当前 136.91,135.81-137.73,141.70-145.81,132.12,跌破观察区下沿、弱于基准、板块转弱或出现公告/新闻风险,80,30,收盘前仍强于基准且无事件风险时，才进入隔夜观察,AI软件/数据分析；相对基准 5.2298%。,高风险；估值;财报跳空;高波动,QQQ,已跳过,,,,,,重复观察,同一股票同一交易日的15分钟重复观察已去重，不重复计入胜率。
2026-07-07,20:20:31,美股,NVDA,NVIDIA Corporation,stock,4,盘中：候选观察,当前 196.27,194.70-197.45,203.14-209.03,189.40,跌破观察区下沿、弱于基准、板块转弱或出现公告/新闻风险,79,65,收盘前仍强于基准且无事件风险时，才进入隔夜观察,AI芯片/加速器；相对基准 4.8592%。,高风险；高估值;新闻/财报跳空;高波动,SMH,已跳过,,,,,,重复观察,同一股票同一交易日的15分钟重复观察已去重，不重复计入胜率。
2026-07-07,20:20:31,美股,MSFT,Microsoft Corporation,stock,5,盘中：候选观察,当前 390.65,387.53-393.00,404.33-410.19,380.89,跌破观察区下沿、弱于基准、板块转弱或出现公告/新闻风险,78,65,收盘前仍强于基准且无事件风险时，才进入隔夜观察,AI云/软件；相对基准 2.945%。,中风险；监管;财报;AI资本开支担忧,QQQ,已复盘,384.08,383.34,-1.68%,-1.87%,数据不足,失败,模拟买入后收盘或相对表现不足，降低该条件权重。
2026-07-07,20:20:58,美股,META,"Meta Platforms, Inc.",stock,1,盘中：强势观察,当前 618.26,613.32-621.97,639.90-649.18,602.81,跌破观察区下沿、弱于基准、板块转弱或出现公告/新闻风险,86,65,收盘前仍强于基准且无事件风险时，才进入隔夜观察,AI应用/社交广告；相对基准 5.1707%。,中高风险；监管;广告周期;资本开支,QQQ,已跳过,,,,,,重复观察,同一股票同一交易日的15分钟重复观察已去重，不重复计入胜率。
2026-07-07,20:20:58,美股,NVDA,NVIDIA Corporation,stock,2,盘中：候选观察,当前 196.48,194.91-197.66,203.36-209.25,189.60,跌破观察区下沿、弱于基准、板块转弱或出现公告/新闻风险,79,65,收盘前仍强于基准且无事件风险时，才进入隔夜观察,AI芯片/加速器；相对基准 5.44%。,高风险；高估值;新闻/财报跳空;高波动,SMH,已跳过,,,,,,重复观察,同一股票同一交易日的15分钟重复观察已去重，不重复计入胜率。
2026-07-07,20:20:58,美股,CRM,"Salesforce, Inc.",stock,3,盘中：候选观察,当前 170.23,168.86-171.25,176.18-178.74,165.97,跌破观察区下沿、弱于基准、板块转弱或出现公告/新闻风险,79,30,收盘前仍强于基准且无事件风险时，才进入隔夜观察,企业软件；相对基准 4.9388%。,中风险；业绩指引;估值,QQQ,已跳过,,,,,,重复观察,同一股票同一交易日的15分钟重复观察已去重，不重复计入胜率。
2026-07-07,20:20:58,美股,PLTR,Palantir Technologies Inc.,stock,4,盘中：候选观察,当前 135.50,134.41-136.31,140.24-144.30,130.75,跌破观察区下沿、弱于基准、板块转弱或出现公告/新闻风险,77,30,收盘前仍强于基准且无事件风险时，才进入隔夜观察,AI软件/数据分析；相对基准 4.4058%。,高风险；估值;财报跳空;高波动,QQQ,已跳过,,,,,,重复观察,同一股票同一交易日的15分钟重复观察已去重，不重复计入胜率。
2026-07-07,20:20:58,美股,AMZN,"Amazon.com, Inc.",stock,5,盘中：候选观察,当前 245.67,243.70-247.14,254.27-257.95,239.53,跌破观察区下沿、弱于基准、板块转弱或出现公告/新闻风险,75,65,收盘前仍强于基准且无事件风险时，才进入隔夜观察,云/电商/AI资本开支；相对基准 2.7947%。,中风险；利润率;资本开支;消费,QQQ,已跳过,,,,,,重复观察,同一股票同一交易日的15分钟重复观察已去重，不重复计入胜率。
2026-07-07,20:36:35,美股,META,"Meta Platforms, Inc.",stock,1,盘中：强势观察,当前 617.48,612.54-621.18,639.09-648.35,602.04,跌破观察区下沿、弱于基准、板块转弱或出现公告/新闻风险,86,65,收盘前仍强于基准且无事件风险时，才进入隔夜观察,AI应用/社交广告；相对基准 4.9955%。,中高风险；监管;广告周期;资本开支,QQQ,已跳过,,,,,,重复观察,同一股票同一交易日的15分钟重复观察已去重，不重复计入胜率。
2026-07-07,20:36:35,美股,CRM,"Salesforce, Inc.",stock,2,盘中：候选观察,当前 169.81,168.45-170.83,175.75-178.30,165.56,跌破观察区下沿、弱于基准、板块转弱或出现公告/新闻风险,79,30,收盘前仍强于基准且无事件风险时，才进入隔夜观察,企业软件；相对基准 4.6432%。,中风险；业绩指引;估值,QQQ,已跳过,,,,,,重复观察,同一股票同一交易日的15分钟重复观察已去重，不重复计入胜率。
2026-07-07,20:36:35,美股,NVDA,NVIDIA Corporation,stock,3,盘中：候选观察,当前 195.97,194.40-197.15,202.83-208.71,189.11,跌破观察区下沿、弱于基准、板块转弱或出现公告/新闻风险,78,65,收盘前仍强于基准且无事件风险时，才进入隔夜观察,AI芯片/加速器；相对基准 5.0526%。,高风险；高估值;新闻/财报跳空;高波动,SMH,已跳过,,,,,,重复观察,同一股票同一交易日的15分钟重复观察已去重，不重复计入胜率。
2026-07-07,20:36:35,美股,PLTR,Palantir Technologies Inc.,stock,4,盘中：候选观察,当前 135.55,134.47-136.36,140.29-144.36,130.81,跌破观察区下沿、弱于基准、板块转弱或出现公告/新闻风险,77,30,收盘前仍强于基准且无事件风险时，才进入隔夜观察,AI软件/数据分析；相对基准 4.4029%。,高风险；估值;财报跳空;高波动,QQQ,已跳过,,,,,,重复观察,同一股票同一交易日的15分钟重复观察已去重，不重复计入胜率。
2026-07-07,20:36:35,美股,AMZN,"Amazon.com, Inc.",stock,5,盘中：候选观察,当前 245.59,243.62-247.06,254.18-257.86,239.45,跌破观察区下沿、弱于基准、板块转弱或出现公告/新闻风险,75,65,收盘前仍强于基准且无事件风险时，才进入隔夜观察,云/电商/AI资本开支；相对基准 2.7155%。,中风险；利润率;资本开支;消费,QQQ,已跳过,,,,,,重复观察,同一股票同一交易日的15分钟重复观察已去重，不重复计入胜率。
2026-07-07,20:53:10,美股,META,"Meta Platforms, Inc.",stock,1,盘中：强势观察,当前 616.61,611.67-620.30,638.19-647.44,601.19,跌破观察区下沿、弱于基准、板块转弱或出现公告/新闻风险,86,65,收盘前仍强于基准且无事件风险时，才进入隔夜观察,AI应用/社交广告；相对基准 4.7558%。,中高风险；监管;广告周期;资本开支,QQQ,已跳过,,,,,,重复观察,同一股票同一交易日的15分钟重复观察已去重，不重复计入胜率。
2026-07-07,20:53:10,美股,CRM,"Salesforce, Inc.",stock,2,盘中：候选观察,当前 169.44,168.08-170.45,175.37-177.91,165.20,跌破观察区下沿、弱于基准、板块转弱或出现公告/新闻风险,79,30,收盘前仍强于基准且无事件风险时，才进入隔夜观察,企业软件；相对基准 4.3228%。,中风险；业绩指引;估值,QQQ,已跳过,,,,,,重复观察,同一股票同一交易日的15分钟重复观察已去重，不重复计入胜率。
2026-07-07,20:53:10,美股,NVDA,NVIDIA Corporation,stock,3,盘中：候选观察,当前 195.95,194.38-197.13,202.81-208.69,189.09,跌破观察区下沿、弱于基准、板块转弱或出现公告/新闻风险,78,65,收盘前仍强于基准且无事件风险时，才进入隔夜观察,AI芯片/加速器；相对基准 4.7603%。,高风险；高估值;新闻/财报跳空;高波动,SMH,已跳过,,,,,,重复观察,同一股票同一交易日的15分钟重复观察已去重，不重复计入胜率。
2026-07-07,20:53:10,美股,AMZN,"Amazon.com, Inc.",stock,4,盘中：候选观察,当前 245.35,243.39-246.82,253.94-257.62,239.22,跌破观察区下沿、弱于基准、板块转弱或出现公告/新闻风险,75,65,收盘前仍强于基准且无事件风险时，才进入隔夜观察,云/电商/AI资本开支；相对基准 2.5253%。,中风险；利润率;资本开支;消费,QQQ,已跳过,,,,,,重复观察,同一股票同一交易日的15分钟重复观察已去重，不重复计入胜率。
2026-07-07,20:53:10,美股,PLTR,Palantir Technologies Inc.,stock,5,盘中：候选观察,当前 134.68,133.60-135.49,139.39-143.43,129.97,跌破观察区下沿、弱于基准、板块转弱或出现公告/新闻风险,75,30,收盘前仍强于基准且无事件风险时，才进入隔夜观察,AI软件/数据分析；相对基准 3.6525%。,高风险；估值;财报跳空;高波动,QQQ,已跳过,,,,,,重复观察,同一股票同一交易日的15分钟重复观察已去重，不重复计入胜率。
2026-07-07,20:53:24,美股,META,"Meta Platforms, Inc.",stock,1,盘中：强势观察,当前 617.04,612.10-620.74,638.64-647.89,601.61,跌破观察区下沿、弱于基准、板块转弱或出现公告/新闻风险,86,65,收盘前仍强于基准且无事件风险时，才进入隔夜观察,AI应用/社交广告；相对基准 4.8351%。,中高风险；监管;广告周期;资本开支,QQQ,已跳过,,,,,,重复观察,同一股票同一交易日的15分钟重复观察已去重，不重复计入胜率。
2026-07-07,20:53:24,美股,CRM,"Salesforce, Inc.",stock,2,盘中：候选观察,当前 169.50,168.14-170.52,175.43-177.97,165.26,跌破观察区下沿、弱于基准、板块转弱或出现公告/新闻风险,79,30,收盘前仍强于基准且无事件风险时，才进入隔夜观察,企业软件；相对基准 4.369%。,中风险；业绩指引;估值,QQQ,已跳过,,,,,,重复观察,同一股票同一交易日的15分钟重复观察已去重，不重复计入胜率。
2026-07-07,20:53:24,美股,NVDA,NVIDIA Corporation,stock,3,盘中：候选观察,当前 195.94,194.37-197.12,202.80-208.68,189.08,跌破观察区下沿、弱于基准、板块转弱或出现公告/新闻风险,78,65,收盘前仍强于基准且无事件风险时，才进入隔夜观察,AI芯片/加速器；相对基准 4.7907%。,高风险；高估值;新闻/财报跳空;高波动,SMH,已跳过,,,,,,重复观察,同一股票同一交易日的15分钟重复观察已去重，不重复计入胜率。
2026-07-07,20:53:24,美股,AMZN,"Amazon.com, Inc.",stock,4,盘中：候选观察,当前 245.41,243.45-246.88,254.00-257.68,239.27,跌破观察区下沿、弱于基准、板块转弱或出现公告/新闻风险,75,65,收盘前仍强于基准且无事件风险时，才进入隔夜观察,云/电商/AI资本开支；相对基准 2.5568%。,中风险；利润率;资本开支;消费,QQQ,已跳过,,,,,,重复观察,同一股票同一交易日的15分钟重复观察已去重，不重复计入胜率。
2026-07-07,20:53:24,美股,PLTR,Palantir Technologies Inc.,stock,5,盘中：候选观察,当前 134.63,133.55-135.44,139.34-143.38,129.92,跌破观察区下沿、弱于基准、板块转弱或出现公告/新闻风险,75,30,收盘前仍强于基准且无事件风险时，才进入隔夜观察,AI软件/数据分析；相对基准 3.6217%。,高风险；估值;财报跳空;高波动,QQQ,已跳过,,,,,,重复观察,同一股票同一交易日的15分钟重复观察已去重，不重复计入胜率。
2026-07-07,20:53:39,美股,META,"Meta Platforms, Inc.",stock,1,盘中：强势观察,当前 617.04,612.10-620.74,638.64-647.89,601.61,跌破观察区下沿、弱于基准、板块转弱或出现公告/新闻风险,86,65,收盘前仍强于基准且无事件风险时，才进入隔夜观察,AI应用/社交广告；相对基准 4.8351%。,中高风险；监管;广告周期;资本开支,QQQ,已跳过,,,,,,重复观察,同一股票同一交易日的15分钟重复观察已去重，不重复计入胜率。
2026-07-07,20:53:39,美股,CRM,"Salesforce, Inc.",stock,2,盘中：候选观察,当前 169.50,168.14-170.52,175.43-177.97,165.26,跌破观察区下沿、弱于基准、板块转弱或出现公告/新闻风险,79,30,收盘前仍强于基准且无事件风险时，才进入隔夜观察,企业软件；相对基准 4.369%。,中风险；业绩指引;估值,QQQ,已跳过,,,,,,重复观察,同一股票同一交易日的15分钟重复观察已去重，不重复计入胜率。
2026-07-07,20:53:39,美股,NVDA,NVIDIA Corporation,stock,3,盘中：候选观察,当前 195.94,194.37-197.12,202.80-208.68,189.08,跌破观察区下沿、弱于基准、板块转弱或出现公告/新闻风险,78,65,收盘前仍强于基准且无事件风险时，才进入隔夜观察,AI芯片/加速器；相对基准 4.7907%。,高风险；高估值;新闻/财报跳空;高波动,SMH,已跳过,,,,,,重复观察,同一股票同一交易日的15分钟重复观察已去重，不重复计入胜率。
2026-07-07,20:53:39,美股,AMZN,"Amazon.com, Inc.",stock,4,盘中：候选观察,当前 245.41,243.45-246.88,254.00-257.68,239.27,跌破观察区下沿、弱于基准、板块转弱或出现公告/新闻风险,75,65,收盘前仍强于基准且无事件风险时，才进入隔夜观察,云/电商/AI资本开支；相对基准 2.5568%。,中风险；利润率;资本开支;消费,QQQ,已跳过,,,,,,重复观察,同一股票同一交易日的15分钟重复观察已去重，不重复计入胜率。
2026-07-07,20:53:39,美股,PLTR,Palantir Technologies Inc.,stock,5,盘中：候选观察,当前 134.63,133.55-135.44,139.34-143.38,129.92,跌破观察区下沿、弱于基准、板块转弱或出现公告/新闻风险,75,30,收盘前仍强于基准且无事件风险时，才进入隔夜观察,AI软件/数据分析；相对基准 3.6217%。,高风险；估值;财报跳空;高波动,QQQ,已跳过,,,,,,重复观察,同一股票同一交易日的15分钟重复观察已去重，不重复计入胜率。
2026-07-07,20:57:05,美股,META,"Meta Platforms, Inc.",stock,1,盘中：强势观察,当前 616.11,611.18-619.81,637.67-646.92,600.71,跌破观察区下沿、弱于基准、板块转弱或出现公告/新闻风险,86,65,收盘前仍强于基准且无事件风险时，才进入隔夜观察,AI应用/社交广告；相对基准 4.5308%。,中高风险；监管;广告周期;资本开支,QQQ,已跳过,,,,,,重复观察,同一股票同一交易日的15分钟重复观察已去重，不重复计入胜率。
2026-07-07,20:57:05,美股,NVDA,NVIDIA Corporation,stock,2,盘中：候选观察,当前 196.66,195.09-197.84,203.55-209.45,189.78,跌破观察区下沿、弱于基准、板块转弱或出现公告/新闻风险,79,65,收盘前仍强于基准且无事件风险时，才进入隔夜观察,AI芯片/加速器；相对基准 4.7262%。,高风险；高估值;新闻/财报跳空;高波动,SMH,已跳过,,,,,,重复观察,同一股票同一交易日的15分钟重复观察已去重，不重复计入胜率。
2026-07-07,20:57:05,美股,CRM,"Salesforce, Inc.",stock,3,盘中：候选观察,当前 169.41,168.05-170.42,175.33-177.88,165.17,跌破观察区下沿、弱于基准、板块转弱或出现公告/新闻风险,79,30,收盘前仍强于基准且无事件风险时，才进入隔夜观察,企业软件；相对基准 4.1622%。,中风险；业绩指引;估值,QQQ,已跳过,,,,,,重复观察,同一股票同一交易日的15分钟重复观察已去重，不重复计入胜率。
2026-07-07,20:57:05,美股,AVGO,Broadcom Inc.,stock,4,盘中：候选观察,当前 370.32,367.36-372.55,383.29-388.84,361.07,跌破观察区下沿、弱于基准、板块转弱或出现公告/新闻风险,75,85,收盘前仍强于基准且无事件风险时，才进入隔夜观察,AI芯片/网络；相对基准 3.1999%。,中高风险；大客户预期;财报跳空;估值波动,SMH,已复盘,377.35,388.69,+1.90%,+4.96%,数据不足,命中,模拟执行后表现有效，保留相对强弱和量价过滤。
2026-07-07,20:57:05,美股,AMZN,"Amazon.com, Inc.",stock,5,盘中：候选观察,当前 245.89,243.92-247.37,254.50-258.18,239.74,跌破观察区下沿、弱于基准、板块转弱或出现公告/新闻风险,75,65,收盘前仍强于基准且无事件风险时，才进入隔夜观察,云/电商/AI资本开支；相对基准 2.604%。,中风险；利润率;资本开支;消费,QQQ,已跳过,,,,,,重复观察,同一股票同一交易日的15分钟重复观察已去重，不重复计入胜率。
2026-07-07,21:01:33,美股,META,"Meta Platforms, Inc.",stock,1,盘中：强势观察,当前 615.58,610.66-619.27,637.13-646.36,600.19,跌破观察区下沿、弱于基准、板块转弱或出现公告/新闻风险,86,65,收盘前仍强于基准且无事件风险时，才进入隔夜观察,AI应用/社交广告；相对基准 4.3996%。,中高风险；监管;广告周期;资本开支,QQQ,已跳过,,,,,,重复观察,同一股票同一交易日的15分钟重复观察已去重，不重复计入胜率。
2026-07-07,21:01:33,美股,NVDA,NVIDIA Corporation,stock,2,盘中：候选观察,当前 196.93,195.35-198.11,203.82-209.73,190.04,跌破观察区下沿、弱于基准、板块转弱或出现公告/新闻风险,79,65,收盘前仍强于基准且无事件风险时，才进入隔夜观察,AI芯片/加速器；相对基准 4.4869%。,高风险；高估值;新闻/财报跳空;高波动,SMH,已跳过,,,,,,重复观察,同一股票同一交易日的15分钟重复观察已去重，不重复计入胜率。
2026-07-07,21:01:33,美股,CRM,"Salesforce, Inc.",stock,3,盘中：候选观察,当前 169.50,168.14-170.52,175.43-177.97,165.26,跌破观察区下沿、弱于基准、板块转弱或出现公告/新闻风险,79,30,收盘前仍强于基准且无事件风险时，才进入隔夜观察,企业软件；相对基准 4.1767%。,中风险；业绩指引;估值,QQQ,已跳过,,,,,,重复观察,同一股票同一交易日的15分钟重复观察已去重，不重复计入胜率。
2026-07-07,21:01:33,美股,AMZN,"Amazon.com, Inc.",stock,4,盘中：候选观察,当前 245.98,244.01-247.46,254.59-258.28,239.83,跌破观察区下沿、弱于基准、板块转弱或出现公告/新闻风险,75,65,收盘前仍强于基准且无事件风险时，才进入隔夜观察,云/电商/AI资本开支；相对基准 2.5979%。,中风险；利润率;资本开支;消费,QQQ,已跳过,,,,,,重复观察,同一股票同一交易日的15分钟重复观察已去重，不重复计入胜率。
2026-07-07,21:01:33,美股,PLTR,Palantir Technologies Inc.,stock,5,盘中：候选观察,当前 134.37,133.30-135.18,139.07-143.10,129.67,跌破观察区下沿、弱于基准、板块转弱或出现公告/新闻风险,75,30,收盘前仍强于基准且无事件风险时，才进入隔夜观察,AI软件/数据分析；相对基准 3.2332%。,高风险；估值;财报跳空;高波动,QQQ,已跳过,,,,,,重复观察,同一股票同一交易日的15分钟重复观察已去重，不重复计入胜率。
2026-07-07,21:27:41,美股,META,"Meta Platforms, Inc.",stock,1,盘中：强势观察,当前 615.58,610.66-619.27,637.13-646.36,600.19,跌破观察区下沿、弱于基准、板块转弱或出现公告/新闻风险,86,65,收盘前仍强于基准且无事件风险时，才进入隔夜观察,AI应用/社交广告；相对基准 4.3996%。,中高风险；监管;广告周期;资本开支,QQQ,已跳过,,,,,,重复观察,同一股票同一交易日的15分钟重复观察已去重，不重复计入胜率。
2026-07-07,21:27:41,美股,NVDA,NVIDIA Corporation,stock,2,盘中：候选观察,当前 196.93,195.35-198.11,203.82-209.73,190.04,跌破观察区下沿、弱于基准、板块转弱或出现公告/新闻风险,79,65,收盘前仍强于基准且无事件风险时，才进入隔夜观察,AI芯片/加速器；相对基准 4.4869%。,高风险；高估值;新闻/财报跳空;高波动,SMH,已跳过,,,,,,重复观察,同一股票同一交易日的15分钟重复观察已去重，不重复计入胜率。
2026-07-07,21:27:41,美股,CRM,"Salesforce, Inc.",stock,3,盘中：候选观察,当前 169.52,168.16-170.54,175.45-178.00,165.28,跌破观察区下沿、弱于基准、板块转弱或出现公告/新闻风险,79,30,收盘前仍强于基准且无事件风险时，才进入隔夜观察,企业软件；相对基准 4.1888%。,中风险；业绩指引;估值,QQQ,已跳过,,,,,,重复观察,同一股票同一交易日的15分钟重复观察已去重，不重复计入胜率。
2026-07-07,21:27:41,美股,AMZN,"Amazon.com, Inc.",stock,4,盘中：候选观察,当前 245.98,244.01-247.46,254.59-258.28,239.83,跌破观察区下沿、弱于基准、板块转弱或出现公告/新闻风险,75,65,收盘前仍强于基准且无事件风险时，才进入隔夜观察,云/电商/AI资本开支；相对基准 2.5979%。,中风险；利润率;资本开支;消费,QQQ,已跳过,,,,,,重复观察,同一股票同一交易日的15分钟重复观察已去重，不重复计入胜率。
2026-07-07,21:27:41,美股,PLTR,Palantir Technologies Inc.,stock,5,盘中：候选观察,当前 134.37,133.30-135.18,139.07-143.10,129.67,跌破观察区下沿、弱于基准、板块转弱或出现公告/新闻风险,75,30,收盘前仍强于基准且无事件风险时，才进入隔夜观察,AI软件/数据分析；相对基准 3.2332%。,高风险；估值;财报跳空;高波动,QQQ,已跳过,,,,,,重复观察,同一股票同一交易日的15分钟重复观察已去重，不重复计入胜率。
2026-07-07,21:31:48,美股,META,"Meta Platforms, Inc.",stock,1,盘中：强势观察,当前 615.58,610.66-619.27,637.13-646.36,600.19,跌破观察区下沿、弱于基准、板块转弱或出现公告/新闻风险,86,65,收盘前仍强于基准且无事件风险时，才进入隔夜观察,AI应用/社交广告；相对基准 4.3996%。,中高风险；监管;广告周期;资本开支,QQQ,已跳过,,,,,,重复观察,同一股票同一交易日的15分钟重复观察已去重，不重复计入胜率。
2026-07-07,21:31:48,美股,NVDA,NVIDIA Corporation,stock,2,盘中：候选观察,当前 196.93,195.35-198.11,203.82-209.73,190.04,跌破观察区下沿、弱于基准、板块转弱或出现公告/新闻风险,79,65,收盘前仍强于基准且无事件风险时，才进入隔夜观察,AI芯片/加速器；相对基准 4.4869%。,高风险；高估值;新闻/财报跳空;高波动,SMH,已跳过,,,,,,重复观察,同一股票同一交易日的15分钟重复观察已去重，不重复计入胜率。
2026-07-07,21:31:48,美股,CRM,"Salesforce, Inc.",stock,3,盘中：候选观察,当前 169.52,168.16-170.54,175.45-178.00,165.28,跌破观察区下沿、弱于基准、板块转弱或出现公告/新闻风险,79,30,收盘前仍强于基准且无事件风险时，才进入隔夜观察,企业软件；相对基准 4.1888%。,中风险；业绩指引;估值,QQQ,已跳过,,,,,,重复观察,同一股票同一交易日的15分钟重复观察已去重，不重复计入胜率。
2026-07-07,21:31:48,美股,AMZN,"Amazon.com, Inc.",stock,4,盘中：候选观察,当前 245.98,244.01-247.46,254.59-258.28,239.83,跌破观察区下沿、弱于基准、板块转弱或出现公告/新闻风险,75,65,收盘前仍强于基准且无事件风险时，才进入隔夜观察,云/电商/AI资本开支；相对基准 2.5979%。,中风险；利润率;资本开支;消费,QQQ,已跳过,,,,,,重复观察,同一股票同一交易日的15分钟重复观察已去重，不重复计入胜率。
2026-07-07,21:31:48,美股,PLTR,Palantir Technologies Inc.,stock,5,盘中：候选观察,当前 134.37,133.30-135.18,139.07-143.10,129.67,跌破观察区下沿、弱于基准、板块转弱或出现公告/新闻风险,75,30,收盘前仍强于基准且无事件风险时，才进入隔夜观察,AI软件/数据分析；相对基准 3.2332%。,高风险；估值;财报跳空;高波动,QQQ,已跳过,,,,,,重复观察,同一股票同一交易日的15分钟重复观察已去重，不重复计入胜率。
2026-07-07,21:46:16,美股,META,"Meta Platforms, Inc.",stock,1,快照：强势观察,快照 615.58,610.66-619.27,637.13-646.36,600.19,跌破观察区下沿、弱于基准、板块转弱或出现公告/新闻风险,86,65,收盘前仍强于基准且无事件风险时，才进入隔夜观察,AI应用/社交广告；相对基准 4.3996%。,中高风险；监管;广告周期;资本开支,QQQ,已跳过,,,,,,重复观察,同一股票同一交易日的15分钟重复观察已去重，不重复计入胜率。
2026-07-07,21:46:16,美股,NVDA,NVIDIA Corporation,stock,2,快照：候选观察,快照 196.93,195.35-198.11,203.82-209.73,190.04,跌破观察区下沿、弱于基准、板块转弱或出现公告/新闻风险,79,65,收盘前仍强于基准且无事件风险时，才进入隔夜观察,AI芯片/加速器；相对基准 4.4869%。,高风险；高估值;新闻/财报跳空;高波动,SMH,已跳过,,,,,,重复观察,同一股票同一交易日的15分钟重复观察已去重，不重复计入胜率。
2026-07-07,21:46:16,美股,CRM,"Salesforce, Inc.",stock,3,快照：候选观察,快照 169.52,168.16-170.54,175.45-178.00,165.28,跌破观察区下沿、弱于基准、板块转弱或出现公告/新闻风险,79,30,收盘前仍强于基准且无事件风险时，才进入隔夜观察,企业软件；相对基准 4.1888%。,中风险；业绩指引;估值,QQQ,已跳过,,,,,,重复观察,同一股票同一交易日的15分钟重复观察已去重，不重复计入胜率。
2026-07-07,21:46:16,美股,AMZN,"Amazon.com, Inc.",stock,4,快照：候选观察,快照 245.98,244.01-247.46,254.59-258.28,239.83,跌破观察区下沿、弱于基准、板块转弱或出现公告/新闻风险,75,65,收盘前仍强于基准且无事件风险时，才进入隔夜观察,云/电商/AI资本开支；相对基准 2.5979%。,中风险；利润率;资本开支;消费,QQQ,已跳过,,,,,,重复观察,同一股票同一交易日的15分钟重复观察已去重，不重复计入胜率。
2026-07-07,21:46:16,美股,PLTR,Palantir Technologies Inc.,stock,5,快照：候选观察,快照 134.37,133.30-135.18,139.07-143.10,129.67,跌破观察区下沿、弱于基准、板块转弱或出现公告/新闻风险,75,30,收盘前仍强于基准且无事件风险时，才进入隔夜观察,AI软件/数据分析；相对基准 3.2332%。,高风险；估值;财报跳空;高波动,QQQ,已跳过,,,,,,重复观察,同一股票同一交易日的15分钟重复观察已去重，不重复计入胜率。
2026-07-07,22:01:50,美股,US_STOCK_DATA_INSUFFICIENT,美股行情时间戳过旧，本轮跳过评分,skip,0,数据不足/本轮跳过,数据不足,数据不足,数据不足,数据不足,等待下一轮可核验行情后再评估,,,不判断隔夜,美股行情时间戳过旧，本轮跳过评分,行情时间戳过旧或关键字段不足时不输出价格、评分、止盈止损,,数据不足/本轮跳过,,,,,,不计胜率,等待下一轮可核验行情后再运行评分
2026-07-07,22:17:03,美股,US_STOCK_DATA_INSUFFICIENT,美股行情时间戳过旧，本轮跳过评分,skip,0,数据不足/本轮跳过,数据不足,数据不足,数据不足,数据不足,等待下一轮可核验行情后再评估,,,不判断隔夜,美股行情时间戳过旧，本轮跳过评分,行情时间戳过旧或关键字段不足时不输出价格、评分、止盈止损,,数据不足/本轮跳过,,,,,,不计胜率,等待下一轮可核验行情后再运行评分
2026-07-07,22:31:27,美股,US_STOCK_DATA_INSUFFICIENT,美股行情时间戳过旧，本轮跳过评分,skip,0,数据不足/本轮跳过,数据不足,数据不足,数据不足,数据不足,等待下一轮可核验行情后再评估,,,不判断隔夜,美股行情时间戳过旧，本轮跳过评分,行情时间戳过旧或关键字段不足时不输出价格、评分、止盈止损,,数据不足/本轮跳过,,,,,,不计胜率,等待下一轮可核验行情后再运行评分
2026-07-07,22:46:17,美股,US_STOCK_DATA_INSUFFICIENT,美股行情时间戳过旧，本轮跳过评分,skip,0,数据不足/本轮跳过,数据不足,数据不足,数据不足,数据不足,等待下一轮可核验行情后再评估,,,不判断隔夜,美股行情时间戳过旧，本轮跳过评分,行情时间戳过旧或关键字段不足时不输出价格、评分、止盈止损,,数据不足/本轮跳过,,,,,,不计胜率,等待下一轮可核验行情后再运行评分
2026-07-07,23:03:35,美股,US_STOCK_DATA_INSUFFICIENT,美股行情时间戳过旧，本轮跳过评分,skip,0,数据不足/本轮跳过,数据不足,数据不足,数据不足,数据不足,等待下一轮可核验行情后再评估,,,不判断隔夜,美股行情时间戳过旧，本轮跳过评分,行情时间戳过旧或关键字段不足时不输出价格、评分、止盈止损,,数据不足/本轮跳过,,,,,,不计胜率,等待下一轮可核验行情后再运行评分
2026-07-07,23:04:12,美股,META,"Meta Platforms, Inc.",stock,1,收盘：强势观察,当前 615.58,610.66-619.27,637.13-646.36,600.19,跌破观察区下沿、弱于基准、板块转弱或出现公告/新闻风险,86,65,收盘前仍强于基准且无事件风险时，才进入隔夜观察,AI应用/社交广告；相对基准 4.3996%。,中高风险；监管;广告周期;资本开支,QQQ,已复盘,614.39,603.12,-0.19%,-2.02%,数据不足,失败,模拟买入后收盘或相对表现不足，降低该条件权重。
2026-07-07,23:04:12,美股,NVDA,NVIDIA Corporation,stock,2,收盘：候选观察,当前 196.93,195.35-198.11,203.82-209.73,190.04,跌破观察区下沿、弱于基准、板块转弱或出现公告/新闻风险,79,65,收盘前仍强于基准且无事件风险时，才进入隔夜观察,AI芯片/加速器；相对基准 4.4869%。,高风险；高估值;新闻/财报跳空;高波动,SMH,已复盘,195.13,204.12,-0.91%,+3.65%,数据不足,命中,模拟执行后表现有效，保留相对强弱和量价过滤。
2026-07-07,23:04:12,美股,CRM,"Salesforce, Inc.",stock,3,收盘：候选观察,当前 169.52,168.16-170.54,175.45-178.00,165.28,跌破观察区下沿、弱于基准、板块转弱或出现公告/新闻风险,79,30,收盘前仍强于基准且无事件风险时，才进入隔夜观察,企业软件；相对基准 4.1888%。,中风险；业绩指引;估值,QQQ,已复盘,167.37,166.58,-1.27%,-1.73%,数据不足,失败,模拟买入后收盘或相对表现不足，降低该条件权重。
2026-07-07,23:04:12,美股,AMZN,"Amazon.com, Inc.",stock,4,收盘：候选观察,当前 245.98,244.01-247.46,254.59-258.28,239.83,跌破观察区下沿、弱于基准、板块转弱或出现公告/新闻风险,75,65,收盘前仍强于基准且无事件风险时，才进入隔夜观察,云/电商/AI资本开支；相对基准 2.5979%。,中风险；利润率;资本开支;消费,QQQ,已复盘,244.14,243.62,-0.75%,-0.96%,数据不足,失败,模拟买入后收盘或相对表现不足，降低该条件权重。
2026-07-07,23:04:12,美股,PLTR,Palantir Technologies Inc.,stock,5,收盘：候选观察,当前 134.37,133.30-135.18,139.07-143.10,129.67,跌破观察区下沿、弱于基准、板块转弱或出现公告/新闻风险,75,30,收盘前仍强于基准且无事件风险时，才进入隔夜观察,AI软件/数据分析；相对基准 3.2332%。,高风险；估值;财报跳空;高波动,QQQ,已复盘,129.63,132.22,-3.52%,-1.60%,数据不足,失败,模拟买入后收盘或相对表现不足，降低该条件权重。
2026-07-08,03:02:04,A股,002594,比亚迪,stock,1,盘中：强势观察,当前 87.59,86.89-88.12,90.66-91.97,85.40,跌破观察区下沿、弱于基准、板块转弱或出现公告/新闻风险,88,75,收盘前仍强于基准且无事件风险时，才进入隔夜观察,新能源车；相对基准 2.1326%。,中风险；销量/价格战;海外政策风险,沪深300,已跳过,,,,,,重复观察,同一股票同一交易日的15分钟重复观察已去重，不重复计入胜率。
2026-07-08,03:02:04,A股,000977,浪潮信息,stock,2,盘中：强势观察,当前 78.17,77.54-78.64,80.91-82.08,76.22,跌破观察区下沿、弱于基准、板块转弱或出现公告/新闻风险,84,65,隔夜降权：只做观察，不作为自动模拟买入；需次日重新确认强于基准和尾盘承接。,服务器/算力；相对基准 10.5963%。,中高风险；政策与订单预期;波动较大,沪深300,已跳过,,,,,,重复观察,同一股票同一交易日的15分钟重复观察已去重，不重复计入胜率。
2026-07-08,03:02:04,A股,300059,东方财富,stock,3,盘中：候选观察,当前 20.55,20.39-20.67,21.27-21.58,20.04,跌破观察区下沿、弱于基准、板块转弱或出现公告/新闻风险,81,40,隔夜降权：只做观察，不作为自动模拟买入；需次日重新确认强于基准和尾盘承接。,互联网金融/券商；相对基准 2.9248%。,中风险；指数依赖;成交萎缩,创业板指,已复盘,20.03,19.84,-2.53%,-3.45%,数据不足,未触发,模拟执行未进入买入观察区，不计入胜率；继续检验观察区是否过窄。
2026-07-08,03:02:04,A股,601138,工业富联,stock,4,盘中：候选观察,当前 64.73,64.21-65.12,67.00-67.97,63.11,跌破观察区下沿、弱于基准、板块转弱或出现公告/新闻风险,78,75,收盘前仍强于基准且无事件风险时，才进入隔夜观察,AI硬件/服务器；相对基准 2.8468%。,中高风险；题材拥挤;尾盘兑现;公告风险,科创50,已跳过,,,,,,重复观察,同一股票同一交易日的15分钟重复观察已去重，不重复计入胜率。
2026-07-08,03:02:04,A股,601899,紫金矿业,stock,5,盘中：候选观察,当前 27.86,27.64-28.03,28.84-29.25,27.16,跌破观察区下沿、弱于基准、板块转弱或出现公告/新闻风险,78,65,隔夜降权：只做观察，不作为自动模拟买入；需次日重新确认强于基准和尾盘承接。,有色/黄金铜；相对基准 1.4596%。,中高风险；商品价格;汇率;海外矿山风险,沪深300,已复盘,27.23,27.36,-2.26%,-1.79%,数据不足,失败,模拟买入后收盘或相对表现不足，降低该条件权重。
2026-07-08,03:17:16,A股,002594,比亚迪,stock,1,盘中：强势观察,当前 87.50,86.80-88.03,90.56-91.88,85.31,跌破观察区下沿、弱于基准、板块转弱或出现公告/新闻风险,86,65,隔夜降权：只做观察，不作为自动模拟买入；需次日重新确认强于基准和尾盘承接。,新能源车；相对基准 1.8445%。,中风险；销量/价格战;海外政策风险,沪深300,已跳过,,,,,,重复观察,同一股票同一交易日的15分钟重复观察已去重，不重复计入胜率。
2026-07-08,03:17:16,A股,601138,工业富联,stock,2,盘中：强势观察,当前 65.28,64.76-65.67,67.56-68.54,63.65,跌破观察区下沿、弱于基准、板块转弱或出现公告/新闻风险,85,85,收盘前仍强于基准且无事件风险时，才进入隔夜观察,AI硬件/服务器；相对基准 2.4973%。,中高风险；题材拥挤;尾盘兑现;公告风险,科创50,已跳过,,,,,,重复观察,同一股票同一交易日的15分钟重复观察已去重，不重复计入胜率。
2026-07-08,03:17:16,A股,000977,浪潮信息,stock,3,盘中：强势观察,当前 78.17,77.54-78.64,80.91-82.08,76.22,跌破观察区下沿、弱于基准、板块转弱或出现公告/新闻风险,84,65,隔夜降权：只做观察，不作为自动模拟买入；需次日重新确认强于基准和尾盘承接。,服务器/算力；相对基准 10.4126%。,中高风险；政策与订单预期;波动较大,沪深300,已跳过,,,,,,重复观察,同一股票同一交易日的15分钟重复观察已去重，不重复计入胜率。
2026-07-08,03:17:16,A股,300308,中际旭创,stock,4,盘中：候选观察,当前 1141.33,1132.20-1148.18,1181.28-1215.52,1101.38,跌破观察区下沿、弱于基准、板块转弱或出现公告/新闻风险,80,65,隔夜降权：只做观察，不作为自动模拟买入；需次日重新确认强于基准和尾盘承接。,光模块/CPO；相对基准 3.0038%。,高风险；高波动;高位兑现;板块分化,创业板指,已跳过,,,,,,重复观察,同一股票同一交易日的15分钟重复观察已去重，不重复计入胜率。
2026-07-08,03:17:16,A股,600941,中国移动,stock,5,盘中：候选观察,当前 89.64,88.92-90.18,92.78-94.12,87.40,跌破观察区下沿、弱于基准、板块转弱或出现公告/新闻风险,77,30,隔夜降权：只做观察，不作为自动模拟买入；需次日重新确认强于基准和尾盘承接。,通信/高股息；相对基准 1.7868%。,低风险；政策/估值;低弹性,沪深300,已复盘,89.60,91.43,-0.04%,+2.00%,数据不足,未触发,模拟执行未进入买入观察区，不计入胜率；继续检验观察区是否过窄。
2026-07-08,03:32:14,A股,601138,工业富联,stock,1,盘中：强势观察,当前 65.87,65.34-66.27,68.18-69.16,64.22,跌破观察区下沿、弱于基准、板块转弱或出现公告/新闻风险,93,100,收盘前仍强于基准且无事件风险时，才进入隔夜观察,AI硬件/服务器；相对基准 2.3946%。,中高风险；题材拥挤;尾盘兑现;公告风险,科创50,已跳过,,,,,,重复观察,同一股票同一交易日的15分钟重复观察已去重，不重复计入胜率。
2026-07-08,03:32:14,A股,300308,中际旭创,stock,2,盘中：高风险强势观察,当前 1162.64,1153.34-1169.62,1203.33-1238.21,1121.95,跌破观察区下沿、弱于基准、板块转弱或出现公告/新闻风险,87,65,隔夜降权：只做观察，不作为自动模拟买入；需次日重新确认强于基准和尾盘承接。,光模块/CPO；相对基准 3.4869%。,高风险；高波动;高位兑现;板块分化,创业板指,已跳过,,,,,,重复观察,同一股票同一交易日的15分钟重复观察已去重，不重复计入胜率。
2026-07-08,03:32:14,A股,002594,比亚迪,stock,3,盘中：强势观察,当前 87.55,86.85-88.08,90.61-91.93,85.36,跌破观察区下沿、弱于基准、板块转弱或出现公告/新闻风险,86,65,隔夜降权：只做观察，不作为自动模拟买入；需次日重新确认强于基准和尾盘承接。,新能源车；相对基准 1.3879%。,中风险；销量/价格战;海外政策风险,沪深300,已跳过,,,,,,重复观察,同一股票同一交易日的15分钟重复观察已去重，不重复计入胜率。
2026-07-08,03:32:14,A股,000977,浪潮信息,stock,4,盘中：强势观察,当前 78.17,77.54-78.64,80.91-82.08,76.22,跌破观察区下沿、弱于基准、板块转弱或出现公告/新闻风险,84,65,隔夜降权：只做观察，不作为自动模拟买入；需次日重新确认强于基准和尾盘承接。,服务器/算力；相对基准 9.898%。,中高风险；政策与订单预期;波动较大,沪深300,已跳过,,,,,,重复观察,同一股票同一交易日的15分钟重复观察已去重，不重复计入胜率。
2026-07-08,03:32:14,A股,603019,中科曙光,stock,5,盘中：候选观察,当前 97.77,96.99-98.36,101.19-102.66,95.33,跌破观察区下沿、弱于基准、板块转弱或出现公告/新闻风险,79,40,隔夜降权：只做观察，不作为自动模拟买入；需次日重新确认强于基准和尾盘承接。,算力/服务器；相对基准 4.4592%。,中高风险；政策预期;题材波动,沪深300,已跳过,,,,,,重复观察,同一股票同一交易日的15分钟重复观察已去重，不重复计入胜率。
2026-07-08,03:46:49,A股,601138,工业富联,stock,1,盘中：强势观察,当前 66.29,65.76-66.69,68.61-69.60,64.63,跌破观察区下沿、弱于基准、板块转弱或出现公告/新闻风险,93,100,收盘前仍强于基准且无事件风险时，才进入隔夜观察,AI硬件/服务器；相对基准 2.922%。,中高风险；题材拥挤;尾盘兑现;公告风险,科创50,已跳过,,,,,,重复观察,同一股票同一交易日的15分钟重复观察已去重，不重复计入胜率。
2026-07-08,03:46:49,A股,603019,中科曙光,stock,2,盘中：强势观察,当前 98.84,98.05-99.43,102.30-103.78,96.37,跌破观察区下沿、弱于基准、板块转弱或出现公告/新闻风险,88,75,收盘前仍强于基准且无事件风险时，才进入隔夜观察,算力/服务器；相对基准 5.5461%。,中高风险；政策预期;题材波动,沪深300,已跳过,,,,,,重复观察,同一股票同一交易日的15分钟重复观察已去重，不重复计入胜率。
2026-07-08,03:46:49,A股,300502,新易盛,stock,3,盘中：高风险强势观察,当前 531.17,526.92-534.36,549.76-565.70,512.58,跌破观察区下沿、弱于基准、板块转弱或出现公告/新闻风险,87,65,隔夜降权：只做观察，不作为自动模拟买入；需次日重新确认强于基准和尾盘承接。,光模块/CPO；相对基准 3.7546%。,高风险；高波动;板块拥挤;流动性变化,创业板指,已跳过,,,,,,重复观察,同一股票同一交易日的15分钟重复观察已去重，不重复计入胜率。
2026-07-08,03:46:49,A股,002594,比亚迪,stock,4,盘中：强势观察,当前 87.37,86.67-87.89,90.43-91.74,85.19,跌破观察区下沿、弱于基准、板块转弱或出现公告/新闻风险,86,65,隔夜降权：只做观察，不作为自动模拟买入；需次日重新确认强于基准和尾盘承接。,新能源车；相对基准 1.1217%。,中风险；销量/价格战;海外政策风险,沪深300,已跳过,,,,,,重复观察,同一股票同一交易日的15分钟重复观察已去重，不重复计入胜率。
2026-07-08,03:46:49,A股,000977,浪潮信息,stock,5,盘中：强势观察,当前 78.17,77.54-78.64,80.91-82.08,76.22,跌破观察区下沿、弱于基准、板块转弱或出现公告/新闻风险,84,65,隔夜降权：只做观察，不作为自动模拟买入；需次日重新确认强于基准和尾盘承接。,服务器/算力；相对基准 9.8405%。,中高风险；政策与订单预期;波动较大,沪深300,已跳过,,,,,,重复观察,同一股票同一交易日的15分钟重复观察已去重，不重复计入胜率。
2026-07-08,04:01:59,A股,601138,工业富联,stock,1,盘中：强势观察,当前 66.01,65.48-66.41,68.32-69.31,64.36,跌破观察区下沿、弱于基准、板块转弱或出现公告/新闻风险,92,100,收盘前仍强于基准且无事件风险时，才进入隔夜观察,AI硬件/服务器；相对基准 2.7342%。,中高风险；题材拥挤;尾盘兑现;公告风险,科创50,已跳过,,,,,,重复观察,同一股票同一交易日的15分钟重复观察已去重，不重复计入胜率。
2026-07-08,04:01:59,A股,300502,新易盛,stock,2,盘中：高风险强势观察,当前 526.03,521.82-529.19,544.44-560.22,507.62,跌破观察区下沿、弱于基准、板块转弱或出现公告/新闻风险,87,65,隔夜降权：只做观察，不作为自动模拟买入；需次日重新确认强于基准和尾盘承接。,光模块/CPO；相对基准 3.4181%。,高风险；高波动;板块拥挤;流动性变化,创业板指,已跳过,,,,,,重复观察,同一股票同一交易日的15分钟重复观察已去重，不重复计入胜率。
2026-07-08,04:01:59,A股,002594,比亚迪,stock,3,盘中：强势观察,当前 87.15,86.45-87.67,90.20-91.51,84.97,跌破观察区下沿、弱于基准、板块转弱或出现公告/新闻风险,85,65,隔夜降权：只做观察，不作为自动模拟买入；需次日重新确认强于基准和尾盘承接。,新能源车；相对基准 1.152%。,中风险；销量/价格战;海外政策风险,沪深300,已跳过,,,,,,重复观察,同一股票同一交易日的15分钟重复观察已去重，不重复计入胜率。
2026-07-08,04:01:59,A股,000977,浪潮信息,stock,4,盘中：强势观察,当前 78.17,77.54-78.64,80.91-82.08,76.22,跌破观察区下沿、弱于基准、板块转弱或出现公告/新闻风险,84,65,隔夜降权：只做观察，不作为自动模拟买入；需次日重新确认强于基准和尾盘承接。,服务器/算力；相对基准 10.1258%。,中高风险；政策与订单预期;波动较大,沪深300,已跳过,,,,,,重复观察,同一股票同一交易日的15分钟重复观察已去重，不重复计入胜率。
2026-07-08,04:01:59,A股,603019,中科曙光,stock,5,盘中：候选观察,当前 97.75,96.97-98.34,101.17-102.64,95.31,跌破观察区下沿、弱于基准、板块转弱或出现公告/新闻风险,79,40,隔夜降权：只做观察，不作为自动模拟买入；需次日重新确认强于基准和尾盘承接。,算力/服务器；相对基准 4.6657%。,中高风险；政策预期;题材波动,沪深300,已跳过,,,,,,重复观察,同一股票同一交易日的15分钟重复观察已去重，不重复计入胜率。
2026-07-08,04:17:03,A股,601138,工业富联,stock,1,盘中：强势观察,当前 66.66,66.13-67.06,68.99-69.99,64.99,跌破观察区下沿、弱于基准、板块转弱或出现公告/新闻风险,93,100,收盘前仍强于基准且无事件风险时，才进入隔夜观察,AI硬件/服务器；相对基准 2.5377%。,中高风险；题材拥挤;尾盘兑现;公告风险,科创50,已跳过,,,,,,重复观察,同一股票同一交易日的15分钟重复观察已去重，不重复计入胜率。
2026-07-08,04:17:03,A股,300308,中际旭创,stock,2,盘中：高风险强势观察,当前 1165.97,1156.64-1172.97,1206.78-1241.76,1125.16,跌破观察区下沿、弱于基准、板块转弱或出现公告/新闻风险,87,65,隔夜降权：只做观察，不作为自动模拟买入；需次日重新确认强于基准和尾盘承接。,光模块/CPO；相对基准 3.4096%。,高风险；高波动;高位兑现;板块分化,创业板指,已跳过,,,,,,重复观察,同一股票同一交易日的15分钟重复观察已去重，不重复计入胜率。
2026-07-08,04:17:03,A股,603019,中科曙光,stock,3,盘中：强势观察,当前 98.64,97.85-99.23,102.09-103.57,96.17,跌破观察区下沿、弱于基准、板块转弱或出现公告/新闻风险,86,65,隔夜降权：只做观察，不作为自动模拟买入；需次日重新确认强于基准和尾盘承接。,算力/服务器；相对基准 5.2396%。,中高风险；政策预期;题材波动,沪深300,已跳过,,,,,,重复观察,同一股票同一交易日的15分钟重复观察已去重，不重复计入胜率。
2026-07-08,04:17:03,A股,000977,浪潮信息,stock,4,盘中：强势观察,当前 78.17,77.54-78.64,80.91-82.08,76.22,跌破观察区下沿、弱于基准、板块转弱或出现公告/新闻风险,84,65,隔夜降权：只做观察，不作为自动模拟买入；需次日重新确认强于基准和尾盘承接。,服务器/算力；相对基准 9.7479%。,中高风险；政策与订单预期;波动较大,沪深300,已跳过,,,,,,重复观察,同一股票同一交易日的15分钟重复观察已去重，不重复计入胜率。
2026-07-08,04:17:03,A股,300502,新易盛,stock,5,盘中：高风险强势观察,当前 528.90,524.67-532.07,547.41-563.28,510.39,跌破观察区下沿、弱于基准、板块转弱或出现公告/新闻风险,82,65,隔夜降权：只做观察，不作为自动模拟买入；需次日重新确认强于基准和尾盘承接。,光模块/CPO；相对基准 3.167%。,高风险；高波动;板块拥挤;流动性变化,创业板指,已复盘,518.00,512.50,-2.06%,-3.10%,数据不足,失败,模拟买入后收盘或相对表现不足，降低该条件权重。
2026-07-08,04:31:45,A股,601138,工业富联,stock,1,盘中：强势观察,当前 67.37,66.83-67.77,69.73-70.74,65.69,跌破观察区下沿、弱于基准、板块转弱或出现公告/新闻风险,93,100,收盘前仍强于基准且无事件风险时，才进入隔夜观察,AI硬件/服务器；相对基准 2.5003%。,中高风险；题材拥挤;尾盘兑现;公告风险,科创50,已跳过,,,,,,重复观察,同一股票同一交易日的15分钟重复观察已去重，不重复计入胜率。
2026-07-08,04:31:45,A股,603019,中科曙光,stock,2,盘中：强势观察,当前 99.51,98.71-100.11,102.99-104.49,97.02,跌破观察区下沿、弱于基准、板块转弱或出现公告/新闻风险,91,75,收盘前仍强于基准且无事件风险时，才进入隔夜观察,算力/服务器；相对基准 5.8145%。,中高风险；政策预期;题材波动,沪深300,已跳过,,,,,,重复观察,同一股票同一交易日的15分钟重复观察已去重，不重复计入胜率。
2026-07-08,04:31:45,A股,300308,中际旭创,stock,3,盘中：高风险强势观察,当前 1170.00,1160.64-1177.02,1210.95-1246.05,1129.05,跌破观察区下沿、弱于基准、板块转弱或出现公告/新闻风险,87,65,隔夜降权：只做观察，不作为自动模拟买入；需次日重新确认强于基准和尾盘承接。,光模块/CPO；相对基准 3.3381%。,高风险；高波动;高位兑现;板块分化,创业板指,已跳过,,,,,,重复观察,同一股票同一交易日的15分钟重复观察已去重，不重复计入胜率。
2026-07-08,04:31:45,A股,688981,中芯国际,stock,4,盘中：强势观察,当前 154.01,152.78-154.93,159.40-161.71,150.16,跌破观察区下沿、弱于基准、板块转弱或出现公告/新闻风险,85,75,收盘前仍强于基准且无事件风险时，才进入隔夜观察,半导体制造；相对基准 2.7786%。,中高风险；政策/地缘风险;业绩波动,科创50,已跳过,,,,,,重复观察,同一股票同一交易日的15分钟重复观察已去重，不重复计入胜率。
2026-07-08,04:31:45,A股,000977,浪潮信息,stock,5,盘中：强势观察,当前 78.17,77.54-78.64,80.91-82.08,76.22,跌破观察区下沿、弱于基准、板块转弱或出现公告/新闻风险,84,65,隔夜降权：只做观察，不作为自动模拟买入；需次日重新确认强于基准和尾盘承接。,服务器/算力；相对基准 9.3923%。,中高风险；政策与订单预期;波动较大,沪深300,已跳过,,,,,,重复观察,同一股票同一交易日的15分钟重复观察已去重，不重复计入胜率。
2026-07-08,04:47:00,A股,601138,工业富联,stock,1,盘中：强势观察,当前 67.37,66.83-67.77,69.73-70.74,65.69,跌破观察区下沿、弱于基准、板块转弱或出现公告/新闻风险,93,100,收盘前仍强于基准且无事件风险时，才进入隔夜观察,AI硬件/服务器；相对基准 2.5003%。,中高风险；题材拥挤;尾盘兑现;公告风险,科创50,已跳过,,,,,,重复观察,同一股票同一交易日的15分钟重复观察已去重，不重复计入胜率。
2026-07-08,04:47:00,A股,603019,中科曙光,stock,2,盘中：强势观察,当前 99.51,98.71-100.11,102.99-104.49,97.02,跌破观察区下沿、弱于基准、板块转弱或出现公告/新闻风险,91,75,收盘前仍强于基准且无事件风险时，才进入隔夜观察,算力/服务器；相对基准 5.8145%。,中高风险；政策预期;题材波动,沪深300,已跳过,,,,,,重复观察,同一股票同一交易日的15分钟重复观察已去重，不重复计入胜率。
2026-07-08,04:47:00,A股,300308,中际旭创,stock,3,盘中：高风险强势观察,当前 1170.00,1160.64-1177.02,1210.95-1246.05,1129.05,跌破观察区下沿、弱于基准、板块转弱或出现公告/新闻风险,87,65,隔夜降权：只做观察，不作为自动模拟买入；需次日重新确认强于基准和尾盘承接。,光模块/CPO；相对基准 3.3381%。,高风险；高波动;高位兑现;板块分化,创业板指,已跳过,,,,,,重复观察,同一股票同一交易日的15分钟重复观察已去重，不重复计入胜率。
2026-07-08,04:47:00,A股,688981,中芯国际,stock,4,盘中：强势观察,当前 154.01,152.78-154.93,159.40-161.71,150.16,跌破观察区下沿、弱于基准、板块转弱或出现公告/新闻风险,85,75,收盘前仍强于基准且无事件风险时，才进入隔夜观察,半导体制造；相对基准 2.7786%。,中高风险；政策/地缘风险;业绩波动,科创50,已跳过,,,,,,重复观察,同一股票同一交易日的15分钟重复观察已去重，不重复计入胜率。
2026-07-08,04:47:00,A股,000977,浪潮信息,stock,5,盘中：强势观察,当前 78.17,77.54-78.64,80.91-82.08,76.22,跌破观察区下沿、弱于基准、板块转弱或出现公告/新闻风险,84,65,隔夜降权：只做观察，不作为自动模拟买入；需次日重新确认强于基准和尾盘承接。,服务器/算力；相对基准 9.3923%。,中高风险；政策与订单预期;波动较大,沪深300,已跳过,,,,,,重复观察,同一股票同一交易日的15分钟重复观察已去重，不重复计入胜率。
2026-07-08,05:01:50,A股,601138,工业富联,stock,1,盘中：强势观察,当前 67.37,66.83-67.77,69.73-70.74,65.69,跌破观察区下沿、弱于基准、板块转弱或出现公告/新闻风险,93,100,收盘前仍强于基准且无事件风险时，才进入隔夜观察,AI硬件/服务器；相对基准 2.5003%。,中高风险；题材拥挤;尾盘兑现;公告风险,科创50,已跳过,,,,,,重复观察,同一股票同一交易日的15分钟重复观察已去重，不重复计入胜率。
2026-07-08,05:01:50,A股,603019,中科曙光,stock,2,盘中：强势观察,当前 99.51,98.71-100.11,102.99-104.49,97.02,跌破观察区下沿、弱于基准、板块转弱或出现公告/新闻风险,91,75,收盘前仍强于基准且无事件风险时，才进入隔夜观察,算力/服务器；相对基准 5.8145%。,中高风险；政策预期;题材波动,沪深300,已跳过,,,,,,重复观察,同一股票同一交易日的15分钟重复观察已去重，不重复计入胜率。
2026-07-08,05:01:50,A股,300308,中际旭创,stock,3,盘中：高风险强势观察,当前 1170.00,1160.64-1177.02,1210.95-1246.05,1129.05,跌破观察区下沿、弱于基准、板块转弱或出现公告/新闻风险,87,65,隔夜降权：只做观察，不作为自动模拟买入；需次日重新确认强于基准和尾盘承接。,光模块/CPO；相对基准 3.3381%。,高风险；高波动;高位兑现;板块分化,创业板指,已复盘,1100.01,1108.00,-5.98%,-5.30%,数据不足,失败,模拟买入后收盘或相对表现不足，降低该条件权重。
2026-07-08,05:01:50,A股,688981,中芯国际,stock,4,盘中：强势观察,当前 154.01,152.78-154.93,159.40-161.71,150.16,跌破观察区下沿、弱于基准、板块转弱或出现公告/新闻风险,85,75,收盘前仍强于基准且无事件风险时，才进入隔夜观察,半导体制造；相对基准 2.7786%。,中高风险；政策/地缘风险;业绩波动,科创50,已跳过,,,,,,重复观察,同一股票同一交易日的15分钟重复观察已去重，不重复计入胜率。
2026-07-08,05:01:50,A股,000977,浪潮信息,stock,5,盘中：强势观察,当前 78.17,77.54-78.64,80.91-82.08,76.22,跌破观察区下沿、弱于基准、板块转弱或出现公告/新闻风险,84,65,隔夜降权：只做观察，不作为自动模拟买入；需次日重新确认强于基准和尾盘承接。,服务器/算力；相对基准 9.3923%。,中高风险；政策与订单预期;波动较大,沪深300,已跳过,,,,,,重复观察,同一股票同一交易日的15分钟重复观察已去重，不重复计入胜率。
2026-07-08,05:17:37,A股,A_SHARE_DATA_INSUFFICIENT,A股行情时间戳过旧，本轮跳过评分,skip,0,数据不足/本轮跳过,数据不足,数据不足,数据不足,数据不足,等待下一轮可核验行情后再评估,,,不判断隔夜,A股行情时间戳过旧，本轮跳过评分,行情时间戳过旧或关键字段不足时不输出价格、评分、止盈止损,,数据不足/本轮跳过,,,,,,不计胜率,等待下一轮可核验行情后再运行评分
2026-07-08,05:32:03,A股,A_SHARE_DATA_INSUFFICIENT,A股行情时间戳过旧，本轮跳过评分,skip,0,数据不足/本轮跳过,数据不足,数据不足,数据不足,数据不足,等待下一轮可核验行情后再评估,,,不判断隔夜,A股行情时间戳过旧，本轮跳过评分,行情时间戳过旧或关键字段不足时不输出价格、评分、止盈止损,,数据不足/本轮跳过,,,,,,不计胜率,等待下一轮可核验行情后再运行评分
2026-07-08,05:46:53,A股,A_SHARE_DATA_INSUFFICIENT,A股行情时间戳过旧，本轮跳过评分,skip,0,数据不足/本轮跳过,数据不足,数据不足,数据不足,数据不足,等待下一轮可核验行情后再评估,,,不判断隔夜,A股行情时间戳过旧，本轮跳过评分,行情时间戳过旧或关键字段不足时不输出价格、评分、止盈止损,,数据不足/本轮跳过,,,,,,不计胜率,等待下一轮可核验行情后再运行评分
2026-07-08,07:01:39,A股,601138,工业富联,stock,1,盘中：强势观察,当前 66.28,65.75-66.68,68.60-69.59,64.62,跌破观察区下沿、弱于基准、板块转弱或出现公告/新闻风险,92,100,收盘前仍强于基准且无事件风险时，才进入隔夜观察,AI硬件/服务器；相对基准 1.9118%。,中高风险；题材拥挤;尾盘兑现;公告风险,科创50,已跳过,,,,,,重复观察,同一股票同一交易日的15分钟重复观察已去重，不重复计入胜率。
2026-07-08,07:01:39,A股,603019,中科曙光,stock,2,盘中：强势观察,当前 99.27,98.48-99.87,102.74-104.23,96.79,跌破观察区下沿、弱于基准、板块转弱或出现公告/新闻风险,90,75,收盘前仍强于基准且无事件风险时，才进入隔夜观察,算力/服务器；相对基准 6.2578%。,中高风险；政策预期;题材波动,沪深300,已跳过,,,,,,重复观察,同一股票同一交易日的15分钟重复观察已去重，不重复计入胜率。
2026-07-08,07:01:39,A股,688981,中芯国际,stock,3,盘中：强势观察,当前 153.42,152.19-154.34,158.79-161.09,149.58,跌破观察区下沿、弱于基准、板块转弱或出现公告/新闻风险,88,75,收盘前仍强于基准且无事件风险时，才进入隔夜观察,半导体制造；相对基准 3.4934%。,中高风险；政策/地缘风险;业绩波动,科创50,已跳过,,,,,,重复观察,同一股票同一交易日的15分钟重复观察已去重，不重复计入胜率。
2026-07-08,07:01:39,A股,002594,比亚迪,stock,4,盘中：强势观察,当前 88.30,87.59-88.83,91.39-92.72,86.09,跌破观察区下沿、弱于基准、板块转弱或出现公告/新闻风险,88,75,收盘前仍强于基准且无事件风险时，才进入隔夜观察,新能源车；相对基准 2.4516%。,中风险；销量/价格战;海外政策风险,沪深300,已跳过,,,,,,重复观察,同一股票同一交易日的15分钟重复观察已去重，不重复计入胜率。
2026-07-08,07:01:39,A股,603501,豪威集团,stock,5,盘中：强势观察,当前 102.14,101.32-102.75,105.71-107.25,99.59,跌破观察区下沿、弱于基准、板块转弱或出现公告/新闻风险,86,75,收盘前仍强于基准且无事件风险时，才进入隔夜观察,半导体设计；相对基准 2.7813%。,中高风险；消费电子周期;业绩预期,沪深300,已跳过,,,,,,重复观察,同一股票同一交易日的15分钟重复观察已去重，不重复计入胜率。
2026-07-08,07:16:56,A股,603019,中科曙光,stock,1,盘中：强势观察,当前 99.71,98.91-100.31,103.20-104.70,97.22,跌破观察区下沿、弱于基准、板块转弱或出现公告/新闻风险,91,75,收盘前仍强于基准且无事件风险时，才进入隔夜观察,算力/服务器；相对基准 6.8328%。,中高风险；政策预期;题材波动,沪深300,已跳过,,,,,,重复观察,同一股票同一交易日的15分钟重复观察已去重，不重复计入胜率。
2026-07-08,07:16:56,A股,601138,工业富联,stock,2,盘中：强势观察,当前 66.10,65.57-66.50,68.41-69.41,64.45,跌破观察区下沿、弱于基准、板块转弱或出现公告/新闻风险,89,85,收盘前仍强于基准且无事件风险时，才进入隔夜观察,AI硬件/服务器；相对基准 1.7887%。,中高风险；题材拥挤;尾盘兑现;公告风险,科创50,已跳过,,,,,,重复观察,同一股票同一交易日的15分钟重复观察已去重，不重复计入胜率。
2026-07-08,07:16:56,A股,688981,中芯国际,stock,3,盘中：强势观察,当前 153.54,152.31-154.46,158.91-161.22,149.70,跌破观察区下沿、弱于基准、板块转弱或出现公告/新闻风险,88,75,收盘前仍强于基准且无事件风险时，才进入隔夜观察,半导体制造；相对基准 3.735%。,中高风险；政策/地缘风险;业绩波动,科创50,已跳过,,,,,,重复观察,同一股票同一交易日的15分钟重复观察已去重，不重复计入胜率。
2026-07-08,07:16:56,A股,002594,比亚迪,stock,4,盘中：强势观察,当前 87.98,87.28-88.51,91.06-92.38,85.78,跌破观察区下沿、弱于基准、板块转弱或出现公告/新闻风险,88,75,收盘前仍强于基准且无事件风险时，才进入隔夜观察,新能源车；相对基准 2.1851%。,中风险；销量/价格战;海外政策风险,沪深300,已跳过,,,,,,重复观察,同一股票同一交易日的15分钟重复观察已去重，不重复计入胜率。
2026-07-08,07:16:56,A股,603501,豪威集团,stock,5,盘中：强势观察,当前 101.32,100.51-101.93,104.87-106.39,98.79,跌破观察区下沿、弱于基准、板块转弱或出现公告/新闻风险,85,75,收盘前仍强于基准且无事件风险时，才进入隔夜观察,半导体设计；相对基准 2.0612%。,中高风险；消费电子周期;业绩预期,沪深300,已跳过,,,,,,重复观察,同一股票同一交易日的15分钟重复观察已去重，不重复计入胜率。
2026-07-08,07:31:48,A股,601138,工业富联,stock,1,盘中：强势观察,当前 66.30,65.77-66.70,68.62-69.61,64.64,跌破观察区下沿、弱于基准、板块转弱或出现公告/新闻风险,92,100,收盘前仍强于基准且无事件风险时，才进入隔夜观察,AI硬件/服务器；相对基准 2.1001%。,中高风险；题材拥挤;尾盘兑现;公告风险,科创50,已跳过,,,,,,重复观察,同一股票同一交易日的15分钟重复观察已去重，不重复计入胜率。
2026-07-08,07:31:48,A股,603019,中科曙光,stock,2,盘中：强势观察,当前 99.20,98.41-99.80,102.67-104.16,96.72,跌破观察区下沿、弱于基准、板块转弱或出现公告/新闻风险,90,75,收盘前仍强于基准且无事件风险时，才进入隔夜观察,算力/服务器；相对基准 6.2943%。,中高风险；政策预期;题材波动,沪深300,已跳过,,,,,,重复观察,同一股票同一交易日的15分钟重复观察已去重，不重复计入胜率。
2026-07-08,07:31:48,A股,688981,中芯国际,stock,3,盘中：强势观察,当前 153.25,152.02-154.17,158.61-160.91,149.42,跌破观察区下沿、弱于基准、板块转弱或出现公告/新闻风险,88,75,收盘前仍强于基准且无事件风险时，才进入隔夜观察,半导体制造；相对基准 3.5334%。,中高风险；政策/地缘风险;业绩波动,科创50,已跳过,,,,,,重复观察,同一股票同一交易日的15分钟重复观察已去重，不重复计入胜率。
2026-07-08,07:31:48,A股,002594,比亚迪,stock,4,盘中：强势观察,当前 87.99,87.29-88.52,91.07-92.39,85.79,跌破观察区下沿、弱于基准、板块转弱或出现公告/新闻风险,88,75,收盘前仍强于基准且无事件风险时，才进入隔夜观察,新能源车；相对基准 2.2036%。,中风险；销量/价格战;海外政策风险,沪深300,已跳过,,,,,,重复观察,同一股票同一交易日的15分钟重复观察已去重，不重复计入胜率。
2026-07-08,07:31:48,A股,603501,豪威集团,stock,5,盘中：强势观察,当前 101.89,101.07-102.50,105.46-106.98,99.34,跌破观察区下沿、弱于基准、板块转弱或出现公告/新闻风险,86,75,收盘前仍强于基准且无事件风险时，才进入隔夜观察,半导体设计；相对基准 2.6412%。,中高风险；消费电子周期;业绩预期,沪深300,已跳过,,,,,,重复观察,同一股票同一交易日的15分钟重复观察已去重，不重复计入胜率。
2026-07-08,07:44:34,A股,601138,工业富联,stock,1,盘中：强势观察,当前 66.08,65.55-66.48,68.39-69.38,64.43,跌破观察区下沿、弱于基准、板块转弱或出现公告/新闻风险,89,85,收盘前仍强于基准且无事件风险时，才进入隔夜观察,AI硬件/服务器；相对基准 2.4049%。,中高风险；题材拥挤;尾盘兑现;公告风险,科创50,已跳过,,,,,,重复观察,同一股票同一交易日的15分钟重复观察已去重，不重复计入胜率。
2026-07-08,07:44:34,A股,002594,比亚迪,stock,2,盘中：强势观察,当前 87.84,87.14-88.37,90.91-92.23,85.64,跌破观察区下沿、弱于基准、板块转弱或出现公告/新闻风险,88,75,收盘前仍强于基准且无事件风险时，才进入隔夜观察,新能源车；相对基准 2.3168%。,中风险；销量/价格战;海外政策风险,沪深300,已跳过,,,,,,重复观察,同一股票同一交易日的15分钟重复观察已去重，不重复计入胜率。
2026-07-08,07:44:34,A股,688981,中芯国际,stock,3,盘中：强势观察,当前 152.44,151.22-153.35,157.78-160.06,148.63,跌破观察区下沿、弱于基准、板块转弱或出现公告/新闻风险,87,75,收盘前仍强于基准且无事件风险时，才进入隔夜观察,半导体制造；相对基准 3.6262%。,中高风险；政策/地缘风险;业绩波动,科创50,已跳过,,,,,,重复观察,同一股票同一交易日的15分钟重复观察已去重，不重复计入胜率。
2026-07-08,07:44:34,A股,603501,豪威集团,stock,4,盘中：强势观察,当前 101.45,100.64-102.06,105.00-106.52,98.91,跌破观察区下沿、弱于基准、板块转弱或出现公告/新闻风险,85,75,收盘前仍强于基准且无事件风险时，才进入隔夜观察,半导体设计；相对基准 2.4859%。,中高风险；消费电子周期;业绩预期,沪深300,已跳过,,,,,,重复观察,同一股票同一交易日的15分钟重复观察已去重，不重复计入胜率。
2026-07-08,07:44:34,A股,000977,浪潮信息,stock,5,盘中：强势观察,当前 78.17,77.54-78.64,80.91-82.08,76.22,跌破观察区下沿、弱于基准、板块转弱或出现公告/新闻风险,84,65,隔夜降权：只做观察，不作为自动模拟买入；需次日重新确认强于基准和尾盘承接。,服务器/算力；相对基准 10.4907%。,中高风险；政策与订单预期;波动较大,沪深300,已跳过,,,,,,重复观察,同一股票同一交易日的15分钟重复观察已去重，不重复计入胜率。
2026-07-08,07:47:49,A股,601138,工业富联,stock,1,盘中：强势观察,当前 66.05,65.52-66.45,68.36-69.35,64.40,跌破观察区下沿、弱于基准、板块转弱或出现公告/新闻风险,89,85,收盘前仍强于基准且无事件风险时，才进入隔夜观察,AI硬件/服务器；相对基准 2.487%。,中高风险；题材拥挤;尾盘兑现;公告风险,科创50,已跳过,,,,,,重复观察,同一股票同一交易日的15分钟重复观察已去重，不重复计入胜率。
2026-07-08,07:47:49,A股,002594,比亚迪,stock,2,盘中：强势观察,当前 87.85,87.15-88.38,90.92-92.24,85.65,跌破观察区下沿、弱于基准、板块转弱或出现公告/新闻风险,88,75,收盘前仍强于基准且无事件风险时，才进入隔夜观察,新能源车；相对基准 2.3567%。,中风险；销量/价格战;海外政策风险,沪深300,已跳过,,,,,,重复观察,同一股票同一交易日的15分钟重复观察已去重，不重复计入胜率。
2026-07-08,07:47:49,A股,688981,中芯国际,stock,3,盘中：强势观察,当前 152.10,150.88-153.01,157.42-159.71,148.30,跌破观察区下沿、弱于基准、板块转弱或出现公告/新闻风险,87,75,收盘前仍强于基准且无事件风险时，才进入隔夜观察,半导体制造；相对基准 3.5215%。,中高风险；政策/地缘风险;业绩波动,科创50,已跳过,,,,,,重复观察,同一股票同一交易日的15分钟重复观察已去重，不重复计入胜率。
2026-07-08,07:47:49,A股,603501,豪威集团,stock,4,盘中：强势观察,当前 101.23,100.42-101.84,104.77-106.29,98.70,跌破观察区下沿、弱于基准、板块转弱或出现公告/新闻风险,85,75,收盘前仍强于基准且无事件风险时，才进入隔夜观察,半导体设计；相对基准 2.293%。,中高风险；消费电子周期;业绩预期,沪深300,已复盘,103.21,102.49,+1.96%,+1.24%,数据不足,命中,模拟执行后表现有效，保留相对强弱和量价过滤。
2026-07-08,07:47:49,A股,000977,浪潮信息,stock,5,盘中：强势观察,当前 78.17,77.54-78.64,80.91-82.08,76.22,跌破观察区下沿、弱于基准、板块转弱或出现公告/新闻风险,84,65,隔夜降权：只做观察，不作为自动模拟买入；需次日重新确认强于基准和尾盘承接。,服务器/算力；相对基准 10.519%。,中高风险；政策与订单预期;波动较大,沪深300,已跳过,,,,,,重复观察,同一股票同一交易日的15分钟重复观察已去重，不重复计入胜率。
2026-07-08,08:02:15,A股,601138,工业富联,stock,1,盘中：强势观察,当前 66.01,65.48-66.41,68.32-69.31,64.36,跌破观察区下沿、弱于基准、板块转弱或出现公告/新闻风险,89,85,收盘前仍强于基准且无事件风险时，才进入隔夜观察,AI硬件/服务器；相对基准 2.7646%。,中高风险；题材拥挤;尾盘兑现;公告风险,科创50,已跳过,,,,,,重复观察,同一股票同一交易日的15分钟重复观察已去重，不重复计入胜率。
2026-07-08,08:02:15,A股,002594,比亚迪,stock,2,盘中：强势观察,当前 87.80,87.10-88.33,90.87-92.19,85.60,跌破观察区下沿、弱于基准、板块转弱或出现公告/新闻风险,88,75,收盘前仍强于基准且无事件风险时，才进入隔夜观察,新能源车；相对基准 2.5517%。,中风险；销量/价格战;海外政策风险,沪深300,已跳过,,,,,,重复观察,同一股票同一交易日的15分钟重复观察已去重，不重复计入胜率。
2026-07-08,08:02:15,A股,688981,中芯国际,stock,3,盘中：强势观察,当前 152.10,150.88-153.01,157.42-159.71,148.30,跌破观察区下沿、弱于基准、板块转弱或出现公告/新闻风险,87,75,收盘前仍强于基准且无事件风险时，才进入隔夜观察,半导体制造；相对基准 3.8618%。,中高风险；政策/地缘风险;业绩波动,科创50,已跳过,,,,,,重复观察,同一股票同一交易日的15分钟重复观察已去重，不重复计入胜率。
2026-07-08,08:02:15,A股,000977,浪潮信息,stock,4,盘中：强势观察,当前 78.17,77.54-78.64,80.91-82.08,76.22,跌破观察区下沿、弱于基准、板块转弱或出现公告/新闻风险,84,65,隔夜降权：只做观察，不作为自动模拟买入；需次日重新确认强于基准和尾盘承接。,服务器/算力；相对基准 10.772%。,中高风险；政策与订单预期;波动较大,沪深300,已跳过,,,,,,重复观察,同一股票同一交易日的15分钟重复观察已去重，不重复计入胜率。
2026-07-08,08:02:15,A股,603019,中科曙光,stock,5,盘中：强势观察,当前 98.15,97.36-98.74,101.59-103.06,95.70,跌破观察区下沿、弱于基准、板块转弱或出现公告/新闻风险,83,50,隔夜降权：只做观察，不作为自动模拟买入；需次日重新确认强于基准和尾盘承接。,算力/服务器；相对基准 5.7397%。,中高风险；政策预期;题材波动,沪深300,已跳过,,,,,,重复观察,同一股票同一交易日的15分钟重复观察已去重，不重复计入胜率。
2026-07-08,09:15:08,A股,601138,工业富联,stock,1,盘中：强势观察,当前 66.01,65.48-66.41,68.32-69.31,64.36,跌破观察区下沿、弱于基准、板块转弱或出现公告/新闻风险,89,85,收盘前仍强于基准且无事件风险时，才进入隔夜观察,AI硬件/服务器；相对基准 2.7646%。,中高风险；题材拥挤;尾盘兑现;公告风险,科创50,已跳过,,,,,,重复观察,同一股票同一交易日的15分钟重复观察已去重，不重复计入胜率。
2026-07-08,09:15:08,A股,002594,比亚迪,stock,2,盘中：强势观察,当前 87.80,87.10-88.33,90.87-92.19,85.60,跌破观察区下沿、弱于基准、板块转弱或出现公告/新闻风险,88,75,收盘前仍强于基准且无事件风险时，才进入隔夜观察,新能源车；相对基准 2.5517%。,中风险；销量/价格战;海外政策风险,沪深300,已跳过,,,,,,重复观察,同一股票同一交易日的15分钟重复观察已去重，不重复计入胜率。
2026-07-08,09:15:08,A股,688981,中芯国际,stock,3,盘中：强势观察,当前 152.10,150.88-153.01,157.42-159.71,148.30,跌破观察区下沿、弱于基准、板块转弱或出现公告/新闻风险,87,75,收盘前仍强于基准且无事件风险时，才进入隔夜观察,半导体制造；相对基准 3.8618%。,中高风险；政策/地缘风险;业绩波动,科创50,已跳过,,,,,,重复观察,同一股票同一交易日的15分钟重复观察已去重，不重复计入胜率。
2026-07-08,09:15:08,A股,000977,浪潮信息,stock,4,盘中：强势观察,当前 78.17,77.54-78.64,80.91-82.08,76.22,跌破观察区下沿、弱于基准、板块转弱或出现公告/新闻风险,84,65,隔夜降权：只做观察，不作为自动模拟买入；需次日重新确认强于基准和尾盘承接。,服务器/算力；相对基准 10.772%。,中高风险；政策与订单预期;波动较大,沪深300,已跳过,,,,,,重复观察,同一股票同一交易日的15分钟重复观察已去重，不重复计入胜率。
2026-07-08,09:15:08,A股,603019,中科曙光,stock,5,盘中：强势观察,当前 98.15,97.36-98.74,101.59-103.06,95.70,跌破观察区下沿、弱于基准、板块转弱或出现公告/新闻风险,83,50,隔夜降权：只做观察，不作为自动模拟买入；需次日重新确认强于基准和尾盘承接。,算力/服务器；相对基准 5.7397%。,中高风险；政策预期;题材波动,沪深300,已跳过,,,,,,重复观察,同一股票同一交易日的15分钟重复观察已去重，不重复计入胜率。
2026-07-08,09:32:18,A股,601138,工业富联,stock,1,收盘：强势观察,当前 66.01,65.48-66.41,68.32-69.31,64.36,跌破观察区下沿、弱于基准、板块转弱或出现公告/新闻风险,89,85,收盘前仍强于基准且无事件风险时，才进入隔夜观察,AI硬件/服务器；相对基准 2.7646%。,中高风险；题材拥挤;尾盘兑现;公告风险,科创50,已跳过,,,,,,重复观察,同一股票同一交易日的15分钟重复观察已去重，不重复计入胜率。
2026-07-08,09:32:18,A股,002594,比亚迪,stock,2,收盘：强势观察,当前 87.80,87.10-88.33,90.87-92.19,85.60,跌破观察区下沿、弱于基准、板块转弱或出现公告/新闻风险,88,75,收盘前仍强于基准且无事件风险时，才进入隔夜观察,新能源车；相对基准 2.5517%。,中风险；销量/价格战;海外政策风险,沪深300,已跳过,,,,,,重复观察,同一股票同一交易日的15分钟重复观察已去重，不重复计入胜率。
2026-07-08,09:32:18,A股,688981,中芯国际,stock,3,收盘：强势观察,当前 152.10,150.88-153.01,157.42-159.71,148.30,跌破观察区下沿、弱于基准、板块转弱或出现公告/新闻风险,87,75,收盘前仍强于基准且无事件风险时，才进入隔夜观察,半导体制造；相对基准 3.8618%。,中高风险；政策/地缘风险;业绩波动,科创50,已跳过,,,,,,重复观察,同一股票同一交易日的15分钟重复观察已去重，不重复计入胜率。
2026-07-08,09:32:18,A股,000977,浪潮信息,stock,4,收盘：强势观察,当前 78.17,77.54-78.64,80.91-82.08,76.22,跌破观察区下沿、弱于基准、板块转弱或出现公告/新闻风险,84,65,隔夜降权：只做观察，不作为自动模拟买入；需次日重新确认强于基准和尾盘承接。,服务器/算力；相对基准 10.772%。,中高风险；政策与订单预期;波动较大,沪深300,已跳过,,,,,,重复观察,同一股票同一交易日的15分钟重复观察已去重，不重复计入胜率。
2026-07-08,09:32:18,A股,603019,中科曙光,stock,5,收盘：强势观察,当前 98.15,97.36-98.74,101.59-103.06,95.70,跌破观察区下沿、弱于基准、板块转弱或出现公告/新闻风险,83,50,隔夜降权：只做观察，不作为自动模拟买入；需次日重新确认强于基准和尾盘承接。,算力/服务器；相对基准 5.7397%。,中高风险；政策预期;题材波动,沪深300,已跳过,,,,,,重复观察,同一股票同一交易日的15分钟重复观察已去重，不重复计入胜率。
2026-07-08,10:22:26,A股,601138,工业富联,stock,1,收盘：强势观察,当前 66.01,65.48-66.41,68.32-69.31,64.36,跌破观察区下沿、弱于基准、板块转弱或出现公告/新闻风险,89,85,收盘前仍强于基准且无事件风险时，才进入隔夜观察,AI硬件/服务器；相对基准 2.7646%。,中高风险；题材拥挤;尾盘兑现;公告风险,科创50,已复盘,65.30,63.08,-1.08%,-4.44%,数据不足,未触发,模拟执行未进入买入观察区，不计入胜率；继续检验观察区是否过窄。
2026-07-08,10:22:26,A股,002594,比亚迪,stock,2,收盘：强势观察,当前 87.80,87.10-88.33,90.87-92.19,85.60,跌破观察区下沿、弱于基准、板块转弱或出现公告/新闻风险,88,75,收盘前仍强于基准且无事件风险时，才进入隔夜观察,新能源车；相对基准 2.5517%。,中风险；销量/价格战;海外政策风险,沪深300,已复盘,89.00,86.98,+1.37%,-0.93%,数据不足,失败,模拟买入后收盘或相对表现不足，降低该条件权重。
2026-07-08,10:22:26,A股,688981,中芯国际,stock,3,收盘：强势观察,当前 152.10,150.88-153.01,157.42-159.71,148.30,跌破观察区下沿、弱于基准、板块转弱或出现公告/新闻风险,87,75,收盘前仍强于基准且无事件风险时，才进入隔夜观察,半导体制造；相对基准 3.8618%。,中高风险；政策/地缘风险;业绩波动,科创50,已复盘,160.01,163.58,+5.20%,+7.55%,数据不足,命中,模拟执行后表现有效，保留相对强弱和量价过滤。
2026-07-08,10:22:26,A股,000977,浪潮信息,stock,4,收盘：强势观察,当前 78.17,77.54-78.64,80.91-82.08,76.22,跌破观察区下沿、弱于基准、板块转弱或出现公告/新闻风险,84,65,隔夜降权：只做观察，不作为自动模拟买入；需次日重新确认强于基准和尾盘承接。,服务器/算力；相对基准 10.772%。,中高风险；政策与订单预期;波动较大,沪深300,已复盘,91.00,85.49,+16.41%,+9.36%,数据不足,未触发,模拟执行未进入买入观察区，不计入胜率；继续检验观察区是否过窄。
2026-07-08,10:22:26,A股,603019,中科曙光,stock,5,收盘：强势观察,当前 98.15,97.36-98.74,101.59-103.06,95.70,跌破观察区下沿、弱于基准、板块转弱或出现公告/新闻风险,83,50,隔夜降权：只做观察，不作为自动模拟买入；需次日重新确认强于基准和尾盘承接。,算力/服务器；相对基准 5.7397%。,中高风险；政策预期;题材波动,沪深300,已复盘,110.00,106.13,+12.07%,+8.13%,数据不足,未触发,模拟执行未进入买入观察区，不计入胜率；继续检验观察区是否过窄。
2026-07-08,15:30:47,美股,US_STOCK_DATA_INSUFFICIENT,美股行情时间戳过旧，本轮跳过评分,skip,0,数据不足/本轮跳过,数据不足,数据不足,数据不足,数据不足,等待下一轮可核验行情后再评估,,,不判断隔夜,美股行情时间戳过旧，本轮跳过评分,行情时间戳过旧或关键字段不足时不输出价格、评分、止盈止损,,数据不足/本轮跳过,,,,,,不计胜率,等待下一轮可核验行情后再运行评分
2026-07-08,15:45:18,美股,US_STOCK_DATA_INSUFFICIENT,美股行情时间戳过旧，本轮跳过评分,skip,0,数据不足/本轮跳过,数据不足,数据不足,数据不足,数据不足,等待下一轮可核验行情后再评估,,,不判断隔夜,美股行情时间戳过旧，本轮跳过评分,行情时间戳过旧或关键字段不足时不输出价格、评分、止盈止损,,数据不足/本轮跳过,,,,,,不计胜率,等待下一轮可核验行情后再运行评分
2026-07-08,16:00:21,美股,US_STOCK_DATA_INSUFFICIENT,美股行情时间戳过旧，本轮跳过评分,skip,0,数据不足/本轮跳过,数据不足,数据不足,数据不足,数据不足,等待下一轮可核验行情后再评估,,,不判断隔夜,美股行情时间戳过旧，本轮跳过评分,行情时间戳过旧或关键字段不足时不输出价格、评分、止盈止损,,数据不足/本轮跳过,,,,,,不计胜率,等待下一轮可核验行情后再运行评分
2026-07-08,16:15:15,美股,US_STOCK_DATA_INSUFFICIENT,美股行情时间戳过旧，本轮跳过评分,skip,0,数据不足/本轮跳过,数据不足,数据不足,数据不足,数据不足,等待下一轮可核验行情后再评估,,,不判断隔夜,美股行情时间戳过旧，本轮跳过评分,行情时间戳过旧或关键字段不足时不输出价格、评分、止盈止损,,数据不足/本轮跳过,,,,,,不计胜率,等待下一轮可核验行情后再运行评分
2026-07-08,16:30:16,美股,US_STOCK_DATA_INSUFFICIENT,美股行情时间戳过旧，本轮跳过评分,skip,0,数据不足/本轮跳过,数据不足,数据不足,数据不足,数据不足,等待下一轮可核验行情后再评估,,,不判断隔夜,美股行情时间戳过旧，本轮跳过评分,行情时间戳过旧或关键字段不足时不输出价格、评分、止盈止损,,数据不足/本轮跳过,,,,,,不计胜率,等待下一轮可核验行情后再运行评分
2026-07-08,16:45:16,美股,US_STOCK_DATA_INSUFFICIENT,美股行情时间戳过旧，本轮跳过评分,skip,0,数据不足/本轮跳过,数据不足,数据不足,数据不足,数据不足,等待下一轮可核验行情后再评估,,,不判断隔夜,美股行情时间戳过旧，本轮跳过评分,行情时间戳过旧或关键字段不足时不输出价格、评分、止盈止损,,数据不足/本轮跳过,,,,,,不计胜率,等待下一轮可核验行情后再运行评分
2026-07-08,16:47:00,美股,US_STOCK_DATA_INSUFFICIENT,美股行情时间戳过旧，本轮跳过评分,skip,0,数据不足/本轮跳过,数据不足,数据不足,数据不足,数据不足,等待下一轮可核验行情后再评估,,,不判断隔夜,美股行情时间戳过旧，本轮跳过评分,行情时间戳过旧或关键字段不足时不输出价格、评分、止盈止损,,数据不足/本轮跳过,,,,,,不计胜率,等待下一轮可核验行情后再运行评分
2026-07-08,17:00:17,美股,US_STOCK_DATA_INSUFFICIENT,美股行情时间戳过旧，本轮跳过评分,skip,0,数据不足/本轮跳过,数据不足,数据不足,数据不足,数据不足,等待下一轮可核验行情后再评估,,,不判断隔夜,美股行情时间戳过旧，本轮跳过评分,行情时间戳过旧或关键字段不足时不输出价格、评分、止盈止损,,数据不足/本轮跳过,,,,,,不计胜率,等待下一轮可核验行情后再运行评分
2026-07-08,17:15:20,美股,US_STOCK_DATA_INSUFFICIENT,美股行情时间戳过旧，本轮跳过评分,skip,0,数据不足/本轮跳过,数据不足,数据不足,数据不足,数据不足,等待下一轮可核验行情后再评估,,,不判断隔夜,美股行情时间戳过旧，本轮跳过评分,行情时间戳过旧或关键字段不足时不输出价格、评分、止盈止损,,数据不足/本轮跳过,,,,,,不计胜率,等待下一轮可核验行情后再运行评分
2026-07-08,17:30:26,美股,US_STOCK_DATA_INSUFFICIENT,美股行情时间戳过旧，本轮跳过评分,skip,0,数据不足/本轮跳过,数据不足,数据不足,数据不足,数据不足,等待下一轮可核验行情后再评估,,,不判断隔夜,美股行情时间戳过旧，本轮跳过评分,行情时间戳过旧或关键字段不足时不输出价格、评分、止盈止损,,数据不足/本轮跳过,,,,,,不计胜率,等待下一轮可核验行情后再运行评分
2026-07-08,17:45:17,美股,US_STOCK_DATA_INSUFFICIENT,美股行情时间戳过旧，本轮跳过评分,skip,0,数据不足/本轮跳过,数据不足,数据不足,数据不足,数据不足,等待下一轮可核验行情后再评估,,,不判断隔夜,美股行情时间戳过旧，本轮跳过评分,行情时间戳过旧或关键字段不足时不输出价格、评分、止盈止损,,数据不足/本轮跳过,,,,,,不计胜率,等待下一轮可核验行情后再运行评分
2026-07-08,18:00:21,美股,US_STOCK_DATA_INSUFFICIENT,美股行情时间戳过旧，本轮跳过评分,skip,0,数据不足/本轮跳过,数据不足,数据不足,数据不足,数据不足,等待下一轮可核验行情后再评估,,,不判断隔夜,美股行情时间戳过旧，本轮跳过评分,行情时间戳过旧或关键字段不足时不输出价格、评分、止盈止损,,数据不足/本轮跳过,,,,,,不计胜率,等待下一轮可核验行情后再运行评分
2026-07-08,18:15:19,美股,US_STOCK_DATA_INSUFFICIENT,美股行情时间戳过旧，本轮跳过评分,skip,0,数据不足/本轮跳过,数据不足,数据不足,数据不足,数据不足,等待下一轮可核验行情后再评估,,,不判断隔夜,美股行情时间戳过旧，本轮跳过评分,行情时间戳过旧或关键字段不足时不输出价格、评分、止盈止损,,数据不足/本轮跳过,,,,,,不计胜率,等待下一轮可核验行情后再运行评分
2026-07-08,18:30:18,美股,US_STOCK_DATA_INSUFFICIENT,美股行情时间戳过旧，本轮跳过评分,skip,0,数据不足/本轮跳过,数据不足,数据不足,数据不足,数据不足,等待下一轮可核验行情后再评估,,,不判断隔夜,美股行情时间戳过旧，本轮跳过评分,行情时间戳过旧或关键字段不足时不输出价格、评分、止盈止损,,数据不足/本轮跳过,,,,,,不计胜率,等待下一轮可核验行情后再运行评分
2026-07-08,18:52:10,美股,US_STOCK_DATA_INSUFFICIENT,美股行情时间戳过旧，本轮跳过评分,skip,0,数据不足/本轮跳过,数据不足,数据不足,数据不足,数据不足,等待下一轮可核验行情后再评估,,,不判断隔夜,美股行情时间戳过旧，本轮跳过评分,行情时间戳过旧或关键字段不足时不输出价格、评分、止盈止损,,数据不足/本轮跳过,,,,,,不计胜率,等待下一轮可核验行情后再运行评分
2026-07-08,19:00:20,美股,US_STOCK_DATA_INSUFFICIENT,美股行情时间戳过旧，本轮跳过评分,skip,0,数据不足/本轮跳过,数据不足,数据不足,数据不足,数据不足,等待下一轮可核验行情后再评估,,,不判断隔夜,美股行情时间戳过旧，本轮跳过评分,行情时间戳过旧或关键字段不足时不输出价格、评分、止盈止损,,数据不足/本轮跳过,,,,,,不计胜率,等待下一轮可核验行情后再运行评分
2026-07-08,19:15:18,美股,US_STOCK_DATA_INSUFFICIENT,美股行情时间戳过旧，本轮跳过评分,skip,0,数据不足/本轮跳过,数据不足,数据不足,数据不足,数据不足,等待下一轮可核验行情后再评估,,,不判断隔夜,美股行情时间戳过旧，本轮跳过评分,行情时间戳过旧或关键字段不足时不输出价格、评分、止盈止损,,数据不足/本轮跳过,,,,,,不计胜率,等待下一轮可核验行情后再运行评分
2026-07-08,19:30:21,美股,US_STOCK_DATA_INSUFFICIENT,美股行情时间戳过旧，本轮跳过评分,skip,0,数据不足/本轮跳过,数据不足,数据不足,数据不足,数据不足,等待下一轮可核验行情后再评估,,,不判断隔夜,美股行情时间戳过旧，本轮跳过评分,行情时间戳过旧或关键字段不足时不输出价格、评分、止盈止损,,数据不足/本轮跳过,,,,,,不计胜率,等待下一轮可核验行情后再运行评分
2026-07-08,19:45:22,美股,US_STOCK_DATA_INSUFFICIENT,美股行情时间戳过旧，本轮跳过评分,skip,0,数据不足/本轮跳过,数据不足,数据不足,数据不足,数据不足,等待下一轮可核验行情后再评估,,,不判断隔夜,美股行情时间戳过旧，本轮跳过评分,行情时间戳过旧或关键字段不足时不输出价格、评分、止盈止损,,数据不足/本轮跳过,,,,,,不计胜率,等待下一轮可核验行情后再运行评分
2026-07-08,20:00:26,美股,US_STOCK_DATA_INSUFFICIENT,美股行情时间戳过旧，本轮跳过评分,skip,0,数据不足/本轮跳过,数据不足,数据不足,数据不足,数据不足,等待下一轮可核验行情后再评估,,,不判断隔夜,美股行情时间戳过旧，本轮跳过评分,行情时间戳过旧或关键字段不足时不输出价格、评分、止盈止损,,数据不足/本轮跳过,,,,,,不计胜率,等待下一轮可核验行情后再运行评分
2026-07-08,20:15:17,美股,US_STOCK_DATA_INSUFFICIENT,美股行情时间戳过旧，本轮跳过评分,skip,0,数据不足/本轮跳过,数据不足,数据不足,数据不足,数据不足,等待下一轮可核验行情后再评估,,,不判断隔夜,美股行情时间戳过旧，本轮跳过评分,行情时间戳过旧或关键字段不足时不输出价格、评分、止盈止损,,数据不足/本轮跳过,,,,,,不计胜率,等待下一轮可核验行情后再运行评分
2026-07-08,20:30:19,美股,US_STOCK_DATA_INSUFFICIENT,美股行情时间戳过旧，本轮跳过评分,skip,0,数据不足/本轮跳过,数据不足,数据不足,数据不足,数据不足,等待下一轮可核验行情后再评估,,,不判断隔夜,美股行情时间戳过旧，本轮跳过评分,行情时间戳过旧或关键字段不足时不输出价格、评分、止盈止损,,数据不足/本轮跳过,,,,,,不计胜率,等待下一轮可核验行情后再运行评分
2026-07-08,20:45:34,美股,US_STOCK_DATA_INSUFFICIENT,美股行情时间戳过旧，本轮跳过评分,skip,0,数据不足/本轮跳过,数据不足,数据不足,数据不足,数据不足,等待下一轮可核验行情后再评估,,,不判断隔夜,美股行情时间戳过旧，本轮跳过评分,行情时间戳过旧或关键字段不足时不输出价格、评分、止盈止损,,数据不足/本轮跳过,,,,,,不计胜率,等待下一轮可核验行情后再运行评分
2026-07-08,21:00:35,美股,US_STOCK_DATA_INSUFFICIENT,美股行情时间戳过旧，本轮跳过评分,skip,0,数据不足/本轮跳过,数据不足,数据不足,数据不足,数据不足,等待下一轮可核验行情后再评估,,,不判断隔夜,美股行情时间戳过旧，本轮跳过评分,行情时间戳过旧或关键字段不足时不输出价格、评分、止盈止损,,数据不足/本轮跳过,,,,,,不计胜率,等待下一轮可核验行情后再运行评分
2026-07-08,21:30:46,美股,US_STOCK_DATA_INSUFFICIENT,美股行情时间戳过旧，本轮跳过评分,skip,0,数据不足/本轮跳过,数据不足,数据不足,数据不足,数据不足,等待下一轮可核验行情后再评估,,,不判断隔夜,美股行情时间戳过旧，本轮跳过评分,行情时间戳过旧或关键字段不足时不输出价格、评分、止盈止损,,数据不足/本轮跳过,,,,,,不计胜率,等待下一轮可核验行情后再运行评分
2026-07-08,21:45:42,美股,US_STOCK_DATA_INSUFFICIENT,美股行情时间戳过旧，本轮跳过评分,skip,0,数据不足/本轮跳过,数据不足,数据不足,数据不足,数据不足,等待下一轮可核验行情后再评估,,,不判断隔夜,美股行情时间戳过旧，本轮跳过评分,行情时间戳过旧或关键字段不足时不输出价格、评分、止盈止损,,数据不足/本轮跳过,,,,,,不计胜率,等待下一轮可核验行情后再运行评分
2026-07-08,22:00:47,美股,US_STOCK_DATA_INSUFFICIENT,美股行情时间戳过旧，本轮跳过评分,skip,0,数据不足/本轮跳过,数据不足,数据不足,数据不足,数据不足,等待下一轮可核验行情后再评估,,,不判断隔夜,美股行情时间戳过旧，本轮跳过评分,行情时间戳过旧或关键字段不足时不输出价格、评分、止盈止损,,数据不足/本轮跳过,,,,,,不计胜率,等待下一轮可核验行情后再运行评分
2026-07-08,22:15:42,美股,US_STOCK_DATA_INSUFFICIENT,美股行情时间戳过旧，本轮跳过评分,skip,0,数据不足/本轮跳过,数据不足,数据不足,数据不足,数据不足,等待下一轮可核验行情后再评估,,,不判断隔夜,美股行情时间戳过旧，本轮跳过评分,行情时间戳过旧或关键字段不足时不输出价格、评分、止盈止损,,数据不足/本轮跳过,,,,,,不计胜率,等待下一轮可核验行情后再运行评分
2026-07-08,22:30:56,美股,US_STOCK_DATA_INSUFFICIENT,美股行情时间戳过旧，本轮跳过评分,skip,0,数据不足/本轮跳过,数据不足,数据不足,数据不足,数据不足,等待下一轮可核验行情后再评估,,,不判断隔夜,美股行情时间戳过旧，本轮跳过评分,行情时间戳过旧或关键字段不足时不输出价格、评分、止盈止损,,数据不足/本轮跳过,,,,,,不计胜率,等待下一轮可核验行情后再运行评分
2026-07-08,22:45:47,美股,US_STOCK_DATA_INSUFFICIENT,美股行情时间戳过旧，本轮跳过评分,skip,0,数据不足/本轮跳过,数据不足,数据不足,数据不足,数据不足,等待下一轮可核验行情后再评估,,,不判断隔夜,美股行情时间戳过旧，本轮跳过评分,行情时间戳过旧或关键字段不足时不输出价格、评分、止盈止损,,数据不足/本轮跳过,,,,,,不计胜率,等待下一轮可核验行情后再运行评分
2026-07-09,03:00:29,A股,A_SHARE_DATA_INSUFFICIENT,A股行情时间戳过旧，本轮跳过评分,skip,0,数据不足/本轮跳过,数据不足,数据不足,数据不足,数据不足,等待下一轮可核验行情后再评估,,,不判断隔夜,A股行情时间戳过旧，本轮跳过评分,行情时间戳过旧或关键字段不足时不输出价格、评分、止盈止损,,数据不足/本轮跳过,,,,,,不计胜率,等待下一轮可核验行情后再运行评分
2026-07-09,03:15:15,A股,A_SHARE_DATA_INSUFFICIENT,A股行情时间戳过旧，本轮跳过评分,skip,0,数据不足/本轮跳过,数据不足,数据不足,数据不足,数据不足,等待下一轮可核验行情后再评估,,,不判断隔夜,A股行情时间戳过旧，本轮跳过评分,行情时间戳过旧或关键字段不足时不输出价格、评分、止盈止损,,数据不足/本轮跳过,,,,,,不计胜率,等待下一轮可核验行情后再运行评分
2026-07-09,03:30:14,A股,A_SHARE_DATA_INSUFFICIENT,A股行情时间戳过旧，本轮跳过评分,skip,0,数据不足/本轮跳过,数据不足,数据不足,数据不足,数据不足,等待下一轮可核验行情后再评估,,,不判断隔夜,A股行情时间戳过旧，本轮跳过评分,行情时间戳过旧或关键字段不足时不输出价格、评分、止盈止损,,数据不足/本轮跳过,,,,,,不计胜率,等待下一轮可核验行情后再运行评分
2026-07-09,03:45:14,A股,A_SHARE_DATA_INSUFFICIENT,A股行情时间戳过旧，本轮跳过评分,skip,0,数据不足/本轮跳过,数据不足,数据不足,数据不足,数据不足,等待下一轮可核验行情后再评估,,,不判断隔夜,A股行情时间戳过旧，本轮跳过评分,行情时间戳过旧或关键字段不足时不输出价格、评分、止盈止损,,数据不足/本轮跳过,,,,,,不计胜率,等待下一轮可核验行情后再运行评分
2026-07-09,04:00:14,A股,A_SHARE_DATA_INSUFFICIENT,A股行情时间戳过旧，本轮跳过评分,skip,0,数据不足/本轮跳过,数据不足,数据不足,数据不足,数据不足,等待下一轮可核验行情后再评估,,,不判断隔夜,A股行情时间戳过旧，本轮跳过评分,行情时间戳过旧或关键字段不足时不输出价格、评分、止盈止损,,数据不足/本轮跳过,,,,,,不计胜率,等待下一轮可核验行情后再运行评分
2026-07-09,04:15:14,A股,A_SHARE_DATA_INSUFFICIENT,A股行情时间戳过旧，本轮跳过评分,skip,0,数据不足/本轮跳过,数据不足,数据不足,数据不足,数据不足,等待下一轮可核验行情后再评估,,,不判断隔夜,A股行情时间戳过旧，本轮跳过评分,行情时间戳过旧或关键字段不足时不输出价格、评分、止盈止损,,数据不足/本轮跳过,,,,,,不计胜率,等待下一轮可核验行情后再运行评分
2026-07-09,04:30:14,A股,A_SHARE_DATA_INSUFFICIENT,A股行情时间戳过旧，本轮跳过评分,skip,0,数据不足/本轮跳过,数据不足,数据不足,数据不足,数据不足,等待下一轮可核验行情后再评估,,,不判断隔夜,A股行情时间戳过旧，本轮跳过评分,行情时间戳过旧或关键字段不足时不输出价格、评分、止盈止损,,数据不足/本轮跳过,,,,,,不计胜率,等待下一轮可核验行情后再运行评分
2026-07-09,04:45:15,A股,A_SHARE_DATA_INSUFFICIENT,A股行情时间戳过旧，本轮跳过评分,skip,0,数据不足/本轮跳过,数据不足,数据不足,数据不足,数据不足,等待下一轮可核验行情后再评估,,,不判断隔夜,A股行情时间戳过旧，本轮跳过评分,行情时间戳过旧或关键字段不足时不输出价格、评分、止盈止损,,数据不足/本轮跳过,,,,,,不计胜率,等待下一轮可核验行情后再运行评分
2026-07-09,05:00:15,A股,A_SHARE_DATA_INSUFFICIENT,A股行情时间戳过旧，本轮跳过评分,skip,0,数据不足/本轮跳过,数据不足,数据不足,数据不足,数据不足,等待下一轮可核验行情后再评估,,,不判断隔夜,A股行情时间戳过旧，本轮跳过评分,行情时间戳过旧或关键字段不足时不输出价格、评分、止盈止损,,数据不足/本轮跳过,,,,,,不计胜率,等待下一轮可核验行情后再运行评分
2026-07-09,05:15:16,A股,A_SHARE_DATA_INSUFFICIENT,A股行情时间戳过旧，本轮跳过评分,skip,0,数据不足/本轮跳过,数据不足,数据不足,数据不足,数据不足,等待下一轮可核验行情后再评估,,,不判断隔夜,A股行情时间戳过旧，本轮跳过评分,行情时间戳过旧或关键字段不足时不输出价格、评分、止盈止损,,数据不足/本轮跳过,,,,,,不计胜率,等待下一轮可核验行情后再运行评分
2026-07-09,05:30:15,A股,A_SHARE_DATA_INSUFFICIENT,A股行情时间戳过旧，本轮跳过评分,skip,0,数据不足/本轮跳过,数据不足,数据不足,数据不足,数据不足,等待下一轮可核验行情后再评估,,,不判断隔夜,A股行情时间戳过旧，本轮跳过评分,行情时间戳过旧或关键字段不足时不输出价格、评分、止盈止损,,数据不足/本轮跳过,,,,,,不计胜率,等待下一轮可核验行情后再运行评分
2026-07-09,05:45:18,A股,A_SHARE_DATA_INSUFFICIENT,A股行情时间戳过旧，本轮跳过评分,skip,0,数据不足/本轮跳过,数据不足,数据不足,数据不足,数据不足,等待下一轮可核验行情后再评估,,,不判断隔夜,A股行情时间戳过旧，本轮跳过评分,行情时间戳过旧或关键字段不足时不输出价格、评分、止盈止损,,数据不足/本轮跳过,,,,,,不计胜率,等待下一轮可核验行情后再运行评分
2026-07-09,07:00:16,A股,A_SHARE_DATA_INSUFFICIENT,A股行情时间戳过旧，本轮跳过评分,skip,0,数据不足/本轮跳过,数据不足,数据不足,数据不足,数据不足,等待下一轮可核验行情后再评估,,,不判断隔夜,A股行情时间戳过旧，本轮跳过评分,行情时间戳过旧或关键字段不足时不输出价格、评分、止盈止损,,数据不足/本轮跳过,,,,,,不计胜率,等待下一轮可核验行情后再运行评分
2026-07-09,07:15:15,A股,A_SHARE_DATA_INSUFFICIENT,A股行情时间戳过旧，本轮跳过评分,skip,0,数据不足/本轮跳过,数据不足,数据不足,数据不足,数据不足,等待下一轮可核验行情后再评估,,,不判断隔夜,A股行情时间戳过旧，本轮跳过评分,行情时间戳过旧或关键字段不足时不输出价格、评分、止盈止损,,数据不足/本轮跳过,,,,,,不计胜率,等待下一轮可核验行情后再运行评分
2026-07-09,07:30:15,A股,A_SHARE_DATA_INSUFFICIENT,A股行情时间戳过旧，本轮跳过评分,skip,0,数据不足/本轮跳过,数据不足,数据不足,数据不足,数据不足,等待下一轮可核验行情后再评估,,,不判断隔夜,A股行情时间戳过旧，本轮跳过评分,行情时间戳过旧或关键字段不足时不输出价格、评分、止盈止损,,数据不足/本轮跳过,,,,,,不计胜率,等待下一轮可核验行情后再运行评分
2026-07-09,07:45:20,A股,A_SHARE_DATA_INSUFFICIENT,A股行情时间戳过旧，本轮跳过评分,skip,0,数据不足/本轮跳过,数据不足,数据不足,数据不足,数据不足,等待下一轮可核验行情后再评估,,,不判断隔夜,A股行情时间戳过旧，本轮跳过评分,行情时间戳过旧或关键字段不足时不输出价格、评分、止盈止损,,数据不足/本轮跳过,,,,,,不计胜率,等待下一轮可核验行情后再运行评分
2026-07-09,08:00:18,A股,A_SHARE_DATA_INSUFFICIENT,A股行情时间戳过旧，本轮跳过评分,skip,0,数据不足/本轮跳过,数据不足,数据不足,数据不足,数据不足,等待下一轮可核验行情后再评估,,,不判断隔夜,A股行情时间戳过旧，本轮跳过评分,行情时间戳过旧或关键字段不足时不输出价格、评分、止盈止损,,数据不足/本轮跳过,,,,,,不计胜率,等待下一轮可核验行情后再运行评分
2026-07-09,08:15:16,A股,A_SHARE_DATA_INSUFFICIENT,A股行情时间戳过旧，本轮跳过评分,skip,0,数据不足/本轮跳过,数据不足,数据不足,数据不足,数据不足,等待下一轮可核验行情后再评估,,,不判断隔夜,A股行情时间戳过旧，本轮跳过评分,行情时间戳过旧或关键字段不足时不输出价格、评分、止盈止损,,数据不足/本轮跳过,,,,,,不计胜率,等待下一轮可核验行情后再运行评分
2026-07-09,08:30:13,A股,A_SHARE_DATA_INSUFFICIENT,A股行情时间戳过旧，本轮跳过评分,skip,0,数据不足/本轮跳过,数据不足,数据不足,数据不足,数据不足,等待下一轮可核验行情后再评估,,,不判断隔夜,A股行情时间戳过旧，本轮跳过评分,行情时间戳过旧或关键字段不足时不输出价格、评分、止盈止损,,数据不足/本轮跳过,,,,,,不计胜率,等待下一轮可核验行情后再运行评分
2026-07-09,08:45:16,A股,A_SHARE_DATA_INSUFFICIENT,A股行情时间戳过旧，本轮跳过评分,skip,0,数据不足/本轮跳过,数据不足,数据不足,数据不足,数据不足,等待下一轮可核验行情后再评估,,,不判断隔夜,A股行情时间戳过旧，本轮跳过评分,行情时间戳过旧或关键字段不足时不输出价格、评分、止盈止损,,数据不足/本轮跳过,,,,,,不计胜率,等待下一轮可核验行情后再运行评分
2026-07-09,16:52:52,美股,US_STOCK_DATA_INSUFFICIENT,美股行情时间戳过旧，本轮跳过评分,skip,0,数据不足/本轮跳过,数据不足,数据不足,数据不足,数据不足,等待下一轮可核验行情后再评估,,,不判断隔夜,美股行情时间戳过旧，本轮跳过评分,行情时间戳过旧或关键字段不足时不输出价格、评分、止盈止损,,数据不足/本轮跳过,,,,,,不计胜率,等待下一轮可核验行情后再运行评分
2026-07-09,17:00:42,美股,US_STOCK_DATA_INSUFFICIENT,美股行情时间戳过旧，本轮跳过评分,skip,0,数据不足/本轮跳过,数据不足,数据不足,数据不足,数据不足,等待下一轮可核验行情后再评估,,,不判断隔夜,美股行情时间戳过旧，本轮跳过评分,行情时间戳过旧或关键字段不足时不输出价格、评分、止盈止损,,数据不足/本轮跳过,,,,,,不计胜率,等待下一轮可核验行情后再运行评分
2026-07-09,17:15:42,美股,US_STOCK_DATA_INSUFFICIENT,美股行情时间戳过旧，本轮跳过评分,skip,0,数据不足/本轮跳过,数据不足,数据不足,数据不足,数据不足,等待下一轮可核验行情后再评估,,,不判断隔夜,美股行情时间戳过旧，本轮跳过评分,行情时间戳过旧或关键字段不足时不输出价格、评分、止盈止损,,数据不足/本轮跳过,,,,,,不计胜率,等待下一轮可核验行情后再运行评分
2026-07-09,17:30:42,美股,US_STOCK_DATA_INSUFFICIENT,美股行情时间戳过旧，本轮跳过评分,skip,0,数据不足/本轮跳过,数据不足,数据不足,数据不足,数据不足,等待下一轮可核验行情后再评估,,,不判断隔夜,美股行情时间戳过旧，本轮跳过评分,行情时间戳过旧或关键字段不足时不输出价格、评分、止盈止损,,数据不足/本轮跳过,,,,,,不计胜率,等待下一轮可核验行情后再运行评分
2026-07-09,17:45:42,美股,US_STOCK_DATA_INSUFFICIENT,美股行情时间戳过旧，本轮跳过评分,skip,0,数据不足/本轮跳过,数据不足,数据不足,数据不足,数据不足,等待下一轮可核验行情后再评估,,,不判断隔夜,美股行情时间戳过旧，本轮跳过评分,行情时间戳过旧或关键字段不足时不输出价格、评分、止盈止损,,数据不足/本轮跳过,,,,,,不计胜率,等待下一轮可核验行情后再运行评分
2026-07-09,18:00:42,美股,US_STOCK_DATA_INSUFFICIENT,美股行情时间戳过旧，本轮跳过评分,skip,0,数据不足/本轮跳过,数据不足,数据不足,数据不足,数据不足,等待下一轮可核验行情后再评估,,,不判断隔夜,美股行情时间戳过旧，本轮跳过评分,行情时间戳过旧或关键字段不足时不输出价格、评分、止盈止损,,数据不足/本轮跳过,,,,,,不计胜率,等待下一轮可核验行情后再运行评分
2026-07-09,18:15:52,美股,US_STOCK_DATA_INSUFFICIENT,美股行情时间戳过旧，本轮跳过评分,skip,0,数据不足/本轮跳过,数据不足,数据不足,数据不足,数据不足,等待下一轮可核验行情后再评估,,,不判断隔夜,美股行情时间戳过旧，本轮跳过评分,行情时间戳过旧或关键字段不足时不输出价格、评分、止盈止损,,数据不足/本轮跳过,,,,,,不计胜率,等待下一轮可核验行情后再运行评分
2026-07-10,09:18:29,A股,A_SHARE_DATA_INSUFFICIENT,A股行情时间戳过旧，本轮跳过评分,skip,0,数据不足/本轮跳过,数据不足,数据不足,数据不足,数据不足,等待下一轮可核验行情后再评估,,,不判断隔夜,A股行情时间戳过旧，本轮跳过评分,行情时间戳过旧或关键字段不足时不输出价格、评分、止盈止损,,数据不足/本轮跳过,,,,,,不计胜率,等待下一轮可核验行情后再运行评分
2026-07-10,09:18:30,美股,US_STOCK_DATA_INSUFFICIENT,美股行情时间戳过旧，本轮跳过评分,skip,0,数据不足/本轮跳过,数据不足,数据不足,数据不足,数据不足,等待下一轮可核验行情后再评估,,,不判断隔夜,美股行情时间戳过旧，本轮跳过评分,行情时间戳过旧或关键字段不足时不输出价格、评分、止盈止损,,数据不足/本轮跳过,,,,,,不计胜率,等待下一轮可核验行情后再运行评分
2026-07-10,15:00:20,美股,US_STOCK_DATA_INSUFFICIENT,美股行情时间戳过旧，本轮跳过评分,skip,0,数据不足/本轮跳过,数据不足,数据不足,数据不足,数据不足,等待下一轮可核验行情后再评估,,,不判断隔夜,美股行情时间戳过旧，本轮跳过评分,行情时间戳过旧或关键字段不足时不输出价格、评分、止盈止损,,数据不足/本轮跳过,,,,,,不计胜率,等待下一轮可核验行情后再运行评分
2026-07-10,15:15:17,美股,US_STOCK_DATA_INSUFFICIENT,美股行情时间戳过旧，本轮跳过评分,skip,0,数据不足/本轮跳过,数据不足,数据不足,数据不足,数据不足,等待下一轮可核验行情后再评估,,,不判断隔夜,美股行情时间戳过旧，本轮跳过评分,行情时间戳过旧或关键字段不足时不输出价格、评分、止盈止损,,数据不足/本轮跳过,,,,,,不计胜率,等待下一轮可核验行情后再运行评分
2026-07-10,15:30:16,美股,US_STOCK_DATA_INSUFFICIENT,美股行情时间戳过旧，本轮跳过评分,skip,0,数据不足/本轮跳过,数据不足,数据不足,数据不足,数据不足,等待下一轮可核验行情后再评估,,,不判断隔夜,美股行情时间戳过旧，本轮跳过评分,行情时间戳过旧或关键字段不足时不输出价格、评分、止盈止损,,数据不足/本轮跳过,,,,,,不计胜率,等待下一轮可核验行情后再运行评分
2026-07-10,15:45:33,美股,US_STOCK_DATA_INSUFFICIENT,美股行情时间戳过旧，本轮跳过评分,skip,0,数据不足/本轮跳过,数据不足,数据不足,数据不足,数据不足,等待下一轮可核验行情后再评估,,,不判断隔夜,美股行情时间戳过旧，本轮跳过评分,行情时间戳过旧或关键字段不足时不输出价格、评分、止盈止损,,数据不足/本轮跳过,,,,,,不计胜率,等待下一轮可核验行情后再运行评分
2026-07-10,16:00:33,美股,US_STOCK_DATA_INSUFFICIENT,美股行情时间戳过旧，本轮跳过评分,skip,0,数据不足/本轮跳过,数据不足,数据不足,数据不足,数据不足,等待下一轮可核验行情后再评估,,,不判断隔夜,美股行情时间戳过旧，本轮跳过评分,行情时间戳过旧或关键字段不足时不输出价格、评分、止盈止损,,数据不足/本轮跳过,,,,,,不计胜率,等待下一轮可核验行情后再运行评分
2026-07-10,16:15:29,美股,US_STOCK_DATA_INSUFFICIENT,美股行情时间戳过旧，本轮跳过评分,skip,0,数据不足/本轮跳过,数据不足,数据不足,数据不足,数据不足,等待下一轮可核验行情后再评估,,,不判断隔夜,美股行情时间戳过旧，本轮跳过评分,行情时间戳过旧或关键字段不足时不输出价格、评分、止盈止损,,数据不足/本轮跳过,,,,,,不计胜率,等待下一轮可核验行情后再运行评分
2026-07-10,16:30:21,美股,US_STOCK_DATA_INSUFFICIENT,美股行情时间戳过旧，本轮跳过评分,skip,0,数据不足/本轮跳过,数据不足,数据不足,数据不足,数据不足,等待下一轮可核验行情后再评估,,,不判断隔夜,美股行情时间戳过旧，本轮跳过评分,行情时间戳过旧或关键字段不足时不输出价格、评分、止盈止损,,数据不足/本轮跳过,,,,,,不计胜率,等待下一轮可核验行情后再运行评分
2026-07-10,16:45:16,美股,US_STOCK_DATA_INSUFFICIENT,美股行情时间戳过旧，本轮跳过评分,skip,0,数据不足/本轮跳过,数据不足,数据不足,数据不足,数据不足,等待下一轮可核验行情后再评估,,,不判断隔夜,美股行情时间戳过旧，本轮跳过评分,行情时间戳过旧或关键字段不足时不输出价格、评分、止盈止损,,数据不足/本轮跳过,,,,,,不计胜率,等待下一轮可核验行情后再运行评分
2026-07-10,17:00:16,美股,US_STOCK_DATA_INSUFFICIENT,美股行情时间戳过旧，本轮跳过评分,skip,0,数据不足/本轮跳过,数据不足,数据不足,数据不足,数据不足,等待下一轮可核验行情后再评估,,,不判断隔夜,美股行情时间戳过旧，本轮跳过评分,行情时间戳过旧或关键字段不足时不输出价格、评分、止盈止损,,数据不足/本轮跳过,,,,,,不计胜率,等待下一轮可核验行情后再运行评分
2026-07-10,17:15:16,美股,US_STOCK_DATA_INSUFFICIENT,美股行情时间戳过旧，本轮跳过评分,skip,0,数据不足/本轮跳过,数据不足,数据不足,数据不足,数据不足,等待下一轮可核验行情后再评估,,,不判断隔夜,美股行情时间戳过旧，本轮跳过评分,行情时间戳过旧或关键字段不足时不输出价格、评分、止盈止损,,数据不足/本轮跳过,,,,,,不计胜率,等待下一轮可核验行情后再运行评分
2026-07-10,17:30:17,美股,US_STOCK_DATA_INSUFFICIENT,美股行情时间戳过旧，本轮跳过评分,skip,0,数据不足/本轮跳过,数据不足,数据不足,数据不足,数据不足,等待下一轮可核验行情后再评估,,,不判断隔夜,美股行情时间戳过旧，本轮跳过评分,行情时间戳过旧或关键字段不足时不输出价格、评分、止盈止损,,数据不足/本轮跳过,,,,,,不计胜率,等待下一轮可核验行情后再运行评分
2026-07-11,14:01:34,美股,US_STOCK_DATA_INSUFFICIENT,美股行情时间戳过旧，本轮跳过评分,skip,0,数据不足/本轮跳过,数据不足,数据不足,数据不足,数据不足,等待下一轮可核验行情后再评估,,,不判断隔夜,美股行情时间戳过旧，本轮跳过评分,行情时间戳过旧或关键字段不足时不输出价格、评分、止盈止损,,数据不足/本轮跳过,,,,,,不计胜率,等待下一轮可核验行情后再运行评分
2026-07-13,08:07:46,A股,A_SHARE_DATA_INSUFFICIENT,A股行情时间戳过旧，本轮跳过评分,skip,0,数据不足/本轮跳过,数据不足,数据不足,数据不足,数据不足,等待下一轮可核验行情后再评估,,,不判断隔夜,A股行情时间戳过旧，本轮跳过评分,行情时间戳过旧或关键字段不足时不输出价格、评分、止盈止损,,数据不足/本轮跳过,,,,,,不计胜率,等待下一轮可核验行情后再运行评分
2026-07-13,08:40:21,A股,300750,宁德时代,stock,1,盘中：强势观察,当前 359.06,356.19-361.21,371.63-377.01,350.08,跌破观察区下沿、弱于基准、板块转弱或出现公告/新闻风险,91,75,收盘前仍强于基准且无事件风险时，才进入隔夜观察,新能源电池；相对基准 6.0556%。,中风险；行业价格战;政策/销量预期,创业板指,已复盘,369.48,366.20,+2.90%,+1.99%,数据不足,命中,模拟执行后表现有效，保留相对强弱和量价过滤。
2026-07-13,08:40:21,A股,000333,美的集团,stock,2,盘中：强势观察,当前 80.40,79.76-80.88,83.21-84.42,78.39,跌破观察区下沿、弱于基准、板块转弱或出现公告/新闻风险,86,40,隔夜降权：只做观察，不作为自动模拟买入；需次日重新确认强于基准和尾盘承接。,家电/消费；相对基准 3.5714%。,低风险；消费周期;汇率/出口,沪深300,已复盘,82.15,81.80,+2.18%,+1.74%,数据不足,命中,模拟执行后表现有效，保留相对强弱和量价过滤。
2026-07-13,08:40:21,A股,600941,中国移动,stock,3,盘中：强势观察,当前 91.43,90.70-91.98,94.63-96.00,89.14,跌破观察区下沿、弱于基准、板块转弱或出现公告/新闻风险,86,40,隔夜降权：只做观察，不作为自动模拟买入；需次日重新确认强于基准和尾盘承接。,通信/高股息；相对基准 3.3979%。,低风险；政策/估值;低弹性,沪深300,已复盘,92.79,93.05,+1.49%,+1.77%,数据不足,命中,模拟执行后表现有效，保留相对强弱和量价过滤。
2026-07-13,08:40:21,A股,600036,招商银行,stock,4,盘中：强势观察,当前 37.25,36.95-37.47,38.55-39.11,36.32,跌破观察区下沿、弱于基准、板块转弱或出现公告/新闻风险,83,40,隔夜降权：只做观察，不作为自动模拟买入；需次日重新确认强于基准和尾盘承接。,银行；相对基准 2.7897%。,低风险；地产链风险;利率环境,沪深300,已复盘,37.70,37.67,+1.21%,+1.13%,数据不足,命中,模拟执行后表现有效，保留相对强弱和量价过滤。
2026-07-13,08:40:21,A股,600519,贵州茅台,stock,5,盘中：候选观察,当前 1210.99,1201.30-1218.26,1253.37-1271.54,1180.72,跌破观察区下沿、弱于基准、板块转弱或出现公告/新闻风险,77,40,隔夜降权：只做观察，不作为自动模拟买入；需次日重新确认强于基准和尾盘承接。,消费/白酒；相对基准 2.2852%。,低风险；消费预期;外资权重波动,沪深300,已复盘,1252.00,1258.99,+3.39%,+3.96%,数据不足,命中,模拟执行后表现有效，保留相对强弱和量价过滤。
2026-07-13,15:00:55,美股,AMZN,"Amazon.com, Inc.",stock,1,盘中：强势观察,当前 247.99,246.01-249.48,256.67-260.39,241.79,跌破观察区下沿、弱于基准、板块转弱或出现公告/新闻风险,86,65,收盘前仍强于基准且无事件风险时，才进入隔夜观察,云/电商/AI资本开支；相对基准 2.3234%。,中风险；利润率;资本开支;消费,QQQ,已跳过,,,,,,重复观察,同一股票同一交易日的15分钟重复观察已去重，不重复计入胜率。
2026-07-13,15:00:55,美股,AAPL,Apple Inc.,stock,2,盘中：候选观察,当前 321.25,318.68-323.18,332.49-337.31,313.22,跌破观察区下沿、弱于基准、板块转弱或出现公告/新闻风险,81,30,收盘前仍强于基准且无事件风险时，才进入隔夜观察,消费电子/大科技；相对基准 3.1239%。,中风险；产品周期;中国市场;监管,QQQ,已跳过,,,,,,重复观察,同一股票同一交易日的15分钟重复观察已去重，不重复计入胜率。
2026-07-13,15:00:55,美股,CRM,"Salesforce, Inc.",stock,3,盘中：候选观察,当前 167.15,165.81-168.15,173.00-175.51,162.97,跌破观察区下沿、弱于基准、板块转弱或出现公告/新闻风险,75,30,收盘前仍强于基准且无事件风险时，才进入隔夜观察,企业软件；相对基准 3.5884%。,中风险；业绩指引;估值,QQQ,已跳过,,,,,,重复观察,同一股票同一交易日的15分钟重复观察已去重，不重复计入胜率。
2026-07-13,15:00:55,美股,MSFT,Microsoft Corporation,stock,4,盘中：边缘观察,当前 387.21,384.11-389.53,400.76-406.57,377.53,跌破观察区下沿、弱于基准、板块转弱或出现公告/新闻风险,72,65,收盘前仍强于基准且无事件风险时，才进入隔夜观察,AI云/软件；相对基准 1.7912%。,中风险；监管;财报;AI资本开支担忧,QQQ,已跳过,,,,,,重复观察,同一股票同一交易日的15分钟重复观察已去重，不重复计入胜率。
2026-07-13,15:16:12,美股,AAPL,Apple Inc.,stock,1,盘中：候选观察,当前 321.31,318.74-323.24,332.56-337.38,313.28,跌破观察区下沿、弱于基准、板块转弱或出现公告/新闻风险,81,30,收盘前仍强于基准且无事件风险时，才进入隔夜观察,消费电子/大科技；相对基准 3.1788%。,中风险；产品周期;中国市场;监管,QQQ,已跳过,,,,,,重复观察,同一股票同一交易日的15分钟重复观察已去重，不重复计入胜率。
2026-07-13,15:16:12,美股,AMZN,"Amazon.com, Inc.",stock,2,盘中：候选观察,当前 247.04,245.06-248.52,255.69-259.39,240.86,跌破观察区下沿、弱于基准、板块转弱或出现公告/新闻风险,79,65,收盘前仍强于基准且无事件风险时，才进入隔夜观察,云/电商/AI资本开支；相对基准 1.972%。,中风险；利润率;资本开支;消费,QQQ,已跳过,,,,,,重复观察,同一股票同一交易日的15分钟重复观察已去重，不重复计入胜率。
2026-07-13,15:16:12,美股,CRM,"Salesforce, Inc.",stock,3,盘中：候选观察,当前 166.95,165.61-167.95,172.79-175.30,162.78,跌破观察区下沿、弱于基准、板块转弱或出现公告/新闻风险,75,30,收盘前仍强于基准且无事件风险时，才进入隔夜观察,企业软件；相对基准 3.5017%。,中风险；业绩指引;估值,QQQ,已跳过,,,,,,重复观察,同一股票同一交易日的15分钟重复观察已去重，不重复计入胜率。
2026-07-13,15:16:12,美股,MSFT,Microsoft Corporation,stock,4,盘中：边缘观察,当前 386.22,383.13-388.54,399.74-405.53,376.56,跌破观察区下沿、弱于基准、板块转弱或出现公告/新闻风险,72,65,收盘前仍强于基准且无事件风险时，才进入隔夜观察,AI云/软件；相对基准 1.5699%。,中风险；监管;财报;AI资本开支担忧,QQQ,已跳过,,,,,,重复观察,同一股票同一交易日的15分钟重复观察已去重，不重复计入胜率。
2026-07-13,15:31:24,美股,AMZN,"Amazon.com, Inc.",stock,1,盘中：候选观察,当前 246.36,244.39-247.84,254.98-258.68,240.20,跌破观察区下沿、弱于基准、板块转弱或出现公告/新闻风险,77,65,收盘前仍强于基准且无事件风险时，才进入隔夜观察,云/电商/AI资本开支；相对基准 1.4949%。,中风险；利润率;资本开支;消费,QQQ,已跳过,,,,,,重复观察,同一股票同一交易日的15分钟重复观察已去重，不重复计入胜率。
2026-07-13,15:31:24,美股,CRM,"Salesforce, Inc.",stock,2,盘中：候选观察,当前 167.68,166.34-168.69,173.55-176.06,163.49,跌破观察区下沿、弱于基准、板块转弱或出现公告/新闻风险,77,30,收盘前仍强于基准且无事件风险时，才进入隔夜观察,企业软件；相对基准 3.7488%。,中风险；业绩指引;估值,QQQ,已跳过,,,,,,重复观察,同一股票同一交易日的15分钟重复观察已去重，不重复计入胜率。
2026-07-13,15:31:24,美股,AAPL,Apple Inc.,stock,3,盘中：候选观察,当前 320.01,317.45-321.93,331.21-336.01,312.01,跌破观察区下沿、弱于基准、板块转弱或出现公告/新闻风险,76,30,收盘前仍强于基准且无事件风险时，才进入隔夜观察,消费电子/大科技；相对基准 2.5666%。,中风险；产品周期;中国市场;监管,QQQ,已跳过,,,,,,重复观察,同一股票同一交易日的15分钟重复观察已去重，不重复计入胜率。
2026-07-13,15:31:24,美股,PLTR,Palantir Technologies Inc.,stock,4,盘中：候选观察,当前 128.97,127.94-129.74,133.48-137.35,124.46,跌破观察区下沿、弱于基准、板块转弱或出现公告/新闻风险,75,30,收盘前仍强于基准且无事件风险时，才进入隔夜观察,AI软件/数据分析；相对基准 2.7986%。,高风险；估值;财报跳空;高波动,QQQ,已跳过,,,,,,重复观察,同一股票同一交易日的15分钟重复观察已去重，不重复计入胜率。
2026-07-13,15:31:24,美股,MSFT,Microsoft Corporation,stock,5,盘中：边缘观察,当前 385.53,382.45-387.84,399.02-404.81,375.89,跌破观察区下沿、弱于基准、板块转弱或出现公告/新闻风险,72,65,收盘前仍强于基准且无事件风险时，才进入隔夜观察,AI云/软件；相对基准 1.1909%。,中风险；监管;财报;AI资本开支担忧,QQQ,已跳过,,,,,,重复观察,同一股票同一交易日的15分钟重复观察已去重，不重复计入胜率。
2026-07-13,15:46:24,美股,CRM,"Salesforce, Inc.",stock,1,盘中：候选观察,当前 168.79,167.44-169.80,174.70-177.23,164.57,跌破观察区下沿、弱于基准、板块转弱或出现公告/新闻风险,80,30,收盘前仍强于基准且无事件风险时，才进入隔夜观察,企业软件；相对基准 4.7221%。,中风险；业绩指引;估值,QQQ,已跳过,,,,,,重复观察,同一股票同一交易日的15分钟重复观察已去重，不重复计入胜率。
2026-07-13,15:46:24,美股,AMZN,"Amazon.com, Inc.",stock,2,盘中：候选观察,当前 246.81,244.83-248.29,255.44-259.15,240.63,跌破观察区下沿、弱于基准、板块转弱或出现公告/新闻风险,79,65,收盘前仍强于基准且无事件风险时，才进入隔夜观察,云/电商/AI资本开支；相对基准 1.9699%。,中风险；利润率;资本开支;消费,QQQ,已跳过,,,,,,重复观察,同一股票同一交易日的15分钟重复观察已去重，不重复计入胜率。
2026-07-13,15:46:24,美股,AAPL,Apple Inc.,stock,3,盘中：候选观察,当前 318.92,316.37-320.83,330.08-334.87,310.95,跌破观察区下沿、弱于基准、板块转弱或出现公告/新闻风险,76,30,收盘前仍强于基准且无事件风险时，才进入隔夜观察,消费电子/大科技；相对基准 2.5145%。,中风险；产品周期;中国市场;监管,QQQ,已跳过,,,,,,重复观察,同一股票同一交易日的15分钟重复观察已去重，不重复计入胜率。
2026-07-13,15:46:24,美股,MSFT,Microsoft Corporation,stock,4,盘中：边缘观察,当前 386.13,383.04-388.45,399.64-405.44,376.48,跌破观察区下沿、弱于基准、板块转弱或出现公告/新闻风险,72,65,收盘前仍强于基准且无事件风险时，才进入隔夜观察,AI云/软件；相对基准 1.6403%。,中风险；监管;财报;AI资本开支担忧,QQQ,已跳过,,,,,,重复观察,同一股票同一交易日的15分钟重复观察已去重，不重复计入胜率。
2026-07-13,16:01:30,美股,AMZN,"Amazon.com, Inc.",stock,1,盘中：强势观察,当前 248.61,246.62-250.10,257.31-261.04,242.39,跌破观察区下沿、弱于基准、板块转弱或出现公告/新闻风险,86,65,收盘前仍强于基准且无事件风险时，才进入隔夜观察,云/电商/AI资本开支；相对基准 2.2956%。,中风险；利润率;资本开支;消费,QQQ,已跳过,,,,,,重复观察,同一股票同一交易日的15分钟重复观察已去重，不重复计入胜率。
2026-07-13,16:01:30,美股,MSFT,Microsoft Corporation,stock,2,盘中：强势观察,当前 389.83,386.71-392.17,403.47-409.32,380.08,跌破观察区下沿、弱于基准、板块转弱或出现公告/新闻风险,84,65,收盘前仍强于基准且无事件风险时，才进入隔夜观察,AI云/软件；相对基准 2.1911%。,中风险；监管;财报;AI资本开支担忧,QQQ,已跳过,,,,,,重复观察,同一股票同一交易日的15分钟重复观察已去重，不重复计入胜率。
2026-07-13,16:01:30,美股,CRM,"Salesforce, Inc.",stock,3,盘中：候选观察,当前 171.54,170.17-172.57,177.54-180.12,167.25,跌破观察区下沿、弱于基准、板块转弱或出现公告/新闻风险,80,30,收盘前仍强于基准且无事件风险时，才进入隔夜观察,企业软件；相对基准 5.9959%。,中风险；业绩指引;估值,QQQ,已跳过,,,,,,重复观察,同一股票同一交易日的15分钟重复观察已去重，不重复计入胜率。
2026-07-13,16:01:30,美股,AAPL,Apple Inc.,stock,4,盘中：边缘观察,当前 318.82,316.27-320.73,329.98-334.76,310.85,跌破观察区下沿、弱于基准、板块转弱或出现公告/新闻风险,73,30,收盘前仍强于基准且无事件风险时，才进入隔夜观察,消费电子/大科技；相对基准 2.0728%。,中风险；产品周期;中国市场;监管,QQQ,已复盘,313.64,314.86,-1.62%,-1.24%,数据不足,未触发,模拟执行未进入买入观察区，不计入胜率；继续检验观察区是否过窄。
2026-07-13,16:01:30,美股,PLTR,Palantir Technologies Inc.,stock,5,盘中：边缘观察,当前 128.62,127.60-129.40,133.13-136.99,124.12,跌破观察区下沿、弱于基准、板块转弱或出现公告/新闻风险,73,30,收盘前仍强于基准且无事件风险时，才进入隔夜观察,AI软件/数据分析；相对基准 2.4101%。,高风险；估值;财报跳空;高波动,QQQ,已跳过,,,,,,重复观察,同一股票同一交易日的15分钟重复观察已去重，不重复计入胜率。
2026-07-13,16:16:32,美股,AMZN,"Amazon.com, Inc.",stock,1,盘中：强势观察,当前 248.38,246.39-249.87,257.07-260.79,242.17,跌破观察区下沿、弱于基准、板块转弱或出现公告/新闻风险,86,65,收盘前仍强于基准且无事件风险时，才进入隔夜观察,云/电商/AI资本开支；相对基准 2.4321%。,中风险；利润率;资本开支;消费,QQQ,已跳过,,,,,,重复观察,同一股票同一交易日的15分钟重复观察已去重，不重复计入胜率。
2026-07-13,16:16:32,美股,MSFT,Microsoft Corporation,stock,2,盘中：强势观察,当前 390.06,386.94-392.40,403.71-409.56,380.30,跌破观察区下沿、弱于基准、板块转弱或出现公告/新闻风险,84,65,收盘前仍强于基准且无事件风险时，才进入隔夜观察,AI云/软件；相对基准 2.4819%。,中风险；监管;财报;AI资本开支担忧,QQQ,已跳过,,,,,,重复观察,同一股票同一交易日的15分钟重复观察已去重，不重复计入胜率。
2026-07-13,16:16:32,美股,CRM,"Salesforce, Inc.",stock,3,盘中：候选观察,当前 171.22,169.86-172.25,177.22-179.79,166.94,跌破观察区下沿、弱于基准、板块转弱或出现公告/新闻风险,80,30,收盘前仍强于基准且无事件风险时，才进入隔夜观察,企业软件；相对基准 6.0352%。,中风险；业绩指引;估值,QQQ,已跳过,,,,,,重复观察,同一股票同一交易日的15分钟重复观察已去重，不重复计入胜率。
2026-07-13,16:16:32,美股,PLTR,Palantir Technologies Inc.,stock,4,盘中：候选观察,当前 129.04,128.01-129.81,133.56-137.43,124.52,跌破观察区下沿、弱于基准、板块转弱或出现公告/新闻风险,75,30,收盘前仍强于基准且无事件风险时，才进入隔夜观察,AI软件/数据分析；相对基准 2.9696%。,高风险；估值;财报跳空;高波动,QQQ,已跳过,,,,,,重复观察,同一股票同一交易日的15分钟重复观察已去重，不重复计入胜率。
2026-07-13,16:32:23,美股,AMZN,"Amazon.com, Inc.",stock,1,盘中：强势观察,当前 248.61,246.62-250.10,257.31-261.04,242.39,跌破观察区下沿、弱于基准、板块转弱或出现公告/新闻风险,86,65,收盘前仍强于基准且无事件风险时，才进入隔夜观察,云/电商/AI资本开支；相对基准 2.3955%。,中风险；利润率;资本开支;消费,QQQ,已跳过,,,,,,重复观察,同一股票同一交易日的15分钟重复观察已去重，不重复计入胜率。
2026-07-13,16:32:23,美股,MSFT,Microsoft Corporation,stock,2,盘中：强势观察,当前 391.00,387.87-393.35,404.68-410.55,381.22,跌破观察区下沿、弱于基准、板块转弱或出现公告/新闻风险,84,65,收盘前仍强于基准且无事件风险时，才进入隔夜观察,AI云/软件；相对基准 2.5948%。,中风险；监管;财报;AI资本开支担忧,QQQ,已跳过,,,,,,重复观察,同一股票同一交易日的15分钟重复观察已去重，不重复计入胜率。
2026-07-13,16:32:23,美股,CRM,"Salesforce, Inc.",stock,3,盘中：候选观察,当前 171.60,170.23-172.63,177.61-180.18,167.31,跌破观察区下沿、弱于基准、板块转弱或出现公告/新闻风险,80,30,收盘前仍强于基准且无事件风险时，才进入隔夜观察,企业软件；相对基准 6.1325%。,中风险；业绩指引;估值,QQQ,已跳过,,,,,,重复观察,同一股票同一交易日的15分钟重复观察已去重，不重复计入胜率。
2026-07-13,16:32:23,美股,PLTR,Palantir Technologies Inc.,stock,4,盘中：候选观察,当前 130.12,129.08-130.90,134.67-138.58,125.57,跌破观察区下沿、弱于基准、板块转弱或出现公告/新闻风险,78,30,收盘前仍强于基准且无事件风险时，才进入隔夜观察,AI软件/数据分析；相对基准 3.6891%。,高风险；估值;财报跳空;高波动,QQQ,已跳过,,,,,,重复观察,同一股票同一交易日的15分钟重复观察已去重，不重复计入胜率。
2026-07-13,16:46:06,美股,AMZN,"Amazon.com, Inc.",stock,1,盘中：强势观察,当前 248.39,246.40-249.88,257.08-260.81,242.18,跌破观察区下沿、弱于基准、板块转弱或出现公告/新闻风险,86,65,收盘前仍强于基准且无事件风险时，才进入隔夜观察,云/电商/AI资本开支；相对基准 2.5554%。,中风险；利润率;资本开支;消费,QQQ,已跳过,,,,,,重复观察,同一股票同一交易日的15分钟重复观察已去重，不重复计入胜率。
2026-07-13,16:46:06,美股,MSFT,Microsoft Corporation,stock,2,盘中：强势观察,当前 391.04,387.91-393.39,404.73-410.59,381.26,跌破观察区下沿、弱于基准、板块转弱或出现公告/新闻风险,84,65,收盘前仍强于基准且无事件风险时，才进入隔夜观察,AI云/软件；相对基准 2.8547%。,中风险；监管;财报;AI资本开支担忧,QQQ,已跳过,,,,,,重复观察,同一股票同一交易日的15分钟重复观察已去重，不重复计入胜率。
2026-07-13,16:46:06,美股,CRM,"Salesforce, Inc.",stock,3,盘中：候选观察,当前 172.51,171.13-173.55,178.55-181.14,168.20,跌破观察区下沿、弱于基准、板块转弱或出现公告/新闻风险,80,30,收盘前仍强于基准且无事件风险时，才进入隔夜观察,企业软件；相对基准 6.9392%。,中风险；业绩指引;估值,QQQ,已跳过,,,,,,重复观察,同一股票同一交易日的15分钟重复观察已去重，不重复计入胜率。
2026-07-13,16:46:06,美股,PLTR,Palantir Technologies Inc.,stock,4,盘中：候选观察,当前 130.18,129.14-130.96,134.74-138.64,125.62,跌破观察区下沿、弱于基准、板块转弱或出现公告/新闻风险,78,30,收盘前仍强于基准且无事件风险时，才进入隔夜观察,AI软件/数据分析；相对基准 3.9859%。,高风险；估值;财报跳空;高波动,QQQ,已跳过,,,,,,重复观察,同一股票同一交易日的15分钟重复观察已去重，不重复计入胜率。
2026-07-13,17:01:09,美股,MSFT,Microsoft Corporation,stock,1,盘中：强势观察,当前 390.58,387.46-392.92,404.25-410.11,380.82,跌破观察区下沿、弱于基准、板块转弱或出现公告/新闻风险,84,65,收盘前仍强于基准且无事件风险时，才进入隔夜观察,AI云/软件；相对基准 2.8715%。,中风险；监管;财报;AI资本开支担忧,QQQ,已跳过,,,,,,重复观察,同一股票同一交易日的15分钟重复观察已去重，不重复计入胜率。
2026-07-13,17:01:09,美股,CRM,"Salesforce, Inc.",stock,2,盘中：候选观察,当前 171.72,170.35-172.76,177.74-180.31,167.43,跌破观察区下沿、弱于基准、板块转弱或出现公告/新闻风险,80,30,收盘前仍强于基准且无事件风险时，才进入隔夜观察,企业软件；相对基准 6.5948%。,中风险；业绩指引;估值,QQQ,已跳过,,,,,,重复观察,同一股票同一交易日的15分钟重复观察已去重，不重复计入胜率。
2026-07-13,17:01:09,美股,AMZN,"Amazon.com, Inc.",stock,3,盘中：候选观察,当前 247.78,245.80-249.27,256.45-260.17,241.59,跌破观察区下沿、弱于基准、板块转弱或出现公告/新闻风险,79,65,收盘前仍强于基准且无事件风险时，才进入隔夜观察,云/电商/AI资本开支；相对基准 2.443%。,中风险；利润率;资本开支;消费,QQQ,已跳过,,,,,,重复观察,同一股票同一交易日的15分钟重复观察已去重，不重复计入胜率。
2026-07-13,17:01:09,美股,PLTR,Palantir Technologies Inc.,stock,4,盘中：候选观察,当前 129.48,128.44-130.26,134.01-137.90,124.95,跌破观察区下沿、弱于基准、板块转弱或出现公告/新闻风险,78,30,收盘前仍强于基准且无事件风险时，才进入隔夜观察,AI软件/数据分析；相对基准 3.5701%。,高风险；估值;财报跳空;高波动,QQQ,已跳过,,,,,,重复观察,同一股票同一交易日的15分钟重复观察已去重，不重复计入胜率。
2026-07-13,17:16:12,美股,MSFT,Microsoft Corporation,stock,1,盘中：强势观察,当前 391.33,388.20-393.68,405.03-410.90,381.55,跌破观察区下沿、弱于基准、板块转弱或出现公告/新闻风险,87,65,收盘前仍强于基准且无事件风险时，才进入隔夜观察,AI云/软件；相对基准 3.0981%。,中风险；监管;财报;AI资本开支担忧,QQQ,已跳过,,,,,,重复观察,同一股票同一交易日的15分钟重复观察已去重，不重复计入胜率。
2026-07-13,17:16:12,美股,AMZN,"Amazon.com, Inc.",stock,2,盘中：强势观察,当前 248.03,246.05-249.52,256.71-260.43,241.83,跌破观察区下沿、弱于基准、板块转弱或出现公告/新闻风险,86,65,收盘前仍强于基准且无事件风险时，才进入隔夜观察,云/电商/AI资本开支；相对基准 2.5754%。,中风险；利润率;资本开支;消费,QQQ,已跳过,,,,,,重复观察,同一股票同一交易日的15分钟重复观察已去重，不重复计入胜率。
2026-07-13,17:16:12,美股,CRM,"Salesforce, Inc.",stock,3,盘中：候选观察,当前 171.93,170.55-172.96,177.94-180.52,167.63,跌破观察区下沿、弱于基准、板块转弱或出现公告/新闻风险,80,30,收盘前仍强于基准且无事件风险时，才进入隔夜观察,企业软件；相对基准 6.7478%。,中风险；业绩指引;估值,QQQ,已跳过,,,,,,重复观察,同一股票同一交易日的15分钟重复观察已去重，不重复计入胜率。
2026-07-13,17:16:12,美股,PLTR,Palantir Technologies Inc.,stock,4,盘中：候选观察,当前 129.48,128.44-130.26,134.01-137.90,124.95,跌破观察区下沿、弱于基准、板块转弱或出现公告/新闻风险,78,30,收盘前仍强于基准且无事件风险时，才进入隔夜观察,AI软件/数据分析；相对基准 3.6006%。,高风险；估值;财报跳空;高波动,QQQ,已跳过,,,,,,重复观察,同一股票同一交易日的15分钟重复观察已去重，不重复计入胜率。
2026-07-13,17:31:07,美股,MSFT,Microsoft Corporation,stock,1,盘中：强势观察,当前 391.83,388.70-394.18,405.54-411.42,382.03,跌破观察区下沿、弱于基准、板块转弱或出现公告/新闻风险,89,65,收盘前仍强于基准且无事件风险时，才进入隔夜观察,AI云/软件；相对基准 3.454%。,中风险；监管;财报;AI资本开支担忧,QQQ,已跳过,,,,,,重复观察,同一股票同一交易日的15分钟重复观察已去重，不重复计入胜率。
2026-07-13,17:31:07,美股,AMZN,"Amazon.com, Inc.",stock,2,盘中：强势观察,当前 247.98,246.00-249.47,256.66-260.38,241.78,跌破观察区下沿、弱于基准、板块转弱或出现公告/新闻风险,86,65,收盘前仍强于基准且无事件风险时，才进入隔夜观察,云/电商/AI资本开支；相对基准 2.7825%。,中风险；利润率;资本开支;消费,QQQ,已跳过,,,,,,重复观察,同一股票同一交易日的15分钟重复观察已去重，不重复计入胜率。
2026-07-13,17:31:07,美股,CRM,"Salesforce, Inc.",stock,3,盘中：强势观察,当前 172.24,170.86-173.27,178.27-180.85,167.93,跌破观察区下沿、弱于基准、板块转弱或出现公告/新闻风险,84,30,收盘前仍强于基准且无事件风险时，才进入隔夜观察,企业软件；相对基准 7.1681%。,中风险；业绩指引;估值,QQQ,已跳过,,,,,,重复观察,同一股票同一交易日的15分钟重复观察已去重，不重复计入胜率。
2026-07-13,17:31:07,美股,PLTR,Palantir Technologies Inc.,stock,4,盘中：候选观察,当前 129.38,128.35-130.16,133.91-137.80,124.86,跌破观察区下沿、弱于基准、板块转弱或出现公告/新闻风险,78,30,收盘前仍强于基准且无事件风险时，才进入隔夜观察,AI软件/数据分析；相对基准 3.7531%。,高风险；估值;财报跳空;高波动,QQQ,已跳过,,,,,,重复观察,同一股票同一交易日的15分钟重复观察已去重，不重复计入胜率。
2026-07-13,17:46:08,美股,MSFT,Microsoft Corporation,stock,1,盘中：强势观察,当前 392.94,389.80-395.30,406.70-412.59,383.12,跌破观察区下沿、弱于基准、板块转弱或出现公告/新闻风险,89,65,收盘前仍强于基准且无事件风险时，才进入隔夜观察,AI云/软件；相对基准 3.694%。,中风险；监管;财报;AI资本开支担忧,QQQ,已跳过,,,,,,重复观察,同一股票同一交易日的15分钟重复观察已去重，不重复计入胜率。
2026-07-13,17:46:08,美股,AMZN,"Amazon.com, Inc.",stock,2,盘中：强势观察,当前 248.44,246.45-249.93,257.13-260.86,242.22,跌破观察区下沿、弱于基准、板块转弱或出现公告/新闻风险,86,65,收盘前仍强于基准且无事件风险时，才进入隔夜观察,云/电商/AI资本开支；相对基准 2.9184%。,中风险；利润率;资本开支;消费,QQQ,已跳过,,,,,,重复观察,同一股票同一交易日的15分钟重复观察已去重，不重复计入胜率。
2026-07-13,17:46:08,美股,CRM,"Salesforce, Inc.",stock,3,盘中：强势观察,当前 172.65,171.27-173.69,178.69-181.28,168.33,跌破观察区下沿、弱于基准、板块转弱或出现公告/新闻风险,84,30,收盘前仍强于基准且无事件风险时，才进入隔夜观察,企业软件；相对基准 7.3696%。,中风险；业绩指引;估值,QQQ,已跳过,,,,,,重复观察,同一股票同一交易日的15分钟重复观察已去重，不重复计入胜率。
2026-07-13,17:46:08,美股,PLTR,Palantir Technologies Inc.,stock,4,盘中：候选观察,当前 129.88,128.84-130.66,134.42-138.32,125.33,跌破观察区下沿、弱于基准、板块转弱或出现公告/新闻风险,78,30,收盘前仍强于基准且无事件风险时，才进入隔夜观察,AI软件/数据分析；相对基准 4.0932%。,高风险；估值;财报跳空;高波动,QQQ,已跳过,,,,,,重复观察,同一股票同一交易日的15分钟重复观察已去重，不重复计入胜率。
2026-07-13,18:00:58,美股,MSFT,Microsoft Corporation,stock,1,盘中：强势观察,当前 393.08,389.94-395.44,406.84-412.74,383.26,跌破观察区下沿、弱于基准、板块转弱或出现公告/新闻风险,89,65,收盘前仍强于基准且无事件风险时，才进入隔夜观察,AI云/软件；相对基准 3.6958%。,中风险；监管;财报;AI资本开支担忧,QQQ,已跳过,,,,,,重复观察,同一股票同一交易日的15分钟重复观察已去重，不重复计入胜率。
2026-07-13,18:00:58,美股,CRM,"Salesforce, Inc.",stock,2,盘中：强势观察,当前 172.09,170.71-173.12,178.11-180.69,167.78,跌破观察区下沿、弱于基准、板块转弱或出现公告/新闻风险,84,30,收盘前仍强于基准且无事件风险时，才进入隔夜观察,企业软件；相对基准 6.9891%。,中风险；业绩指引;估值,QQQ,已跳过,,,,,,重复观察,同一股票同一交易日的15分钟重复观察已去重，不重复计入胜率。
2026-07-13,18:00:58,美股,AMZN,"Amazon.com, Inc.",stock,3,盘中：候选观察,当前 247.69,245.71-249.18,256.36-260.08,241.50,跌破观察区下沿、弱于基准、板块转弱或出现公告/新闻风险,79,65,收盘前仍强于基准且无事件风险时，才进入隔夜观察,云/电商/AI资本开支；相对基准 2.5822%。,中风险；利润率;资本开支;消费,QQQ,已跳过,,,,,,重复观察,同一股票同一交易日的15分钟重复观察已去重，不重复计入胜率。
2026-07-13,18:00:58,美股,PLTR,Palantir Technologies Inc.,stock,4,盘中：候选观察,当前 130.10,129.06-130.89,134.66-138.56,125.55,跌破观察区下沿、弱于基准、板块转弱或出现公告/新闻风险,78,30,收盘前仍强于基准且无事件风险时，才进入隔夜观察,AI软件/数据分析；相对基准 4.2369%。,高风险；估值;财报跳空;高波动,QQQ,已跳过,,,,,,重复观察,同一股票同一交易日的15分钟重复观察已去重，不重复计入胜率。
2026-07-13,18:16:20,美股,MSFT,Microsoft Corporation,stock,1,盘中：强势观察,当前 392.74,389.59-395.09,406.48-412.37,382.92,跌破观察区下沿、弱于基准、板块转弱或出现公告/新闻风险,89,65,收盘前仍强于基准且无事件风险时，才进入隔夜观察,AI云/软件；相对基准 3.7014%。,中风险；监管;财报;AI资本开支担忧,QQQ,已跳过,,,,,,重复观察,同一股票同一交易日的15分钟重复观察已去重，不重复计入胜率。
2026-07-13,18:16:20,美股,AMZN,"Amazon.com, Inc.",stock,2,盘中：强势观察,当前 248.10,246.12-249.59,256.78-260.50,241.90,跌破观察区下沿、弱于基准、板块转弱或出现公告/新闻风险,86,65,收盘前仍强于基准且无事件风险时，才进入隔夜观察,云/电商/AI资本开支；相对基准 2.8438%。,中风险；利润率;资本开支;消费,QQQ,已跳过,,,,,,重复观察,同一股票同一交易日的15分钟重复观察已去重，不重复计入胜率。
2026-07-13,18:16:20,美股,CRM,"Salesforce, Inc.",stock,3,盘中：强势观察,当前 172.06,170.68-173.09,178.08-180.66,167.76,跌破观察区下沿、弱于基准、板块转弱或出现公告/新闻风险,84,30,收盘前仍强于基准且无事件风险时，才进入隔夜观察,企业软件；相对基准 7.0703%。,中风险；业绩指引;估值,QQQ,已跳过,,,,,,重复观察,同一股票同一交易日的15分钟重复观察已去重，不重复计入胜率。
2026-07-13,18:16:20,美股,PLTR,Palantir Technologies Inc.,stock,4,盘中：候选观察,当前 130.09,129.04-130.87,134.64-138.54,125.53,跌破观察区下沿、弱于基准、板块转弱或出现公告/新闻风险,78,30,收盘前仍强于基准且无事件风险时，才进入隔夜观察,AI软件/数据分析；相对基准 4.3176%。,高风险；估值;财报跳空;高波动,QQQ,已跳过,,,,,,重复观察,同一股票同一交易日的15分钟重复观察已去重，不重复计入胜率。
2026-07-13,18:31:08,美股,MSFT,Microsoft Corporation,stock,1,盘中：强势观察,当前 392.50,389.36-394.86,406.24-412.12,382.69,跌破观察区下沿、弱于基准、板块转弱或出现公告/新闻风险,89,65,收盘前仍强于基准且无事件风险时，才进入隔夜观察,AI云/软件；相对基准 3.6307%。,中风险；监管;财报;AI资本开支担忧,QQQ,已跳过,,,,,,重复观察,同一股票同一交易日的15分钟重复观察已去重，不重复计入胜率。
2026-07-13,18:31:08,美股,AMZN,"Amazon.com, Inc.",stock,2,盘中：强势观察,当前 248.46,246.47-249.95,257.15-260.88,242.24,跌破观察区下沿、弱于基准、板块转弱或出现公告/新闻风险,86,65,收盘前仍强于基准且无事件风险时，才进入隔夜观察,云/电商/AI资本开支；相对基准 2.9788%。,中风险；利润率;资本开支;消费,QQQ,已跳过,,,,,,重复观察,同一股票同一交易日的15分钟重复观察已去重，不重复计入胜率。
2026-07-13,18:31:08,美股,CRM,"Salesforce, Inc.",stock,3,盘中：强势观察,当前 172.01,170.64-173.05,178.04-180.62,167.71,跌破观察区下沿、弱于基准、板块转弱或出现公告/新闻风险,84,30,收盘前仍强于基准且无事件风险时，才进入隔夜观察,企业软件；相对基准 7.033%。,中风险；业绩指引;估值,QQQ,已跳过,,,,,,重复观察,同一股票同一交易日的15分钟重复观察已去重，不重复计入胜率。
2026-07-13,18:31:08,美股,PLTR,Palantir Technologies Inc.,stock,4,盘中：候选观察,当前 129.24,128.21-130.02,133.76-137.64,124.72,跌破观察区下沿、弱于基准、板块转弱或出现公告/新闻风险,77,30,收盘前仍强于基准且无事件风险时，才进入隔夜观察,AI软件/数据分析；相对基准 3.6414%。,高风险；估值;财报跳空;高波动,QQQ,已跳过,,,,,,重复观察,同一股票同一交易日的15分钟重复观察已去重，不重复计入胜率。
2026-07-13,18:46:11,美股,MSFT,Microsoft Corporation,stock,1,盘中：强势观察,当前 392.58,389.44-394.94,406.32-412.21,382.77,跌破观察区下沿、弱于基准、板块转弱或出现公告/新闻风险,89,65,收盘前仍强于基准且无事件风险时，才进入隔夜观察,AI云/软件；相对基准 3.6639%。,中风险；监管;财报;AI资本开支担忧,QQQ,已跳过,,,,,,重复观察,同一股票同一交易日的15分钟重复观察已去重，不重复计入胜率。
2026-07-13,18:46:11,美股,AMZN,"Amazon.com, Inc.",stock,2,盘中：强势观察,当前 248.53,246.54-250.02,257.23-260.96,242.32,跌破观察区下沿、弱于基准、板块转弱或出现公告/新闻风险,89,65,收盘前仍强于基准且无事件风险时，才进入隔夜观察,云/电商/AI资本开支；相对基准 3.023%。,中风险；利润率;资本开支;消费,QQQ,已跳过,,,,,,重复观察,同一股票同一交易日的15分钟重复观察已去重，不重复计入胜率。
2026-07-13,18:46:11,美股,CRM,"Salesforce, Inc.",stock,3,盘中：强势观察,当前 171.31,169.94-172.34,177.31-179.88,167.03,跌破观察区下沿、弱于基准、板块转弱或出现公告/新闻风险,84,30,收盘前仍强于基准且无事件风险时，才进入隔夜观察,企业软件；相对基准 6.6137%。,中风险；业绩指引;估值,QQQ,已跳过,,,,,,重复观察,同一股票同一交易日的15分钟重复观察已去重，不重复计入胜率。
2026-07-13,18:46:11,美股,PLTR,Palantir Technologies Inc.,stock,4,盘中：候选观察,当前 129.03,128.00-129.80,133.55-137.42,124.51,跌破观察区下沿、弱于基准、板块转弱或出现公告/新闻风险,77,30,收盘前仍强于基准且无事件风险时，才进入隔夜观察,AI软件/数据分析；相对基准 3.4874%。,高风险；估值;财报跳空;高波动,QQQ,已跳过,,,,,,重复观察,同一股票同一交易日的15分钟重复观察已去重，不重复计入胜率。
2026-07-13,19:01:05,美股,MSFT,Microsoft Corporation,stock,1,盘中：强势观察,当前 392.08,388.94-394.43,405.80-411.68,382.28,跌破观察区下沿、弱于基准、板块转弱或出现公告/新闻风险,89,65,收盘前仍强于基准且无事件风险时，才进入隔夜观察,AI云/软件；相对基准 3.5768%。,中风险；监管;财报;AI资本开支担忧,QQQ,已跳过,,,,,,重复观察,同一股票同一交易日的15分钟重复观察已去重，不重复计入胜率。
2026-07-13,19:01:05,美股,AMZN,"Amazon.com, Inc.",stock,2,盘中：强势观察,当前 247.96,245.98-249.45,256.64-260.36,241.76,跌破观察区下沿、弱于基准、板块转弱或出现公告/新闻风险,86,65,收盘前仍强于基准且无事件风险时，才进入隔夜观察,云/电商/AI资本开支；相对基准 2.8322%。,中风险；利润率;资本开支;消费,QQQ,已跳过,,,,,,重复观察,同一股票同一交易日的15分钟重复观察已去重，不重复计入胜率。
2026-07-13,19:01:05,美股,CRM,"Salesforce, Inc.",stock,3,盘中：强势观察,当前 170.84,169.47-171.87,176.82-179.38,166.57,跌破观察区下沿、弱于基准、板块转弱或出现公告/新闻风险,84,30,收盘前仍强于基准且无事件风险时，才进入隔夜观察,企业软件；相对基准 6.3688%。,中风险；业绩指引;估值,QQQ,已跳过,,,,,,重复观察,同一股票同一交易日的15分钟重复观察已去重，不重复计入胜率。
2026-07-13,19:01:05,美股,PLTR,Palantir Technologies Inc.,stock,4,盘中：候选观察,当前 128.92,127.89-129.69,133.43-137.30,124.41,跌破观察区下沿、弱于基准、板块转弱或出现公告/新闻风险,77,30,收盘前仍强于基准且无事件风险时，才进入隔夜观察,AI软件/数据分析；相对基准 3.4442%。,高风险；估值;财报跳空;高波动,QQQ,已跳过,,,,,,重复观察,同一股票同一交易日的15分钟重复观察已去重，不重复计入胜率。
2026-07-13,19:16:08,美股,MSFT,Microsoft Corporation,stock,1,盘中：强势观察,当前 392.12,388.98-394.47,405.84-411.72,382.31,跌破观察区下沿、弱于基准、板块转弱或出现公告/新闻风险,89,65,收盘前仍强于基准且无事件风险时，才进入隔夜观察,AI云/软件；相对基准 3.5641%。,中风险；监管;财报;AI资本开支担忧,QQQ,已跳过,,,,,,重复观察,同一股票同一交易日的15分钟重复观察已去重，不重复计入胜率。
2026-07-13,19:16:08,美股,AMZN,"Amazon.com, Inc.",stock,2,盘中：强势观察,当前 248.17,246.18-249.66,256.86-260.58,241.97,跌破观察区下沿、弱于基准、板块转弱或出现公告/新闻风险,86,65,收盘前仍强于基准且无事件风险时，才进入隔夜观察,云/电商/AI资本开支；相对基准 2.8957%。,中风险；利润率;资本开支;消费,QQQ,已跳过,,,,,,重复观察,同一股票同一交易日的15分钟重复观察已去重，不重复计入胜率。
2026-07-13,19:16:08,美股,CRM,"Salesforce, Inc.",stock,3,盘中：强势观察,当前 170.72,169.35-171.74,176.70-179.26,166.45,跌破观察区下沿、弱于基准、板块转弱或出现公告/新闻风险,84,30,收盘前仍强于基准且无事件风险时，才进入隔夜观察,企业软件；相对基准 6.2732%。,中风险；业绩指引;估值,QQQ,已跳过,,,,,,重复观察,同一股票同一交易日的15分钟重复观察已去重，不重复计入胜率。
2026-07-13,19:16:08,美股,PLTR,Palantir Technologies Inc.,stock,4,盘中：候选观察,当前 129.56,128.52-130.34,134.09-137.98,125.03,跌破观察区下沿、弱于基准、板块转弱或出现公告/新闻风险,78,30,收盘前仍强于基准且无事件风险时，才进入隔夜观察,AI软件/数据分析；相对基准 3.9269%。,高风险；估值;财报跳空;高波动,QQQ,已跳过,,,,,,重复观察,同一股票同一交易日的15分钟重复观察已去重，不重复计入胜率。
2026-07-13,19:31:09,美股,MSFT,Microsoft Corporation,stock,1,盘中：强势观察,当前 392.30,389.16-394.65,406.03-411.92,382.49,跌破观察区下沿、弱于基准、板块转弱或出现公告/新闻风险,89,65,收盘前仍强于基准且无事件风险时，才进入隔夜观察,AI云/软件；相对基准 3.7883%。,中风险；监管;财报;AI资本开支担忧,QQQ,已跳过,,,,,,重复观察,同一股票同一交易日的15分钟重复观察已去重，不重复计入胜率。
2026-07-13,19:31:09,美股,AMZN,"Amazon.com, Inc.",stock,2,盘中：强势观察,当前 248.61,246.62-250.10,257.31-261.04,242.39,跌破观察区下沿、弱于基准、板块转弱或出现公告/新闻风险,89,65,收盘前仍强于基准且无事件风险时，才进入隔夜观察,云/电商/AI资本开支；相对基准 3.2515%。,中风险；利润率;资本开支;消费,QQQ,已跳过,,,,,,重复观察,同一股票同一交易日的15分钟重复观察已去重，不重复计入胜率。
2026-07-13,19:31:09,美股,CRM,"Salesforce, Inc.",stock,3,盘中：强势观察,当前 170.63,169.26-171.65,176.60-179.16,166.36,跌破观察区下沿、弱于基准、板块转弱或出现公告/新闻风险,83,30,收盘前仍强于基准且无事件风险时，才进入隔夜观察,企业软件；相对基准 6.3946%。,中风险；业绩指引;估值,QQQ,已跳过,,,,,,重复观察,同一股票同一交易日的15分钟重复观察已去重，不重复计入胜率。
2026-07-13,19:31:09,美股,PLTR,Palantir Technologies Inc.,stock,4,盘中：候选观察,当前 129.28,128.25-130.06,133.80-137.68,124.76,跌破观察区下沿、弱于基准、板块转弱或出现公告/新闻风险,77,30,收盘前仍强于基准且无事件风险时，才进入隔夜观察,AI软件/数据分析；相对基准 3.8826%。,高风险；估值;财报跳空;高波动,QQQ,已跳过,,,,,,重复观察,同一股票同一交易日的15分钟重复观察已去重，不重复计入胜率。
2026-07-13,19:46:22,美股,MSFT,Microsoft Corporation,stock,1,盘中：强势观察,当前 392.83,389.69-395.19,406.58-412.48,383.01,跌破观察区下沿、弱于基准、板块转弱或出现公告/新闻风险,89,65,收盘前仍强于基准且无事件风险时，才进入隔夜观察,AI云/软件；相对基准 3.7963%。,中风险；监管;财报;AI资本开支担忧,QQQ,已跳过,,,,,,重复观察,同一股票同一交易日的15分钟重复观察已去重，不重复计入胜率。
2026-07-13,19:46:22,美股,AMZN,"Amazon.com, Inc.",stock,2,盘中：强势观察,当前 249.45,247.45-250.95,258.18-261.92,243.21,跌破观察区下沿、弱于基准、板块转弱或出现公告/新闻风险,89,65,收盘前仍强于基准且无事件风险时，才进入隔夜观察,云/电商/AI资本开支；相对基准 3.4629%。,中风险；利润率;资本开支;消费,QQQ,已跳过,,,,,,重复观察,同一股票同一交易日的15分钟重复观察已去重，不重复计入胜率。
2026-07-13,19:46:22,美股,CRM,"Salesforce, Inc.",stock,3,盘中：强势观察,当前 170.56,169.20-171.58,176.53-179.09,166.30,跌破观察区下沿、弱于基准、板块转弱或出现公告/新闻风险,83,30,收盘前仍强于基准且无事件风险时，才进入隔夜观察,企业软件；相对基准 6.2207%。,中风险；业绩指引;估值,QQQ,已跳过,,,,,,重复观察,同一股票同一交易日的15分钟重复观察已去重，不重复计入胜率。
2026-07-13,19:46:22,美股,PLTR,Palantir Technologies Inc.,stock,4,盘中：候选观察,当前 129.90,128.86-130.68,134.45-138.34,125.35,跌破观察区下沿、弱于基准、板块转弱或出现公告/新闻风险,78,30,收盘前仍强于基准且无事件风险时，才进入隔夜观察,AI软件/数据分析；相对基准 4.2406%。,高风险；估值;财报跳空;高波动,QQQ,已跳过,,,,,,重复观察,同一股票同一交易日的15分钟重复观察已去重，不重复计入胜率。
2026-07-13,20:01:02,美股,MSFT,Microsoft Corporation,stock,1,盘中：强势观察,当前 392.77,389.63-395.13,406.52-412.41,382.95,跌破观察区下沿、弱于基准、板块转弱或出现公告/新闻风险,89,65,收盘前仍强于基准且无事件风险时，才进入隔夜观察,AI云/软件；相对基准 3.8276%。,中风险；监管;财报;AI资本开支担忧,QQQ,已复盘,382.51,384.93,-2.61%,-2.00%,数据不足,失败,模拟买入后收盘或相对表现不足，降低该条件权重。
2026-07-13,20:01:02,美股,AMZN,"Amazon.com, Inc.",stock,2,盘中：强势观察,当前 248.50,246.51-249.99,257.20-260.93,242.29,跌破观察区下沿、弱于基准、板块转弱或出现公告/新闻风险,89,65,收盘前仍强于基准且无事件风险时，才进入隔夜观察,云/电商/AI资本开支；相对基准 3.1239%。,中风险；利润率;资本开支;消费,QQQ,已复盘,245.53,247.49,-1.20%,-0.41%,数据不足,失败,模拟买入后收盘或相对表现不足，降低该条件权重。
2026-07-13,20:01:02,美股,CRM,"Salesforce, Inc.",stock,3,盘中：强势观察,当前 170.56,169.20-171.59,176.53-179.09,166.30,跌破观察区下沿、弱于基准、板块转弱或出现公告/新闻风险,83,30,收盘前仍强于基准且无事件风险时，才进入隔夜观察,企业软件；相对基准 6.272%。,中风险；业绩指引;估值,QQQ,已复盘,162.49,167.56,-4.73%,-1.76%,数据不足,未触发,模拟执行未进入买入观察区，不计入胜率；继续检验观察区是否过窄。
2026-07-13,20:01:02,美股,PLTR,Palantir Technologies Inc.,stock,4,盘中：候选观察,当前 129.68,128.64-130.45,134.21-138.10,125.14,跌破观察区下沿、弱于基准、板块转弱或出现公告/新闻风险,78,30,收盘前仍强于基准且无事件风险时，才进入隔夜观察,AI软件/数据分析；相对基准 4.1113%。,高风险；估值;财报跳空;高波动,QQQ,已复盘,123.61,133.72,-4.68%,+3.12%,数据不足,未触发,模拟执行未进入买入观察区，不计入胜率；继续检验观察区是否过窄。
2026-07-14,17:23:11,美股,MU,"Micron Technology, Inc.",stock,1,盘中：候选观察,当前 984.51,976.63-990.42,1018.97-1048.50,950.05,跌破观察区下沿、弱于基准、板块转弱或出现公告/新闻风险,80,65,收盘前仍强于基准且无事件风险时，才进入隔夜观察,存储芯片；相对基准 2.6729%。,高风险；周期波动;财报跳空;库存周期,SMH,已跳过,,,,,,重复观察,同一股票同一交易日的15分钟重复观察已去重，不重复计入胜率。
2026-07-14,17:23:11,美股,LRCX,Lam Research Corporation,stock,2,盘中：候选观察,当前 345.19,342.42-347.26,357.27-362.44,336.56,跌破观察区下沿、弱于基准、板块转弱或出现公告/新闻风险,80,65,收盘前仍强于基准且无事件风险时，才进入隔夜观察,半导体设备；相对基准 2.2294%。,中风险；订单周期;财报风险,SMH,已跳过,,,,,,重复观察,同一股票同一交易日的15分钟重复观察已去重，不重复计入胜率。
2026-07-14,17:23:11,美股,ASML,ASML Holding N.V.,stock,3,盘中：候选观察,当前 1776.98,1762.76-1787.64,1839.17-1865.83,1732.56,跌破观察区下沿、弱于基准、板块转弱或出现公告/新闻风险,78,65,收盘前仍强于基准且无事件风险时，才进入隔夜观察,半导体设备；相对基准 0.5538%。,中风险；出口限制;订单周期;欧洲ADR波动,SMH,已跳过,,,,,,重复观察,同一股票同一交易日的15分钟重复观察已去重，不重复计入胜率。
2026-07-14,17:23:11,美股,NVDA,NVIDIA Corporation,stock,4,盘中：候选观察,当前 209.25,207.58-210.51,216.57-222.85,201.93,跌破观察区下沿、弱于基准、板块转弱或出现公告/新闻风险,77,65,收盘前仍强于基准且无事件风险时，才进入隔夜观察,AI芯片/加速器；相对基准 0.4137%。,高风险；高估值;新闻/财报跳空;高波动,SMH,已跳过,,,,,,重复观察,同一股票同一交易日的15分钟重复观察已去重，不重复计入胜率。
2026-07-14,17:23:11,美股,KLAC,KLA Corporation,stock,5,盘中：候选观察,当前 231.48,229.63-232.87,239.58-243.05,225.69,跌破观察区下沿、弱于基准、板块转弱或出现公告/新闻风险,76,65,收盘前仍强于基准且无事件风险时，才进入隔夜观察,半导体设备/检测；相对基准 1.7555%。,中风险；估值;财报风险,SMH,已跳过,,,,,,重复观察,同一股票同一交易日的15分钟重复观察已去重，不重复计入胜率。
2026-07-14,17:33:01,美股,MU,"Micron Technology, Inc.",stock,1,盘中：候选观察,当前 983.73,975.86-989.63,1018.16-1047.67,949.30,跌破观察区下沿、弱于基准、板块转弱或出现公告/新闻风险,80,65,收盘前仍强于基准且无事件风险时，才进入隔夜观察,存储芯片；相对基准 2.6171%。,高风险；周期波动;财报跳空;库存周期,SMH,已跳过,,,,,,重复观察,同一股票同一交易日的15分钟重复观察已去重，不重复计入胜率。
2026-07-14,17:33:01,美股,LRCX,Lam Research Corporation,stock,2,盘中：候选观察,当前 344.50,341.74-346.57,356.56-361.73,335.89,跌破观察区下沿、弱于基准、板块转弱或出现公告/新闻风险,80,65,收盘前仍强于基准且无事件风险时，才进入隔夜观察,半导体设备；相对基准 2.0492%。,中风险；订单周期;财报风险,SMH,已跳过,,,,,,重复观察,同一股票同一交易日的15分钟重复观察已去重，不重复计入胜率。
2026-07-14,17:33:01,美股,ASML,ASML Holding N.V.,stock,3,盘中：候选观察,当前 1776.38,1762.17-1787.04,1838.56-1865.20,1731.97,跌破观察区下沿、弱于基准、板块转弱或出现公告/新闻风险,78,65,收盘前仍强于基准且无事件风险时，才进入隔夜观察,半导体设备；相对基准 0.5466%。,中风险；出口限制;订单周期;欧洲ADR波动,SMH,已跳过,,,,,,重复观察,同一股票同一交易日的15分钟重复观察已去重，不重复计入胜率。
2026-07-14,17:33:01,美股,NVDA,NVIDIA Corporation,stock,4,盘中：候选观察,当前 209.49,207.81-210.75,216.82-223.11,202.16,跌破观察区下沿、弱于基准、板块转弱或出现公告/新闻风险,77,65,收盘前仍强于基准且无事件风险时，才进入隔夜观察,AI芯片/加速器；相对基准 0.559%。,高风险；高估值;新闻/财报跳空;高波动,SMH,已跳过,,,,,,重复观察,同一股票同一交易日的15分钟重复观察已去重，不重复计入胜率。
2026-07-14,17:33:01,美股,PLTR,Palantir Technologies Inc.,stock,5,盘中：候选观察,当前 133.95,132.88-134.75,138.64-142.66,129.26,跌破观察区下沿、弱于基准、板块转弱或出现公告/新闻风险,77,30,收盘前仍强于基准且无事件风险时，才进入隔夜观察,AI软件/数据分析；相对基准 1.9543%。,高风险；估值;财报跳空;高波动,QQQ,已跳过,,,,,,重复观察,同一股票同一交易日的15分钟重复观察已去重，不重复计入胜率。
2026-07-14,17:46:12,美股,MU,"Micron Technology, Inc.",stock,1,盘中：高风险强势观察,当前 989.53,981.61-995.47,1024.16-1053.85,954.90,跌破观察区下沿、弱于基准、板块转弱或出现公告/新闻风险,85,65,收盘前仍强于基准且无事件风险时，才进入隔夜观察,存储芯片；相对基准 3.1012%。,高风险；周期波动;财报跳空;库存周期,SMH,已跳过,,,,,,重复观察,同一股票同一交易日的15分钟重复观察已去重，不重复计入胜率。
2026-07-14,17:46:12,美股,ASML,ASML Holding N.V.,stock,2,盘中：候选观察,当前 1778.07,1763.85-1788.74,1840.30-1866.97,1733.62,跌破观察区下沿、弱于基准、板块转弱或出现公告/新闻风险,80,65,收盘前仍强于基准且无事件风险时，才进入隔夜观察,半导体设备；相对基准 0.5094%。,中风险；出口限制;订单周期;欧洲ADR波动,SMH,已跳过,,,,,,重复观察,同一股票同一交易日的15分钟重复观察已去重，不重复计入胜率。
2026-07-14,17:46:12,美股,AMAT,"Applied Materials, Inc.",stock,3,盘中：候选观察,当前 595.91,591.14-599.49,616.77-625.71,581.01,跌破观察区下沿、弱于基准、板块转弱或出现公告/新闻风险,80,65,收盘前仍强于基准且无事件风险时，才进入隔夜观察,半导体设备；相对基准 1.0613%。,中风险；订单周期;财报风险,SMH,已跳过,,,,,,重复观察,同一股票同一交易日的15分钟重复观察已去重，不重复计入胜率。
2026-07-14,17:46:12,美股,LRCX,Lam Research Corporation,stock,4,盘中：候选观察,当前 345.74,342.97-347.81,357.84-363.03,337.10,跌破观察区下沿、弱于基准、板块转弱或出现公告/新闻风险,80,65,收盘前仍强于基准且无事件风险时，才进入隔夜观察,半导体设备；相对基准 2.2901%。,中风险；订单周期;财报风险,SMH,已跳过,,,,,,重复观察,同一股票同一交易日的15分钟重复观察已去重，不重复计入胜率。
2026-07-14,17:46:12,美股,NVDA,NVIDIA Corporation,stock,5,盘中：候选观察,当前 210.05,208.37-211.31,217.40-223.70,202.70,跌破观察区下沿、弱于基准、板块转弱或出现公告/新闻风险,79,65,收盘前仍强于基准且无事件风险时，才进入隔夜观察,AI芯片/加速器；相对基准 0.6993%。,高风险；高估值;新闻/财报跳空;高波动,SMH,已跳过,,,,,,重复观察,同一股票同一交易日的15分钟重复观察已去重，不重复计入胜率。
2026-07-14,18:01:00,美股,MU,"Micron Technology, Inc.",stock,1,盘中：高风险强势观察,当前 988.38,980.47-994.31,1022.97-1052.62,953.79,跌破观察区下沿、弱于基准、板块转弱或出现公告/新闻风险,82,65,收盘前仍强于基准且无事件风险时，才进入隔夜观察,存储芯片；相对基准 2.6899%。,高风险；周期波动;财报跳空;库存周期,SMH,已跳过,,,,,,重复观察,同一股票同一交易日的15分钟重复观察已去重，不重复计入胜率。
2026-07-14,18:01:00,美股,NVDA,NVIDIA Corporation,stock,2,盘中：候选观察,当前 210.87,209.18-212.14,218.25-224.58,203.49,跌破观察区下沿、弱于基准、板块转弱或出现公告/新闻风险,81,65,收盘前仍强于基准且无事件风险时，才进入隔夜观察,AI芯片/加速器；相对基准 0.8136%。,高风险；高估值;新闻/财报跳空;高波动,SMH,已跳过,,,,,,重复观察,同一股票同一交易日的15分钟重复观察已去重，不重复计入胜率。
2026-07-14,18:01:00,美股,ASML,ASML Holding N.V.,stock,3,盘中：候选观察,当前 1781.18,1766.93-1791.87,1843.52-1870.24,1736.65,跌破观察区下沿、弱于基准、板块转弱或出现公告/新闻风险,81,65,收盘前仍强于基准且无事件风险时，才进入隔夜观察,半导体设备；相对基准 0.401%。,中风险；出口限制;订单周期;欧洲ADR波动,SMH,已跳过,,,,,,重复观察,同一股票同一交易日的15分钟重复观察已去重，不重复计入胜率。
2026-07-14,18:01:00,美股,LRCX,Lam Research Corporation,stock,4,盘中：候选观察,当前 346.74,343.97-348.82,358.88-364.08,338.07,跌破观察区下沿、弱于基准、板块转弱或出现公告/新闻风险,80,65,收盘前仍强于基准且无事件风险时，才进入隔夜观察,半导体设备；相对基准 2.3046%。,中风险；订单周期;财报风险,SMH,已跳过,,,,,,重复观察,同一股票同一交易日的15分钟重复观察已去重，不重复计入胜率。
2026-07-14,18:01:00,美股,AMAT,"Applied Materials, Inc.",stock,5,盘中：候选观察,当前 596.62,591.85-600.20,617.51-626.46,581.71,跌破观察区下沿、弱于基准、板块转弱或出现公告/新闻风险,77,65,收盘前仍强于基准且无事件风险时，才进入隔夜观察,半导体设备；相对基准 0.8969%。,中风险；订单周期;财报风险,SMH,已跳过,,,,,,重复观察,同一股票同一交易日的15分钟重复观察已去重，不重复计入胜率。
2026-07-14,18:16:20,美股,NVDA,NVIDIA Corporation,stock,1,盘中：高风险强势观察,当前 211.43,209.74-212.70,218.83-225.18,204.03,跌破观察区下沿、弱于基准、板块转弱或出现公告/新闻风险,84,65,收盘前仍强于基准且无事件风险时，才进入隔夜观察,AI芯片/加速器；相对基准 1.0678%。,高风险；高估值;新闻/财报跳空;高波动,SMH,已跳过,,,,,,重复观察,同一股票同一交易日的15分钟重复观察已去重，不重复计入胜率。
2026-07-14,18:16:20,美股,GOOGL,Alphabet Inc.,stock,2,盘中：强势观察,当前 357.29,354.43-359.43,369.80-375.15,348.36,跌破观察区下沿、弱于基准、板块转弱或出现公告/新闻风险,83,65,收盘前仍强于基准且无事件风险时，才进入隔夜观察,AI应用/广告/云；相对基准 0.1168%。,中风险；监管;广告周期;财报跳空,QQQ,已跳过,,,,,,重复观察,同一股票同一交易日的15分钟重复观察已去重，不重复计入胜率。
2026-07-14,18:16:20,美股,ASML,ASML Holding N.V.,stock,3,盘中：候选观察,当前 1786.73,1772.44-1797.46,1849.27-1876.07,1742.07,跌破观察区下沿、弱于基准、板块转弱或出现公告/新闻风险,81,65,收盘前仍强于基准且无事件风险时，才进入隔夜观察,半导体设备；相对基准 0.7006%。,中风险；出口限制;订单周期;欧洲ADR波动,SMH,已跳过,,,,,,重复观察,同一股票同一交易日的15分钟重复观察已去重，不重复计入胜率。
2026-07-14,18:16:20,美股,MU,"Micron Technology, Inc.",stock,4,盘中：候选观察,当前 986.44,978.55-992.36,1020.97-1050.56,951.91,跌破观察区下沿、弱于基准、板块转弱或出现公告/新闻风险,80,65,收盘前仍强于基准且无事件风险时，才进入隔夜观察,存储芯片；相对基准 2.4606%。,高风险；周期波动;财报跳空;库存周期,SMH,已跳过,,,,,,重复观察,同一股票同一交易日的15分钟重复观察已去重，不重复计入胜率。
2026-07-14,18:16:20,美股,AMAT,"Applied Materials, Inc.",stock,5,盘中：候选观察,当前 598.78,593.99-602.37,619.74-628.72,583.81,跌破观察区下沿、弱于基准、板块转弱或出现公告/新闻风险,80,65,收盘前仍强于基准且无事件风险时，才进入隔夜观察,半导体设备；相对基准 1.2493%。,中风险；订单周期;财报风险,SMH,已跳过,,,,,,重复观察,同一股票同一交易日的15分钟重复观察已去重，不重复计入胜率。
2026-07-14,18:31:10,美股,ASML,ASML Holding N.V.,stock,1,盘中：强势观察,当前 1791.85,1777.51-1802.60,1854.56-1881.44,1747.05,跌破观察区下沿、弱于基准、板块转弱或出现公告/新闻风险,83,65,收盘前仍强于基准且无事件风险时，才进入隔夜观察,半导体设备；相对基准 0.8806%。,中风险；出口限制;订单周期;欧洲ADR波动,SMH,已跳过,,,,,,重复观察,同一股票同一交易日的15分钟重复观察已去重，不重复计入胜率。
2026-07-14,18:31:10,美股,GOOGL,Alphabet Inc.,stock,2,盘中：强势观察,当前 358.85,355.98-361.00,371.41-376.79,349.88,跌破观察区下沿、弱于基准、板块转弱或出现公告/新闻风险,83,65,收盘前仍强于基准且无事件风险时，才进入隔夜观察,AI应用/广告/云；相对基准 0.4413%。,中风险；监管;广告周期;财报跳空,QQQ,已跳过,,,,,,重复观察,同一股票同一交易日的15分钟重复观察已去重，不重复计入胜率。
2026-07-14,18:31:10,美股,NVDA,NVIDIA Corporation,stock,3,盘中：候选观察,当前 211.22,209.53-212.49,218.61-224.95,203.83,跌破观察区下沿、弱于基准、板块转弱或出现公告/新闻风险,81,65,收盘前仍强于基准且无事件风险时，才进入隔夜观察,AI芯片/加速器；相对基准 0.8472%。,高风险；高估值;新闻/财报跳空;高波动,SMH,已跳过,,,,,,重复观察,同一股票同一交易日的15分钟重复观察已去重，不重复计入胜率。
2026-07-14,18:31:10,美股,MU,"Micron Technology, Inc.",stock,4,盘中：候选观察,当前 986.41,978.52-992.33,1020.93-1050.53,951.89,跌破观察区下沿、弱于基准、板块转弱或出现公告/新闻风险,80,65,收盘前仍强于基准且无事件风险时，才进入隔夜观察,存储芯片；相对基准 2.3413%。,高风险；周期波动;财报跳空;库存周期,SMH,已跳过,,,,,,重复观察,同一股票同一交易日的15分钟重复观察已去重，不重复计入胜率。
2026-07-14,18:31:10,美股,AMAT,"Applied Materials, Inc.",stock,5,盘中：候选观察,当前 599.21,594.42-602.81,620.18-629.17,584.23,跌破观察区下沿、弱于基准、板块转弱或出现公告/新闻风险,80,65,收盘前仍强于基准且无事件风险时，才进入隔夜观察,半导体设备；相对基准 1.2079%。,中风险；订单周期;财报风险,SMH,已跳过,,,,,,重复观察,同一股票同一交易日的15分钟重复观察已去重，不重复计入胜率。
2026-07-14,18:46:18,美股,ASML,ASML Holding N.V.,stock,1,盘中：强势观察,当前 1791.90,1777.57-1802.65,1854.62-1881.50,1747.10,跌破观察区下沿、弱于基准、板块转弱或出现公告/新闻风险,83,65,收盘前仍强于基准且无事件风险时，才进入隔夜观察,半导体设备；相对基准 0.9555%。,中风险；出口限制;订单周期;欧洲ADR波动,SMH,已跳过,,,,,,重复观察,同一股票同一交易日的15分钟重复观察已去重，不重复计入胜率。
2026-07-14,18:46:18,美股,GOOGL,Alphabet Inc.,stock,2,盘中：强势观察,当前 358.50,355.63-360.65,371.05-376.43,349.54,跌破观察区下沿、弱于基准、板块转弱或出现公告/新闻风险,83,65,收盘前仍强于基准且无事件风险时，才进入隔夜观察,AI应用/广告/云；相对基准 0.4242%。,中风险；监管;广告周期;财报跳空,QQQ,已跳过,,,,,,重复观察,同一股票同一交易日的15分钟重复观察已去重，不重复计入胜率。
2026-07-14,18:46:18,美股,NVDA,NVIDIA Corporation,stock,3,盘中：候选观察,当前 210.78,209.09-212.04,218.16-224.48,203.40,跌破观察区下沿、弱于基准、板块转弱或出现公告/新闻风险,81,65,收盘前仍强于基准且无事件风险时，才进入隔夜观察,AI芯片/加速器；相对基准 0.7027%。,高风险；高估值;新闻/财报跳空;高波动,SMH,已跳过,,,,,,重复观察,同一股票同一交易日的15分钟重复观察已去重，不重复计入胜率。
2026-07-14,18:46:18,美股,MU,"Micron Technology, Inc.",stock,4,盘中：候选观察,当前 982.48,974.62-988.37,1016.87-1046.34,948.09,跌破观察区下沿、弱于基准、板块转弱或出现公告/新闻风险,80,65,收盘前仍强于基准且无事件风险时，才进入隔夜观察,存储芯片；相对基准 1.9936%。,高风险；周期波动;财报跳空;库存周期,SMH,已跳过,,,,,,重复观察,同一股票同一交易日的15分钟重复观察已去重，不重复计入胜率。
2026-07-14,18:46:18,美股,AMAT,"Applied Materials, Inc.",stock,5,盘中：候选观察,当前 599.10,594.31-602.69,620.07-629.06,584.12,跌破观察区下沿、弱于基准、板块转弱或出现公告/新闻风险,80,65,收盘前仍强于基准且无事件风险时，才进入隔夜观察,半导体设备；相对基准 1.2605%。,中风险；订单周期;财报风险,SMH,已跳过,,,,,,重复观察,同一股票同一交易日的15分钟重复观察已去重，不重复计入胜率。
2026-07-14,19:01:12,美股,ASML,ASML Holding N.V.,stock,1,盘中：强势观察,当前 1791.10,1776.77-1801.85,1853.79-1880.65,1746.32,跌破观察区下沿、弱于基准、板块转弱或出现公告/新闻风险,83,65,收盘前仍强于基准且无事件风险时，才进入隔夜观察,半导体设备；相对基准 0.7588%。,中风险；出口限制;订单周期;欧洲ADR波动,SMH,已跳过,,,,,,重复观察,同一股票同一交易日的15分钟重复观察已去重，不重复计入胜率。
2026-07-14,19:01:12,美股,GOOGL,Alphabet Inc.,stock,2,盘中：强势观察,当前 357.73,354.87-359.88,370.25-375.62,348.79,跌破观察区下沿、弱于基准、板块转弱或出现公告/新闻风险,83,65,收盘前仍强于基准且无事件风险时，才进入隔夜观察,AI应用/广告/云；相对基准 0.1559%。,中风险；监管;广告周期;财报跳空,QQQ,已跳过,,,,,,重复观察,同一股票同一交易日的15分钟重复观察已去重，不重复计入胜率。
2026-07-14,19:01:12,美股,NVDA,NVIDIA Corporation,stock,3,盘中：候选观察,当前 211.21,209.52-212.48,218.60-224.94,203.82,跌破观察区下沿、弱于基准、板块转弱或出现公告/新闻风险,81,65,收盘前仍强于基准且无事件风险时，才进入隔夜观察,AI芯片/加速器；相对基准 0.7638%。,高风险；高估值;新闻/财报跳空;高波动,SMH,已跳过,,,,,,重复观察,同一股票同一交易日的15分钟重复观察已去重，不重复计入胜率。
2026-07-14,19:01:12,美股,MU,"Micron Technology, Inc.",stock,4,盘中：候选观察,当前 985.95,978.06-991.87,1020.46-1050.04,951.44,跌破观察区下沿、弱于基准、板块转弱或出现公告/新闻风险,80,65,收盘前仍强于基准且无事件风险时，才进入隔夜观察,存储芯片；相对基准 2.2136%。,高风险；周期波动;财报跳空;库存周期,SMH,已跳过,,,,,,重复观察,同一股票同一交易日的15分钟重复观察已去重，不重复计入胜率。
2026-07-14,19:01:12,美股,AMAT,"Applied Materials, Inc.",stock,5,盘中：候选观察,当前 599.55,594.75-603.15,620.53-629.53,584.56,跌破观察区下沿、弱于基准、板块转弱或出现公告/新闻风险,80,65,收盘前仍强于基准且无事件风险时，才进入隔夜观察,半导体设备；相对基准 1.1884%。,中风险；订单周期;财报风险,SMH,已跳过,,,,,,重复观察,同一股票同一交易日的15分钟重复观察已去重，不重复计入胜率。
2026-07-14,19:16:10,美股,NVDA,NVIDIA Corporation,stock,1,盘中：高风险强势观察,当前 212.04,210.34-213.31,219.46-225.82,204.62,跌破观察区下沿、弱于基准、板块转弱或出现公告/新闻风险,84,65,收盘前仍强于基准且无事件风险时，才进入隔夜观察,AI芯片/加速器；相对基准 1.0144%。,高风险；高估值;新闻/财报跳空;高波动,SMH,已跳过,,,,,,重复观察,同一股票同一交易日的15分钟重复观察已去重，不重复计入胜率。
2026-07-14,19:16:10,美股,ASML,ASML Holding N.V.,stock,2,盘中：强势观察,当前 1794.01,1779.65-1804.77,1856.80-1883.71,1749.15,跌破观察区下沿、弱于基准、板块转弱或出现公告/新闻风险,83,65,收盘前仍强于基准且无事件风险时，才进入隔夜观察,半导体设备；相对基准 0.77%。,中风险；出口限制;订单周期;欧洲ADR波动,SMH,已跳过,,,,,,重复观察,同一股票同一交易日的15分钟重复观察已去重，不重复计入胜率。
2026-07-14,19:16:10,美股,GOOGL,Alphabet Inc.,stock,3,盘中：强势观察,当前 357.72,354.86-359.87,370.24-375.61,348.78,跌破观察区下沿、弱于基准、板块转弱或出现公告/新闻风险,83,65,收盘前仍强于基准且无事件风险时，才进入隔夜观察,AI应用/广告/云；相对基准 0.0828%。,中风险；监管;广告周期;财报跳空,QQQ,已跳过,,,,,,重复观察,同一股票同一交易日的15分钟重复观察已去重，不重复计入胜率。
2026-07-14,19:16:10,美股,MU,"Micron Technology, Inc.",stock,4,盘中：候选观察,当前 986.79,978.89-992.71,1021.32-1050.93,952.25,跌破观察区下沿、弱于基准、板块转弱或出现公告/新闻风险,80,65,收盘前仍强于基准且无事件风险时，才进入隔夜观察,存储芯片；相对基准 2.1458%。,高风险；周期波动;财报跳空;库存周期,SMH,已跳过,,,,,,重复观察,同一股票同一交易日的15分钟重复观察已去重，不重复计入胜率。
2026-07-14,19:16:10,美股,AMAT,"Applied Materials, Inc.",stock,5,盘中：候选观察,当前 599.63,594.83-603.23,620.62-629.61,584.64,跌破观察区下沿、弱于基准、板块转弱或出现公告/新闻风险,80,65,收盘前仍强于基准且无事件风险时，才进入隔夜观察,半导体设备；相对基准 1.0452%。,中风险；订单周期;财报风险,SMH,已跳过,,,,,,重复观察,同一股票同一交易日的15分钟重复观察已去重，不重复计入胜率。
2026-07-14,19:31:16,美股,ASML,ASML Holding N.V.,stock,1,盘中：强势观察,当前 1793.18,1778.83-1803.94,1855.94-1882.84,1748.35,跌破观察区下沿、弱于基准、板块转弱或出现公告/新闻风险,83,65,收盘前仍强于基准且无事件风险时，才进入隔夜观察,半导体设备；相对基准 0.753%。,中风险；出口限制;订单周期;欧洲ADR波动,SMH,已跳过,,,,,,重复观察,同一股票同一交易日的15分钟重复观察已去重，不重复计入胜率。
2026-07-14,19:31:16,美股,GOOGL,Alphabet Inc.,stock,2,盘中：强势观察,当前 357.64,354.78-359.79,370.16-375.52,348.70,跌破观察区下沿、弱于基准、板块转弱或出现公告/新闻风险,83,65,收盘前仍强于基准且无事件风险时，才进入隔夜观察,AI应用/广告/云；相对基准 0.1234%。,中风险；监管;广告周期;财报跳空,QQQ,已跳过,,,,,,重复观察,同一股票同一交易日的15分钟重复观察已去重，不重复计入胜率。
2026-07-14,19:31:16,美股,NVDA,NVIDIA Corporation,stock,3,盘中：候选观察,当前 211.77,210.08-213.04,219.18-225.54,204.36,跌破观察区下沿、弱于基准、板块转弱或出现公告/新闻风险,81,65,收盘前仍强于基准且无事件风险时，才进入隔夜观察,AI芯片/加速器；相对基准 0.9126%。,高风险；高估值;新闻/财报跳空;高波动,SMH,已跳过,,,,,,重复观察,同一股票同一交易日的15分钟重复观察已去重，不重复计入胜率。
2026-07-14,19:31:16,美股,MU,"Micron Technology, Inc.",stock,4,盘中：候选观察,当前 982.80,974.94-988.70,1017.20-1046.68,948.40,跌破观察区下沿、弱于基准、板块转弱或出现公告/新闻风险,80,65,收盘前仍强于基准且无事件风险时，才进入隔夜观察,存储芯片；相对基准 1.7511%。,高风险；周期波动;财报跳空;库存周期,SMH,已跳过,,,,,,重复观察,同一股票同一交易日的15分钟重复观察已去重，不重复计入胜率。
2026-07-14,19:31:16,美股,LRCX,Lam Research Corporation,stock,5,盘中：候选观察,当前 348.51,345.73-350.61,360.71-365.94,339.80,跌破观察区下沿、弱于基准、板块转弱或出现公告/新闻风险,80,65,收盘前仍强于基准且无事件风险时，才进入隔夜观察,半导体设备；相对基准 2.4994%。,中风险；订单周期;财报风险,SMH,已跳过,,,,,,重复观察,同一股票同一交易日的15分钟重复观察已去重，不重复计入胜率。
2026-07-14,19:46:48,美股,NVDA,NVIDIA Corporation,stock,1,盘中：高风险强势观察,当前 211.96,210.26-213.23,219.38-225.74,204.54,跌破观察区下沿、弱于基准、板块转弱或出现公告/新闻风险,84,65,收盘前仍强于基准且无事件风险时，才进入隔夜观察,AI芯片/加速器；相对基准 1.1595%。,高风险；高估值;新闻/财报跳空;高波动,SMH,已跳过,,,,,,重复观察,同一股票同一交易日的15分钟重复观察已去重，不重复计入胜率。
2026-07-14,19:46:48,美股,GOOGL,Alphabet Inc.,stock,2,盘中：强势观察,当前 357.94,355.08-360.09,370.47-375.84,348.99,跌破观察区下沿、弱于基准、板块转弱或出现公告/新闻风险,83,65,收盘前仍强于基准且无事件风险时，才进入隔夜观察,AI应用/广告/云；相对基准 0.2763%。,中风险；监管;广告周期;财报跳空,QQQ,已跳过,,,,,,重复观察,同一股票同一交易日的15分钟重复观察已去重，不重复计入胜率。
2026-07-14,19:46:48,美股,ASML,ASML Holding N.V.,stock,3,盘中：候选观察,当前 1787.42,1773.12-1798.14,1849.98-1876.79,1742.73,跌破观察区下沿、弱于基准、板块转弱或出现公告/新闻风险,81,65,收盘前仍强于基准且无事件风险时，才进入隔夜观察,半导体设备；相对基准 0.5729%。,中风险；出口限制;订单周期;欧洲ADR波动,SMH,已跳过,,,,,,重复观察,同一股票同一交易日的15分钟重复观察已去重，不重复计入胜率。
2026-07-14,19:46:48,美股,LRCX,Lam Research Corporation,stock,4,盘中：候选观察,当前 348.14,345.36-350.23,360.33-365.55,339.44,跌破观察区下沿、弱于基准、板块转弱或出现公告/新闻风险,80,65,收盘前仍强于基准且无事件风险时，才进入隔夜观察,半导体设备；相对基准 2.5409%。,中风险；订单周期;财报风险,SMH,已跳过,,,,,,重复观察,同一股票同一交易日的15分钟重复观察已去重，不重复计入胜率。
2026-07-14,19:46:48,美股,MU,"Micron Technology, Inc.",stock,5,盘中：候选观察,当前 978.88,971.05-984.75,1013.14-1042.51,944.62,跌破观察区下沿、弱于基准、板块转弱或出现公告/新闻风险,79,65,收盘前仍强于基准且无事件风险时，才进入隔夜观察,存储芯片；相对基准 1.4862%。,高风险；周期波动;财报跳空;库存周期,SMH,已跳过,,,,,,重复观察,同一股票同一交易日的15分钟重复观察已去重，不重复计入胜率。
2026-07-14,20:01:13,美股,NVDA,NVIDIA Corporation,stock,1,盘中：高风险强势观察,当前 212.24,210.54-213.51,219.66-226.03,204.81,跌破观察区下沿、弱于基准、板块转弱或出现公告/新闻风险,84,65,收盘前仍强于基准且无事件风险时，才进入隔夜观察,AI芯片/加速器；相对基准 1.462%。,高风险；高估值;新闻/财报跳空;高波动,SMH,已跳过,,,,,,重复观察,同一股票同一交易日的15分钟重复观察已去重，不重复计入胜率。
2026-07-14,20:01:13,美股,GOOGL,Alphabet Inc.,stock,2,盘中：强势观察,当前 358.72,355.85-360.87,371.28-376.66,349.75,跌破观察区下沿、弱于基准、板块转弱或出现公告/新闻风险,83,65,收盘前仍强于基准且无事件风险时，才进入隔夜观察,AI应用/广告/云；相对基准 0.5393%。,中风险；监管;广告周期;财报跳空,QQQ,已跳过,,,,,,重复观察,同一股票同一交易日的15分钟重复观察已去重，不重复计入胜率。
2026-07-14,20:01:13,美股,ASML,ASML Holding N.V.,stock,3,盘中：候选观察,当前 1780.86,1766.61-1791.55,1843.19-1869.90,1736.34,跌破观察区下沿、弱于基准、板块转弱或出现公告/新闻风险,80,65,收盘前仍强于基准且无事件风险时，才进入隔夜观察,半导体设备；相对基准 0.3603%。,中风险；出口限制;订单周期;欧洲ADR波动,SMH,已跳过,,,,,,重复观察,同一股票同一交易日的15分钟重复观察已去重，不重复计入胜率。
2026-07-14,20:01:13,美股,AMAT,"Applied Materials, Inc.",stock,4,盘中：候选观察,当前 597.84,593.05-601.42,618.76-627.73,582.89,跌破观察区下沿、弱于基准、板块转弱或出现公告/新闻风险,80,65,收盘前仍强于基准且无事件风险时，才进入隔夜观察,半导体设备；相对基准 1.0852%。,中风险；订单周期;财报风险,SMH,已跳过,,,,,,重复观察,同一股票同一交易日的15分钟重复观察已去重，不重复计入胜率。
2026-07-14,20:01:13,美股,LRCX,Lam Research Corporation,stock,5,盘中：候选观察,当前 347.23,344.45-349.31,359.38-364.59,338.55,跌破观察区下沿、弱于基准、板块转弱或出现公告/新闻风险,80,65,收盘前仍强于基准且无事件风险时，才进入隔夜观察,半导体设备；相对基准 2.4309%。,中风险；订单周期;财报风险,SMH,已跳过,,,,,,重复观察,同一股票同一交易日的15分钟重复观察已去重，不重复计入胜率。
2026-07-14,20:16:13,美股,NVDA,NVIDIA Corporation,stock,1,盘中：高风险强势观察,当前 211.78,210.09-213.05,219.19-225.55,204.37,跌破观察区下沿、弱于基准、板块转弱或出现公告/新闻风险,84,65,收盘前仍强于基准且无事件风险时，才进入隔夜观察,AI芯片/加速器；相对基准 1.3063%。,高风险；高估值;新闻/财报跳空;高波动,SMH,已跳过,,,,,,重复观察,同一股票同一交易日的15分钟重复观察已去重，不重复计入胜率。
2026-07-14,20:16:13,美股,GOOGL,Alphabet Inc.,stock,2,盘中：强势观察,当前 359.36,356.49-361.52,371.94-377.33,350.38,跌破观察区下沿、弱于基准、板块转弱或出现公告/新闻风险,83,65,收盘前仍强于基准且无事件风险时，才进入隔夜观察,AI应用/广告/云；相对基准 0.6922%。,中风险；监管;广告周期;财报跳空,QQQ,已跳过,,,,,,重复观察,同一股票同一交易日的15分钟重复观察已去重，不重复计入胜率。
2026-07-14,20:16:13,美股,ASML,ASML Holding N.V.,stock,3,盘中：候选观察,当前 1778.42,1764.20-1789.10,1840.67-1867.35,1733.96,跌破观察区下沿、弱于基准、板块转弱或出现公告/新闻风险,80,65,收盘前仍强于基准且无事件风险时，才进入隔夜观察,半导体设备；相对基准 0.287%。,中风险；出口限制;订单周期;欧洲ADR波动,SMH,已复盘,1825.00,1815.27,+2.62%,+2.07%,数据不足,未触发,模拟执行未进入买入观察区，不计入胜率；继续检验观察区是否过窄。
2026-07-14,20:16:13,美股,LRCX,Lam Research Corporation,stock,4,盘中：候选观察,当前 346.15,343.38-348.23,358.27-363.46,337.50,跌破观察区下沿、弱于基准、板块转弱或出现公告/新闻风险,80,65,收盘前仍强于基准且无事件风险时，才进入隔夜观察,半导体设备；相对基准 2.1714%。,中风险；订单周期;财报风险,SMH,已跳过,,,,,,重复观察,同一股票同一交易日的15分钟重复观察已去重，不重复计入胜率。
2026-07-14,20:16:13,美股,KLAC,KLA Corporation,stock,5,盘中：候选观察,当前 231.76,229.91-233.15,239.87-243.35,225.97,跌破观察区下沿、弱于基准、板块转弱或出现公告/新闻风险,80,65,收盘前仍强于基准且无事件风险时，才进入隔夜观察,半导体设备/检测；相对基准 1.531%。,中风险；估值;财报风险,SMH,已跳过,,,,,,重复观察,同一股票同一交易日的15分钟重复观察已去重，不重复计入胜率。
2026-07-14,20:31:22,美股,NVDA,NVIDIA Corporation,stock,1,盘中：高风险强势观察,当前 211.19,209.50-212.46,218.58-224.92,203.80,跌破观察区下沿、弱于基准、板块转弱或出现公告/新闻风险,84,65,收盘前仍强于基准且无事件风险时，才进入隔夜观察,AI芯片/加速器；相对基准 1.5958%。,高风险；高估值;新闻/财报跳空;高波动,SMH,已跳过,,,,,,重复观察,同一股票同一交易日的15分钟重复观察已去重，不重复计入胜率。
2026-07-14,20:31:22,美股,GOOGL,Alphabet Inc.,stock,2,盘中：强势观察,当前 359.59,356.71-361.75,372.18-377.57,350.60,跌破观察区下沿、弱于基准、板块转弱或出现公告/新闻风险,83,65,收盘前仍强于基准且无事件风险时，才进入隔夜观察,AI应用/广告/云；相对基准 0.9337%。,中风险；监管;广告周期;财报跳空,QQQ,已跳过,,,,,,重复观察,同一股票同一交易日的15分钟重复观察已去重，不重复计入胜率。
2026-07-14,20:31:22,美股,LRCX,Lam Research Corporation,stock,3,盘中：候选观察,当前 343.51,340.76-345.57,355.53-360.69,334.92,跌破观察区下沿、弱于基准、板块转弱或出现公告/新闻风险,77,65,收盘前仍强于基准且无事件风险时，才进入隔夜观察,半导体设备；相对基准 1.9506%。,中风险；订单周期;财报风险,SMH,已跳过,,,,,,重复观察,同一股票同一交易日的15分钟重复观察已去重，不重复计入胜率。
2026-07-14,20:31:22,美股,KLAC,KLA Corporation,stock,4,盘中：候选观察,当前 229.83,227.99-231.21,237.87-241.32,224.08,跌破观察区下沿、弱于基准、板块转弱或出现公告/新闻风险,77,65,收盘前仍强于基准且无事件风险时，才进入隔夜观察,半导体设备/检测；相对基准 1.242%。,中风险；估值;财报风险,SMH,已复盘,235.96,224.50,+2.67%,-2.32%,数据不足,未触发,模拟执行未进入买入观察区，不计入胜率；继续检验观察区是否过窄。
2026-07-14,20:31:22,美股,PLTR,Palantir Technologies Inc.,stock,5,盘中：候选观察,当前 134.02,132.95-134.82,138.71-142.73,129.33,跌破观察区下沿、弱于基准、板块转弱或出现公告/新闻风险,77,30,收盘前仍强于基准且无事件风险时，才进入隔夜观察,AI软件/数据分析；相对基准 1.9858%。,高风险；估值;财报跳空;高波动,QQQ,已复盘,134.17,133.76,+0.11%,-0.19%,数据不足,未触发,模拟执行未进入买入观察区，不计入胜率；继续检验观察区是否过窄。
2026-07-14,20:46:17,美股,NVDA,NVIDIA Corporation,stock,1,盘中：高风险强势观察,当前 211.77,210.08-213.04,219.18-225.54,204.36,跌破观察区下沿、弱于基准、板块转弱或出现公告/新闻风险,84,65,收盘前仍强于基准且无事件风险时，才进入隔夜观察,AI芯片/加速器；相对基准 1.418%。,高风险；高估值;新闻/财报跳空;高波动,SMH,已跳过,,,,,,重复观察,同一股票同一交易日的15分钟重复观察已去重，不重复计入胜率。
2026-07-14,20:46:17,美股,GOOGL,Alphabet Inc.,stock,2,盘中：强势观察,当前 359.67,356.79-361.83,372.26-377.65,350.68,跌破观察区下沿、弱于基准、板块转弱或出现公告/新闻风险,83,65,收盘前仍强于基准且无事件风险时，才进入隔夜观察,AI应用/广告/云；相对基准 0.8256%。,中风险；监管;广告周期;财报跳空,QQQ,已跳过,,,,,,重复观察,同一股票同一交易日的15分钟重复观察已去重，不重复计入胜率。
2026-07-14,20:46:17,美股,MU,"Micron Technology, Inc.",stock,3,盘中：候选观察,当前 982.52,974.66-988.42,1016.91-1046.38,948.13,跌破观察区下沿、弱于基准、板块转弱或出现公告/新闻风险,80,65,收盘前仍强于基准且无事件风险时，才进入隔夜观察,存储芯片；相对基准 2.2267%。,高风险；周期波动;财报跳空;库存周期,SMH,已跳过,,,,,,重复观察,同一股票同一交易日的15分钟重复观察已去重，不重复计入胜率。
2026-07-14,20:46:17,美股,AMAT,"Applied Materials, Inc.",stock,4,盘中：候选观察,当前 596.84,592.06-600.42,617.72-626.68,581.91,跌破观察区下沿、弱于基准、板块转弱或出现公告/新闻风险,80,65,收盘前仍强于基准且无事件风险时，才进入隔夜观察,半导体设备；相对基准 1.0956%。,中风险；订单周期;财报风险,SMH,已跳过,,,,,,重复观察,同一股票同一交易日的15分钟重复观察已去重，不重复计入胜率。
2026-07-14,20:46:17,美股,LRCX,Lam Research Corporation,stock,5,盘中：候选观察,当前 346.32,343.55-348.40,358.44-363.64,337.66,跌破观察区下沿、弱于基准、板块转弱或出现公告/新闻风险,80,65,收盘前仍强于基准且无事件风险时，才进入隔夜观察,半导体设备；相对基准 2.3395%。,中风险；订单周期;财报风险,SMH,已跳过,,,,,,重复观察,同一股票同一交易日的15分钟重复观察已去重，不重复计入胜率。
2026-07-14,21:01:00,美股,NVDA,NVIDIA Corporation,stock,1,盘中：高风险强势观察,当前 211.80,210.11-213.07,219.21-225.57,204.39,跌破观察区下沿、弱于基准、板块转弱或出现公告/新闻风险,84,65,收盘前仍强于基准且无事件风险时，才进入隔夜观察,AI芯片/加速器；相对基准 1.5556%。,高风险；高估值;新闻/财报跳空;高波动,SMH,已跳过,,,,,,重复观察,同一股票同一交易日的15分钟重复观察已去重，不重复计入胜率。
2026-07-14,21:01:00,美股,GOOGL,Alphabet Inc.,stock,2,盘中：强势观察,当前 359.51,356.63-361.67,372.09-377.49,350.52,跌破观察区下沿、弱于基准、板块转弱或出现公告/新闻风险,83,65,收盘前仍强于基准且无事件风险时，才进入隔夜观察,AI应用/广告/云；相对基准 0.866%。,中风险；监管;广告周期;财报跳空,QQQ,已跳过,,,,,,重复观察,同一股票同一交易日的15分钟重复观察已去重，不重复计入胜率。
2026-07-14,21:01:00,美股,MU,"Micron Technology, Inc.",stock,3,盘中：候选观察,当前 983.12,975.26-989.02,1017.53-1047.02,948.71,跌破观察区下沿、弱于基准、板块转弱或出现公告/新闻风险,80,65,收盘前仍强于基准且无事件风险时，才进入隔夜观察,存储芯片；相对基准 2.4136%。,高风险；周期波动;财报跳空;库存周期,SMH,已跳过,,,,,,重复观察,同一股票同一交易日的15分钟重复观察已去重，不重复计入胜率。
2026-07-14,21:01:00,美股,AMAT,"Applied Materials, Inc.",stock,4,盘中：候选观察,当前 595.70,590.93-599.27,616.55-625.49,580.81,跌破观察区下沿、弱于基准、板块转弱或出现公告/新闻风险,80,65,收盘前仍强于基准且无事件风险时，才进入隔夜观察,半导体设备；相对基准 1.0213%。,中风险；订单周期;财报风险,SMH,已跳过,,,,,,重复观察,同一股票同一交易日的15分钟重复观察已去重，不重复计入胜率。
2026-07-14,21:01:00,美股,LRCX,Lam Research Corporation,stock,5,盘中：候选观察,当前 346.10,343.33-348.18,358.21-363.41,337.45,跌破观察区下沿、弱于基准、板块转弱或出现公告/新闻风险,80,65,收盘前仍强于基准且无事件风险时，才进入隔夜观察,半导体设备；相对基准 2.3957%。,中风险；订单周期;财报风险,SMH,已跳过,,,,,,重复观察,同一股票同一交易日的15分钟重复观察已去重，不重复计入胜率。
2026-07-14,21:16:14,美股,NVDA,NVIDIA Corporation,stock,1,盘中：高风险强势观察,当前 211.80,210.11-213.07,219.21-225.57,204.39,跌破观察区下沿、弱于基准、板块转弱或出现公告/新闻风险,84,65,收盘前仍强于基准且无事件风险时，才进入隔夜观察,AI芯片/加速器；相对基准 1.5556%。,高风险；高估值;新闻/财报跳空;高波动,SMH,已跳过,,,,,,重复观察,同一股票同一交易日的15分钟重复观察已去重，不重复计入胜率。
2026-07-14,21:16:14,美股,GOOGL,Alphabet Inc.,stock,2,盘中：强势观察,当前 359.51,356.63-361.67,372.09-377.49,350.52,跌破观察区下沿、弱于基准、板块转弱或出现公告/新闻风险,83,65,收盘前仍强于基准且无事件风险时，才进入隔夜观察,AI应用/广告/云；相对基准 0.8688%。,中风险；监管;广告周期;财报跳空,QQQ,已跳过,,,,,,重复观察,同一股票同一交易日的15分钟重复观察已去重，不重复计入胜率。
2026-07-14,21:16:14,美股,MU,"Micron Technology, Inc.",stock,3,盘中：候选观察,当前 983.12,975.26-989.02,1017.53-1047.02,948.71,跌破观察区下沿、弱于基准、板块转弱或出现公告/新闻风险,80,65,收盘前仍强于基准且无事件风险时，才进入隔夜观察,存储芯片；相对基准 2.4136%。,高风险；周期波动;财报跳空;库存周期,SMH,已跳过,,,,,,重复观察,同一股票同一交易日的15分钟重复观察已去重，不重复计入胜率。
2026-07-14,21:16:14,美股,AMAT,"Applied Materials, Inc.",stock,4,盘中：候选观察,当前 595.70,590.93-599.27,616.55-625.49,580.81,跌破观察区下沿、弱于基准、板块转弱或出现公告/新闻风险,80,65,收盘前仍强于基准且无事件风险时，才进入隔夜观察,半导体设备；相对基准 1.0213%。,中风险；订单周期;财报风险,SMH,已跳过,,,,,,重复观察,同一股票同一交易日的15分钟重复观察已去重，不重复计入胜率。
2026-07-14,21:16:14,美股,LRCX,Lam Research Corporation,stock,5,盘中：候选观察,当前 346.10,343.33-348.18,358.21-363.41,337.45,跌破观察区下沿、弱于基准、板块转弱或出现公告/新闻风险,80,65,收盘前仍强于基准且无事件风险时，才进入隔夜观察,半导体设备；相对基准 2.3957%。,中风险；订单周期;财报风险,SMH,已跳过,,,,,,重复观察,同一股票同一交易日的15分钟重复观察已去重，不重复计入胜率。
2026-07-14,21:31:19,美股,NVDA,NVIDIA Corporation,stock,1,盘中：高风险强势观察,当前 211.80,210.11-213.07,219.21-225.57,204.39,跌破观察区下沿、弱于基准、板块转弱或出现公告/新闻风险,84,65,收盘前仍强于基准且无事件风险时，才进入隔夜观察,AI芯片/加速器；相对基准 1.5556%。,高风险；高估值;新闻/财报跳空;高波动,SMH,已跳过,,,,,,重复观察,同一股票同一交易日的15分钟重复观察已去重，不重复计入胜率。
2026-07-14,21:31:19,美股,GOOGL,Alphabet Inc.,stock,2,盘中：强势观察,当前 359.51,356.63-361.67,372.09-377.49,350.52,跌破观察区下沿、弱于基准、板块转弱或出现公告/新闻风险,83,65,收盘前仍强于基准且无事件风险时，才进入隔夜观察,AI应用/广告/云；相对基准 0.8688%。,中风险；监管;广告周期;财报跳空,QQQ,已跳过,,,,,,重复观察,同一股票同一交易日的15分钟重复观察已去重，不重复计入胜率。
2026-07-14,21:31:19,美股,MU,"Micron Technology, Inc.",stock,3,盘中：候选观察,当前 983.12,975.26-989.02,1017.53-1047.02,948.71,跌破观察区下沿、弱于基准、板块转弱或出现公告/新闻风险,80,65,收盘前仍强于基准且无事件风险时，才进入隔夜观察,存储芯片；相对基准 2.4136%。,高风险；周期波动;财报跳空;库存周期,SMH,已跳过,,,,,,重复观察,同一股票同一交易日的15分钟重复观察已去重，不重复计入胜率。
2026-07-14,21:31:19,美股,AMAT,"Applied Materials, Inc.",stock,4,盘中：候选观察,当前 595.70,590.93-599.27,616.55-625.49,580.81,跌破观察区下沿、弱于基准、板块转弱或出现公告/新闻风险,80,65,收盘前仍强于基准且无事件风险时，才进入隔夜观察,半导体设备；相对基准 1.0213%。,中风险；订单周期;财报风险,SMH,已跳过,,,,,,重复观察,同一股票同一交易日的15分钟重复观察已去重，不重复计入胜率。
2026-07-14,21:31:19,美股,LRCX,Lam Research Corporation,stock,5,盘中：候选观察,当前 346.10,343.33-348.18,358.21-363.41,337.45,跌破观察区下沿、弱于基准、板块转弱或出现公告/新闻风险,80,65,收盘前仍强于基准且无事件风险时，才进入隔夜观察,半导体设备；相对基准 2.3957%。,中风险；订单周期;财报风险,SMH,已跳过,,,,,,重复观察,同一股票同一交易日的15分钟重复观察已去重，不重复计入胜率。
2026-07-14,21:46:21,美股,NVDA,NVIDIA Corporation,stock,1,收盘：高风险强势观察,当前 211.80,210.11-213.07,219.21-225.57,204.39,跌破观察区下沿、弱于基准、板块转弱或出现公告/新闻风险,84,65,收盘前仍强于基准且无事件风险时，才进入隔夜观察,AI芯片/加速器；相对基准 1.5556%。,高风险；高估值;新闻/财报跳空;高波动,SMH,已跳过,,,,,,重复观察,同一股票同一交易日的15分钟重复观察已去重，不重复计入胜率。
2026-07-14,21:46:21,美股,GOOGL,Alphabet Inc.,stock,2,收盘：强势观察,当前 359.51,356.63-361.67,372.09-377.49,350.52,跌破观察区下沿、弱于基准、板块转弱或出现公告/新闻风险,83,65,收盘前仍强于基准且无事件风险时，才进入隔夜观察,AI应用/广告/云；相对基准 0.8688%。,中风险；监管;广告周期;财报跳空,QQQ,已跳过,,,,,,重复观察,同一股票同一交易日的15分钟重复观察已去重，不重复计入胜率。
2026-07-14,21:46:21,美股,MU,"Micron Technology, Inc.",stock,3,收盘：候选观察,当前 983.12,975.26-989.02,1017.53-1047.02,948.71,跌破观察区下沿、弱于基准、板块转弱或出现公告/新闻风险,80,65,收盘前仍强于基准且无事件风险时，才进入隔夜观察,存储芯片；相对基准 2.4136%。,高风险；周期波动;财报跳空;库存周期,SMH,已跳过,,,,,,重复观察,同一股票同一交易日的15分钟重复观察已去重，不重复计入胜率。
2026-07-14,21:46:21,美股,AMAT,"Applied Materials, Inc.",stock,4,收盘：候选观察,当前 595.70,590.93-599.27,616.55-625.49,580.81,跌破观察区下沿、弱于基准、板块转弱或出现公告/新闻风险,80,65,收盘前仍强于基准且无事件风险时，才进入隔夜观察,半导体设备；相对基准 1.0213%。,中风险；订单周期;财报风险,SMH,已跳过,,,,,,重复观察,同一股票同一交易日的15分钟重复观察已去重，不重复计入胜率。
2026-07-14,21:46:21,美股,LRCX,Lam Research Corporation,stock,5,收盘：候选观察,当前 346.10,343.33-348.18,358.21-363.41,337.45,跌破观察区下沿、弱于基准、板块转弱或出现公告/新闻风险,80,65,收盘前仍强于基准且无事件风险时，才进入隔夜观察,半导体设备；相对基准 2.3957%。,中风险；订单周期;财报风险,SMH,已跳过,,,,,,重复观察,同一股票同一交易日的15分钟重复观察已去重，不重复计入胜率。
2026-07-14,22:01:11,美股,NVDA,NVIDIA Corporation,stock,1,收盘：高风险强势观察,当前 211.80,210.11-213.07,219.21-225.57,204.39,跌破观察区下沿、弱于基准、板块转弱或出现公告/新闻风险,84,65,收盘前仍强于基准且无事件风险时，才进入隔夜观察,AI芯片/加速器；相对基准 1.5556%。,高风险；高估值;新闻/财报跳空;高波动,SMH,已跳过,,,,,,重复观察,同一股票同一交易日的15分钟重复观察已去重，不重复计入胜率。
2026-07-14,22:01:11,美股,GOOGL,Alphabet Inc.,stock,2,收盘：强势观察,当前 359.51,356.63-361.67,372.09-377.49,350.52,跌破观察区下沿、弱于基准、板块转弱或出现公告/新闻风险,83,65,收盘前仍强于基准且无事件风险时，才进入隔夜观察,AI应用/广告/云；相对基准 0.8688%。,中风险；监管;广告周期;财报跳空,QQQ,已跳过,,,,,,重复观察,同一股票同一交易日的15分钟重复观察已去重，不重复计入胜率。
2026-07-14,22:01:11,美股,MU,"Micron Technology, Inc.",stock,3,收盘：候选观察,当前 983.12,975.26-989.02,1017.53-1047.02,948.71,跌破观察区下沿、弱于基准、板块转弱或出现公告/新闻风险,80,65,收盘前仍强于基准且无事件风险时，才进入隔夜观察,存储芯片；相对基准 2.4136%。,高风险；周期波动;财报跳空;库存周期,SMH,已跳过,,,,,,重复观察,同一股票同一交易日的15分钟重复观察已去重，不重复计入胜率。
2026-07-14,22:01:11,美股,AMAT,"Applied Materials, Inc.",stock,4,收盘：候选观察,当前 595.70,590.93-599.27,616.55-625.49,580.81,跌破观察区下沿、弱于基准、板块转弱或出现公告/新闻风险,80,65,收盘前仍强于基准且无事件风险时，才进入隔夜观察,半导体设备；相对基准 1.0213%。,中风险；订单周期;财报风险,SMH,已跳过,,,,,,重复观察,同一股票同一交易日的15分钟重复观察已去重，不重复计入胜率。
2026-07-14,22:01:11,美股,LRCX,Lam Research Corporation,stock,5,收盘：候选观察,当前 346.10,343.33-348.18,358.21-363.41,337.45,跌破观察区下沿、弱于基准、板块转弱或出现公告/新闻风险,80,65,收盘前仍强于基准且无事件风险时，才进入隔夜观察,半导体设备；相对基准 2.3957%。,中风险；订单周期;财报风险,SMH,已跳过,,,,,,重复观察,同一股票同一交易日的15分钟重复观察已去重，不重复计入胜率。
2026-07-14,22:16:00,美股,NVDA,NVIDIA Corporation,stock,1,收盘：高风险强势观察,当前 211.80,210.11-213.07,219.21-225.57,204.39,跌破观察区下沿、弱于基准、板块转弱或出现公告/新闻风险,84,65,收盘前仍强于基准且无事件风险时，才进入隔夜观察,AI芯片/加速器；相对基准 1.5556%。,高风险；高估值;新闻/财报跳空;高波动,SMH,已跳过,,,,,,重复观察,同一股票同一交易日的15分钟重复观察已去重，不重复计入胜率。
2026-07-14,22:16:00,美股,GOOGL,Alphabet Inc.,stock,2,收盘：强势观察,当前 359.51,356.63-361.67,372.09-377.49,350.52,跌破观察区下沿、弱于基准、板块转弱或出现公告/新闻风险,83,65,收盘前仍强于基准且无事件风险时，才进入隔夜观察,AI应用/广告/云；相对基准 0.8688%。,中风险；监管;广告周期;财报跳空,QQQ,已跳过,,,,,,重复观察,同一股票同一交易日的15分钟重复观察已去重，不重复计入胜率。
2026-07-14,22:16:00,美股,MU,"Micron Technology, Inc.",stock,3,收盘：候选观察,当前 983.12,975.26-989.02,1017.53-1047.02,948.71,跌破观察区下沿、弱于基准、板块转弱或出现公告/新闻风险,80,65,收盘前仍强于基准且无事件风险时，才进入隔夜观察,存储芯片；相对基准 2.4136%。,高风险；周期波动;财报跳空;库存周期,SMH,已跳过,,,,,,重复观察,同一股票同一交易日的15分钟重复观察已去重，不重复计入胜率。
2026-07-14,22:16:00,美股,AMAT,"Applied Materials, Inc.",stock,4,收盘：候选观察,当前 595.70,590.93-599.27,616.55-625.49,580.81,跌破观察区下沿、弱于基准、板块转弱或出现公告/新闻风险,80,65,收盘前仍强于基准且无事件风险时，才进入隔夜观察,半导体设备；相对基准 1.0213%。,中风险；订单周期;财报风险,SMH,已跳过,,,,,,重复观察,同一股票同一交易日的15分钟重复观察已去重，不重复计入胜率。
2026-07-14,22:16:00,美股,LRCX,Lam Research Corporation,stock,5,收盘：候选观察,当前 346.10,343.33-348.18,358.21-363.41,337.45,跌破观察区下沿、弱于基准、板块转弱或出现公告/新闻风险,80,65,收盘前仍强于基准且无事件风险时，才进入隔夜观察,半导体设备；相对基准 2.3957%。,中风险；订单周期;财报风险,SMH,已跳过,,,,,,重复观察,同一股票同一交易日的15分钟重复观察已去重，不重复计入胜率。
2026-07-14,22:31:11,美股,NVDA,NVIDIA Corporation,stock,1,收盘：高风险强势观察,当前 211.80,210.11-213.07,219.21-225.57,204.39,跌破观察区下沿、弱于基准、板块转弱或出现公告/新闻风险,84,65,收盘前仍强于基准且无事件风险时，才进入隔夜观察,AI芯片/加速器；相对基准 1.5556%。,高风险；高估值;新闻/财报跳空;高波动,SMH,已跳过,,,,,,重复观察,同一股票同一交易日的15分钟重复观察已去重，不重复计入胜率。
2026-07-14,22:31:11,美股,GOOGL,Alphabet Inc.,stock,2,收盘：强势观察,当前 359.51,356.63-361.67,372.09-377.49,350.52,跌破观察区下沿、弱于基准、板块转弱或出现公告/新闻风险,83,65,收盘前仍强于基准且无事件风险时，才进入隔夜观察,AI应用/广告/云；相对基准 0.8688%。,中风险；监管;广告周期;财报跳空,QQQ,已跳过,,,,,,重复观察,同一股票同一交易日的15分钟重复观察已去重，不重复计入胜率。
2026-07-14,22:31:11,美股,MU,"Micron Technology, Inc.",stock,3,收盘：候选观察,当前 983.12,975.26-989.02,1017.53-1047.02,948.71,跌破观察区下沿、弱于基准、板块转弱或出现公告/新闻风险,80,65,收盘前仍强于基准且无事件风险时，才进入隔夜观察,存储芯片；相对基准 2.4136%。,高风险；周期波动;财报跳空;库存周期,SMH,已跳过,,,,,,重复观察,同一股票同一交易日的15分钟重复观察已去重，不重复计入胜率。
2026-07-14,22:31:11,美股,AMAT,"Applied Materials, Inc.",stock,4,收盘：候选观察,当前 595.70,590.93-599.27,616.55-625.49,580.81,跌破观察区下沿、弱于基准、板块转弱或出现公告/新闻风险,80,65,收盘前仍强于基准且无事件风险时，才进入隔夜观察,半导体设备；相对基准 1.0213%。,中风险；订单周期;财报风险,SMH,已跳过,,,,,,重复观察,同一股票同一交易日的15分钟重复观察已去重，不重复计入胜率。
2026-07-14,22:31:11,美股,LRCX,Lam Research Corporation,stock,5,收盘：候选观察,当前 346.10,343.33-348.18,358.21-363.41,337.45,跌破观察区下沿、弱于基准、板块转弱或出现公告/新闻风险,80,65,收盘前仍强于基准且无事件风险时，才进入隔夜观察,半导体设备；相对基准 2.3957%。,中风险；订单周期;财报风险,SMH,已跳过,,,,,,重复观察,同一股票同一交易日的15分钟重复观察已去重，不重复计入胜率。
2026-07-14,22:46:07,美股,NVDA,NVIDIA Corporation,stock,1,收盘：高风险强势观察,当前 211.80,210.11-213.07,219.21-225.57,204.39,跌破观察区下沿、弱于基准、板块转弱或出现公告/新闻风险,84,65,收盘前仍强于基准且无事件风险时，才进入隔夜观察,AI芯片/加速器；相对基准 1.5556%。,高风险；高估值;新闻/财报跳空;高波动,SMH,已复盘,212.01,212.50,+0.10%,+0.33%,数据不足,未触发,模拟执行未进入买入观察区，不计入胜率；继续检验观察区是否过窄。
2026-07-14,22:46:07,美股,GOOGL,Alphabet Inc.,stock,2,收盘：强势观察,当前 359.51,356.63-361.67,372.09-377.49,350.52,跌破观察区下沿、弱于基准、板块转弱或出现公告/新闻风险,83,65,收盘前仍强于基准且无事件风险时，才进入隔夜观察,AI应用/广告/云；相对基准 0.8688%。,中风险；监管;广告周期;财报跳空,QQQ,已复盘,358.15,370.92,-0.38%,+3.17%,数据不足,未触发,模拟执行未进入买入观察区，不计入胜率；继续检验观察区是否过窄。
2026-07-14,22:46:07,美股,MU,"Micron Technology, Inc.",stock,3,收盘：候选观察,当前 983.12,975.26-989.02,1017.53-1047.02,948.71,跌破观察区下沿、弱于基准、板块转弱或出现公告/新闻风险,80,65,收盘前仍强于基准且无事件风险时，才进入隔夜观察,存储芯片；相对基准 2.4136%。,高风险；周期波动;财报跳空;库存周期,SMH,已复盘,975.80,904.28,-0.74%,-8.02%,数据不足,未触发,模拟执行未进入买入观察区，不计入胜率；继续检验观察区是否过窄。
2026-07-14,22:46:07,美股,AMAT,"Applied Materials, Inc.",stock,4,收盘：候选观察,当前 595.70,590.93-599.27,616.55-625.49,580.81,跌破观察区下沿、弱于基准、板块转弱或出现公告/新闻风险,80,65,收盘前仍强于基准且无事件风险时，才进入隔夜观察,半导体设备；相对基准 1.0213%。,中风险；订单周期;财报风险,SMH,已复盘,610.38,579.43,+2.46%,-2.73%,数据不足,未触发,模拟执行未进入买入观察区，不计入胜率；继续检验观察区是否过窄。
2026-07-14,22:46:07,美股,LRCX,Lam Research Corporation,stock,5,收盘：候选观察,当前 346.10,343.33-348.18,358.21-363.41,337.45,跌破观察区下沿、弱于基准、板块转弱或出现公告/新闻风险,80,65,收盘前仍强于基准且无事件风险时，才进入隔夜观察,半导体设备；相对基准 2.3957%。,中风险；订单周期;财报风险,SMH,已复盘,352.12,335.43,+1.74%,-3.08%,数据不足,未触发,模拟执行未进入买入观察区，不计入胜率；继续检验观察区是否过窄。
2026-07-15,15:01:03,美股,AVGO,Broadcom Inc.,stock,1,盘中：强势观察,当前 398.18,394.99-400.56,412.11-418.08,388.22,跌破观察区下沿、弱于基准、板块转弱或出现公告/新闻风险,86,85,收盘前仍强于基准且无事件风险时，才进入隔夜观察,AI芯片/网络；相对基准 2.6146%。,中高风险；大客户预期;财报跳空;估值波动,SMH,已跳过,,,,,,重复观察,同一股票同一交易日的15分钟重复观察已去重，不重复计入胜率。
2026-07-15,15:01:03,美股,GOOGL,Alphabet Inc.,stock,2,盘中：强势观察,当前 364.57,361.65-366.76,377.33-382.80,355.46,跌破观察区下沿、弱于基准、板块转弱或出现公告/新闻风险,86,65,收盘前仍强于基准且无事件风险时，才进入隔夜观察,AI应用/广告/云；相对基准 1.2338%。,中风险；监管;广告周期;财报跳空,QQQ,已跳过,,,,,,重复观察,同一股票同一交易日的15分钟重复观察已去重，不重复计入胜率。
2026-07-15,15:01:03,美股,MSFT,Microsoft Corporation,stock,3,盘中：强势观察,当前 390.69,387.56-393.03,404.36-410.22,380.92,跌破观察区下沿、弱于基准、板块转弱或出现公告/新闻风险,84,65,收盘前仍强于基准且无事件风险时，才进入隔夜观察,AI云/软件；相对基准 1.3227%。,中风险；监管;财报;AI资本开支担忧,QQQ,已跳过,,,,,,重复观察,同一股票同一交易日的15分钟重复观察已去重，不重复计入胜率。
2026-07-15,15:01:03,美股,AMZN,"Amazon.com, Inc.",stock,4,盘中：强势观察,当前 252.42,250.40-253.93,261.25-265.04,246.11,跌破观察区下沿、弱于基准、板块转弱或出现公告/新闻风险,84,65,收盘前仍强于基准且无事件风险时，才进入隔夜观察,云/电商/AI资本开支；相对基准 1.8183%。,中风险；利润率;资本开支;消费,QQQ,已跳过,,,,,,重复观察,同一股票同一交易日的15分钟重复观察已去重，不重复计入胜率。
2026-07-15,15:01:03,美股,AAPL,Apple Inc.,stock,5,盘中：候选观察,当前 321.48,318.91-323.41,332.73-337.55,313.44,跌破观察区下沿、弱于基准、板块转弱或出现公告/新闻风险,79,30,收盘前仍强于基准且无事件风险时，才进入隔夜观察,消费电子/大科技；相对基准 1.9288%。,中风险；产品周期;中国市场;监管,QQQ,已跳过,,,,,,重复观察,同一股票同一交易日的15分钟重复观察已去重，不重复计入胜率。
2026-07-15,15:16:00,美股,MSFT,Microsoft Corporation,stock,1,盘中：强势观察,当前 393.82,390.67-396.19,407.61-413.52,383.98,跌破观察区下沿、弱于基准、板块转弱或出现公告/新闻风险,86,65,收盘前仍强于基准且无事件风险时，才进入隔夜观察,AI云/软件；相对基准 2.2788%。,中风险；监管;财报;AI资本开支担忧,QQQ,已跳过,,,,,,重复观察,同一股票同一交易日的15分钟重复观察已去重，不重复计入胜率。
2026-07-15,15:16:00,美股,GOOGL,Alphabet Inc.,stock,2,盘中：强势观察,当前 365.99,363.06-368.19,378.80-384.29,356.84,跌破观察区下沿、弱于基准、板块转弱或出现公告/新闻风险,86,65,收盘前仍强于基准且无事件风险时，才进入隔夜观察,AI应用/广告/云；相对基准 1.7707%。,中风险；监管;广告周期;财报跳空,QQQ,已跳过,,,,,,重复观察,同一股票同一交易日的15分钟重复观察已去重，不重复计入胜率。
2026-07-15,15:16:00,美股,AMZN,"Amazon.com, Inc.",stock,3,盘中：强势观察,当前 254.38,252.35-255.91,263.29-267.10,248.03,跌破观察区下沿、弱于基准、板块转弱或出现公告/新闻风险,84,65,收盘前仍强于基准且无事件风险时，才进入隔夜观察,云/电商/AI资本开支；相对基准 2.754%。,中风险；利润率;资本开支;消费,QQQ,已跳过,,,,,,重复观察,同一股票同一交易日的15分钟重复观察已去重，不重复计入胜率。
2026-07-15,15:16:00,美股,AAPL,Apple Inc.,stock,4,盘中：强势观察,当前 324.88,322.28-326.83,336.25-341.12,316.76,跌破观察区下沿、弱于基准、板块转弱或出现公告/新闻风险,84,30,收盘前仍强于基准且无事件风险时，才进入隔夜观察,消费电子/大科技；相对基准 3.1504%。,中风险；产品周期;中国市场;监管,QQQ,已跳过,,,,,,重复观察,同一股票同一交易日的15分钟重复观察已去重，不重复计入胜率。
2026-07-15,15:16:00,美股,META,"Meta Platforms, Inc.",stock,5,盘中：强势观察,当前 668.69,663.34-672.70,692.09-702.12,651.97,跌破观察区下沿、弱于基准、板块转弱或出现公告/新闻风险,82,65,收盘前仍强于基准且无事件风险时，才进入隔夜观察,AI应用/社交广告；相对基准 1.1253%。,中高风险；监管;广告周期;资本开支,QQQ,已跳过,,,,,,重复观察,同一股票同一交易日的15分钟重复观察已去重，不重复计入胜率。
2026-07-15,15:31:12,美股,AMZN,"Amazon.com, Inc.",stock,1,盘中：强势观察,当前 254.68,252.64-256.21,263.59-267.41,248.31,跌破观察区下沿、弱于基准、板块转弱或出现公告/新闻风险,89,65,收盘前仍强于基准且无事件风险时，才进入隔夜观察,云/电商/AI资本开支；相对基准 3.147%。,中风险；利润率;资本开支;消费,QQQ,已跳过,,,,,,重复观察,同一股票同一交易日的15分钟重复观察已去重，不重复计入胜率。
2026-07-15,15:31:12,美股,ORCL,Oracle Corporation,stock,2,盘中：强势观察,当前 132.34,131.28-133.13,136.97-138.96,129.03,跌破观察区下沿、弱于基准、板块转弱或出现公告/新闻风险,89,65,收盘前仍强于基准且无事件风险时，才进入隔夜观察,云/数据库；相对基准 3.6809%。,中高风险；财报跳空;订单预期,QQQ,已跳过,,,,,,重复观察,同一股票同一交易日的15分钟重复观察已去重，不重复计入胜率。
2026-07-15,15:31:12,美股,MSFT,Microsoft Corporation,stock,3,盘中：强势观察,当前 395.45,392.29-397.82,409.29-415.22,385.56,跌破观察区下沿、弱于基准、板块转弱或出现公告/新闻风险,86,65,收盘前仍强于基准且无事件风险时，才进入隔夜观察,AI云/软件；相对基准 2.9748%。,中风险；监管;财报;AI资本开支担忧,QQQ,已跳过,,,,,,重复观察,同一股票同一交易日的15分钟重复观察已去重，不重复计入胜率。
2026-07-15,15:31:12,美股,GOOGL,Alphabet Inc.,stock,4,盘中：强势观察,当前 366.57,363.64-368.77,379.41-384.90,357.41,跌破观察区下沿、弱于基准、板块转弱或出现公告/新闻风险,86,65,收盘前仍强于基准且无事件风险时，才进入隔夜观察,AI应用/广告/云；相对基准 2.207%。,中风险；监管;广告周期;财报跳空,QQQ,已跳过,,,,,,重复观察,同一股票同一交易日的15分钟重复观察已去重，不重复计入胜率。
2026-07-15,15:31:12,美股,META,"Meta Platforms, Inc.",stock,5,盘中：强势观察,当前 671.49,666.11-675.51,694.99-705.06,654.70,跌破观察区下沿、弱于基准、板块转弱或出现公告/新闻风险,84,65,收盘前仍强于基准且无事件风险时，才进入隔夜观察,AI应用/社交广告；相对基准 1.8219%。,中高风险；监管;广告周期;资本开支,QQQ,已跳过,,,,,,重复观察,同一股票同一交易日的15分钟重复观察已去重，不重复计入胜率。
2026-07-15,15:46:10,美股,MSFT,Microsoft Corporation,stock,1,盘中：强势观察,当前 396.42,393.24-398.79,410.29-416.24,386.50,跌破观察区下沿、弱于基准、板块转弱或出现公告/新闻风险,89,65,收盘前仍强于基准且无事件风险时，才进入隔夜观察,AI云/软件；相对基准 3.7132%。,中风险；监管;财报;AI资本开支担忧,QQQ,已跳过,,,,,,重复观察,同一股票同一交易日的15分钟重复观察已去重，不重复计入胜率。
2026-07-15,15:46:10,美股,ORCL,Oracle Corporation,stock,2,盘中：强势观察,当前 131.90,130.84-132.69,136.52-138.50,128.60,跌破观察区下沿、弱于基准、板块转弱或出现公告/新闻风险,89,65,收盘前仍强于基准且无事件风险时，才进入隔夜观察,云/数据库；相对基准 3.8247%。,中高风险；财报跳空;订单预期,QQQ,已跳过,,,,,,重复观察,同一股票同一交易日的15分钟重复观察已去重，不重复计入胜率。
2026-07-15,15:46:10,美股,GOOGL,Alphabet Inc.,stock,3,盘中：强势观察,当前 367.14,364.20-369.34,379.99-385.50,357.96,跌破观察区下沿、弱于基准、板块转弱或出现公告/新闻风险,86,65,收盘前仍强于基准且无事件风险时，才进入隔夜观察,AI应用/广告/云；相对基准 2.8518%。,中风险；监管;广告周期;财报跳空,QQQ,已跳过,,,,,,重复观察,同一股票同一交易日的15分钟重复观察已去重，不重复计入胜率。
2026-07-15,15:46:10,美股,AMZN,"Amazon.com, Inc.",stock,4,盘中：强势观察,当前 253.59,251.56-255.11,262.47-266.27,247.25,跌破观察区下沿、弱于基准、板块转弱或出现公告/新闻风险,86,65,收盘前仍强于基准且无事件风险时，才进入隔夜观察,云/电商/AI资本开支；相对基准 3.1942%。,中风险；利润率;资本开支;消费,QQQ,已跳过,,,,,,重复观察,同一股票同一交易日的15分钟重复观察已去重，不重复计入胜率。
2026-07-15,15:46:10,美股,META,"Meta Platforms, Inc.",stock,5,盘中：强势观察,当前 671.40,666.03-675.43,694.90-704.97,654.62,跌破观察区下沿、弱于基准、板块转弱或出现公告/新闻风险,84,65,收盘前仍强于基准且无事件风险时，才进入隔夜观察,AI应用/社交广告；相对基准 2.2967%。,中高风险；监管;广告周期;资本开支,QQQ,已跳过,,,,,,重复观察,同一股票同一交易日的15分钟重复观察已去重，不重复计入胜率。
2026-07-15,16:01:06,美股,AMZN,"Amazon.com, Inc.",stock,1,盘中：强势观察,当前 253.85,251.82-255.37,262.73-266.54,247.50,跌破观察区下沿、弱于基准、板块转弱或出现公告/新闻风险,88,65,收盘前仍强于基准且无事件风险时，才进入隔夜观察,云/电商/AI资本开支；相对基准 3.1561%。,中风险；利润率;资本开支;消费,QQQ,已跳过,,,,,,重复观察,同一股票同一交易日的15分钟重复观察已去重，不重复计入胜率。
2026-07-15,16:01:06,美股,GOOGL,Alphabet Inc.,stock,2,盘中：强势观察,当前 366.96,364.02-369.16,379.80-385.31,357.79,跌破观察区下沿、弱于基准、板块转弱或出现公告/新闻风险,86,65,收盘前仍强于基准且无事件风险时，才进入隔夜观察,AI应用/广告/云；相对基准 2.6586%。,中风险；监管;广告周期;财报跳空,QQQ,已跳过,,,,,,重复观察,同一股票同一交易日的15分钟重复观察已去重，不重复计入胜率。
2026-07-15,16:01:06,美股,MSFT,Microsoft Corporation,stock,3,盘中：强势观察,当前 394.14,390.99-396.50,407.93-413.85,384.29,跌破观察区下沿、弱于基准、板块转弱或出现公告/新闻风险,85,65,收盘前仍强于基准且无事件风险时，才进入隔夜观察,AI云/软件；相对基准 2.9789%。,中风险；监管;财报;AI资本开支担忧,QQQ,已跳过,,,,,,重复观察,同一股票同一交易日的15分钟重复观察已去重，不重复计入胜率。
2026-07-15,16:01:06,美股,META,"Meta Platforms, Inc.",stock,4,盘中：强势观察,当前 671.88,666.50-675.91,695.40-705.47,655.08,跌破观察区下沿、弱于基准、板块转弱或出现公告/新闻风险,84,65,收盘前仍强于基准且无事件风险时，才进入隔夜观察,AI应用/社交广告；相对基准 2.2261%。,中高风险；监管;广告周期;资本开支,QQQ,已跳过,,,,,,重复观察,同一股票同一交易日的15分钟重复观察已去重，不重复计入胜率。
2026-07-15,16:01:06,美股,ORCL,Oracle Corporation,stock,5,盘中：强势观察,当前 131.06,130.01-131.85,135.65-137.61,127.78,跌破观察区下沿、弱于基准、板块转弱或出现公告/新闻风险,84,65,收盘前仍强于基准且无事件风险时，才进入隔夜观察,云/数据库；相对基准 3.0249%。,中高风险；财报跳空;订单预期,QQQ,已跳过,,,,,,重复观察,同一股票同一交易日的15分钟重复观察已去重，不重复计入胜率。
2026-07-15,16:16:03,美股,MSFT,Microsoft Corporation,stock,1,盘中：强势观察,当前 395.66,392.49-398.03,409.51-415.44,385.77,跌破观察区下沿、弱于基准、板块转弱或出现公告/新闻风险,89,65,收盘前仍强于基准且无事件风险时，才进入隔夜观察,AI云/软件；相对基准 3.4968%。,中风险；监管;财报;AI资本开支担忧,QQQ,已跳过,,,,,,重复观察,同一股票同一交易日的15分钟重复观察已去重，不重复计入胜率。
2026-07-15,16:16:03,美股,GOOGL,Alphabet Inc.,stock,2,盘中：强势观察,当前 369.34,366.39-371.56,382.27-387.81,360.11,跌破观察区下沿、弱于基准、板块转弱或出现公告/新闻风险,89,65,收盘前仍强于基准且无事件风险时，才进入隔夜观察,AI应用/广告/云；相对基准 3.4436%。,中风险；监管;广告周期;财报跳空,QQQ,已跳过,,,,,,重复观察,同一股票同一交易日的15分钟重复观察已去重，不重复计入胜率。
2026-07-15,16:16:03,美股,META,"Meta Platforms, Inc.",stock,3,盘中：强势观察,当前 681.43,675.98-685.52,705.28-715.50,664.39,跌破观察区下沿、弱于基准、板块转弱或出现公告/新闻风险,89,65,收盘前仍强于基准且无事件风险时，才进入隔夜观察,AI应用/社交广告；相对基准 3.7938%。,中高风险；监管;广告周期;资本开支,QQQ,已跳过,,,,,,重复观察,同一股票同一交易日的15分钟重复观察已去重，不重复计入胜率。
2026-07-15,16:16:03,美股,AMZN,"Amazon.com, Inc.",stock,4,盘中：强势观察,当前 255.16,253.12-256.69,264.09-267.92,248.78,跌破观察区下沿、弱于基准、板块转弱或出现公告/新闻风险,89,65,收盘前仍强于基准且无事件风险时，才进入隔夜观察,云/电商/AI资本开支；相对基准 3.8084%。,中风险；利润率;资本开支;消费,QQQ,已跳过,,,,,,重复观察,同一股票同一交易日的15分钟重复观察已去重，不重复计入胜率。
2026-07-15,16:16:03,美股,ORCL,Oracle Corporation,stock,5,盘中：强势观察,当前 131.26,130.21-132.05,135.85-137.82,127.98,跌破观察区下沿、弱于基准、板块转弱或出现公告/新闻风险,84,65,收盘前仍强于基准且无事件风险时，才进入隔夜观察,云/数据库；相对基准 3.3043%。,中高风险；财报跳空;订单预期,QQQ,已跳过,,,,,,重复观察,同一股票同一交易日的15分钟重复观察已去重，不重复计入胜率。
2026-07-15,16:31:03,美股,MSFT,Microsoft Corporation,stock,1,盘中：强势观察,当前 396.88,393.70-399.26,410.77-416.72,386.96,跌破观察区下沿、弱于基准、板块转弱或出现公告/新闻风险,91,65,收盘前仍强于基准且无事件风险时，才进入隔夜观察,AI云/软件；相对基准 3.6408%。,中风险；监管;财报;AI资本开支担忧,QQQ,已跳过,,,,,,重复观察,同一股票同一交易日的15分钟重复观察已去重，不重复计入胜率。
2026-07-15,16:31:03,美股,GOOGL,Alphabet Inc.,stock,2,盘中：强势观察,当前 370.95,367.98-373.18,383.93-389.50,361.68,跌破观察区下沿、弱于基准、板块转弱或出现公告/新闻风险,91,65,收盘前仍强于基准且无事件风险时，才进入隔夜观察,AI应用/广告/云；相对基准 3.7184%。,中风险；监管;广告周期;财报跳空,QQQ,已跳过,,,,,,重复观察,同一股票同一交易日的15分钟重复观察已去重，不重复计入胜率。
2026-07-15,16:31:03,美股,AMZN,"Amazon.com, Inc.",stock,3,盘中：强势观察,当前 255.99,253.94-257.53,264.95-268.79,249.59,跌破观察区下沿、弱于基准、板块转弱或出现公告/新闻风险,91,65,收盘前仍强于基准且无事件风险时，才进入隔夜观察,云/电商/AI资本开支；相对基准 3.9708%。,中风险；利润率;资本开支;消费,QQQ,已跳过,,,,,,重复观察,同一股票同一交易日的15分钟重复观察已去重，不重复计入胜率。
2026-07-15,16:31:03,美股,META,"Meta Platforms, Inc.",stock,4,盘中：强势观察,当前 678.39,672.96-682.46,702.13-712.31,661.43,跌破观察区下沿、弱于基准、板块转弱或出现公告/新闻风险,87,65,收盘前仍强于基准且无事件风险时，才进入隔夜观察,AI应用/社交广告；相对基准 3.161%。,中高风险；监管;广告周期;资本开支,QQQ,已跳过,,,,,,重复观察,同一股票同一交易日的15分钟重复观察已去重，不重复计入胜率。
2026-07-15,16:31:03,美股,AAPL,Apple Inc.,stock,5,盘中：强势观察,当前 325.56,322.96-327.51,336.95-341.84,317.42,跌破观察区下沿、弱于基准、板块转弱或出现公告/新闻风险,84,30,收盘前仍强于基准且无事件风险时，才进入隔夜观察,消费电子/大科技；相对基准 3.9346%。,中风险；产品周期;中国市场;监管,QQQ,已跳过,,,,,,重复观察,同一股票同一交易日的15分钟重复观察已去重，不重复计入胜率。
2026-07-15,16:46:00,美股,MSFT,Microsoft Corporation,stock,1,盘中：强势观察,当前 397.34,394.16-399.72,411.25-417.21,387.41,跌破观察区下沿、弱于基准、板块转弱或出现公告/新闻风险,91,65,收盘前仍强于基准且无事件风险时，才进入隔夜观察,AI云/软件；相对基准 3.8506%。,中风险；监管;财报;AI资本开支担忧,QQQ,已跳过,,,,,,重复观察,同一股票同一交易日的15分钟重复观察已去重，不重复计入胜率。
2026-07-15,16:46:00,美股,GOOGL,Alphabet Inc.,stock,2,盘中：强势观察,当前 371.70,368.73-373.93,384.71-390.29,362.41,跌破观察区下沿、弱于基准、板块转弱或出现公告/新闻风险,91,65,收盘前仍强于基准且无事件风险时，才进入隔夜观察,AI应用/广告/云；相对基准 4.0173%。,中风险；监管;广告周期;财报跳空,QQQ,已跳过,,,,,,重复观察,同一股票同一交易日的15分钟重复观察已去重，不重复计入胜率。
2026-07-15,16:46:00,美股,AMZN,"Amazon.com, Inc.",stock,3,盘中：强势观察,当前 255.56,253.52-257.09,264.50-268.34,249.17,跌破观察区下沿、弱于基准、板块转弱或出现公告/新闻风险,91,65,收盘前仍强于基准且无事件风险时，才进入隔夜观察,云/电商/AI资本开支；相对基准 3.8873%。,中风险；利润率;资本开支;消费,QQQ,已跳过,,,,,,重复观察,同一股票同一交易日的15分钟重复观察已去重，不重复计入胜率。
2026-07-15,16:46:00,美股,META,"Meta Platforms, Inc.",stock,4,盘中：强势观察,当前 677.74,672.32-681.81,701.46-711.63,660.80,跌破观察区下沿、弱于基准、板块转弱或出现公告/新闻风险,87,65,收盘前仍强于基准且无事件风险时，才进入隔夜观察,AI应用/社交广告；相对基准 3.1529%。,中高风险；监管;广告周期;资本开支,QQQ,已跳过,,,,,,重复观察,同一股票同一交易日的15分钟重复观察已去重，不重复计入胜率。
2026-07-15,16:46:00,美股,AAPL,Apple Inc.,stock,5,盘中：强势观察,当前 326.67,324.06-328.63,338.10-343.00,318.50,跌破观察区下沿、弱于基准、板块转弱或出现公告/新闻风险,84,30,收盘前仍强于基准且无事件风险时，才进入隔夜观察,消费电子/大科技；相对基准 4.3775%。,中风险；产品周期;中国市场;监管,QQQ,已跳过,,,,,,重复观察,同一股票同一交易日的15分钟重复观察已去重，不重复计入胜率。
2026-07-15,17:00:57,美股,MSFT,Microsoft Corporation,stock,1,盘中：强势观察,当前 397.36,394.18-399.74,411.27-417.23,387.43,跌破观察区下沿、弱于基准、板块转弱或出现公告/新闻风险,91,65,收盘前仍强于基准且无事件风险时，才进入隔夜观察,AI云/软件；相对基准 3.9281%。,中风险；监管;财报;AI资本开支担忧,QQQ,已跳过,,,,,,重复观察,同一股票同一交易日的15分钟重复观察已去重，不重复计入胜率。
2026-07-15,17:00:57,美股,GOOGL,Alphabet Inc.,stock,2,盘中：强势观察,当前 371.46,368.49-373.69,384.46-390.03,362.17,跌破观察区下沿、弱于基准、板块转弱或出现公告/新闻风险,91,65,收盘前仍强于基准且无事件风险时，才进入隔夜观察,AI应用/广告/云；相对基准 4.0231%。,中风险；监管;广告周期;财报跳空,QQQ,已跳过,,,,,,重复观察,同一股票同一交易日的15分钟重复观察已去重，不重复计入胜率。
2026-07-15,17:00:57,美股,META,"Meta Platforms, Inc.",stock,3,盘中：强势观察,当前 684.54,679.06-688.65,708.50-718.77,667.43,跌破观察区下沿、弱于基准、板块转弱或出现公告/新闻风险,89,65,收盘前仍强于基准且无事件风险时，才进入隔夜观察,AI应用/社交广告；相对基准 4.2539%。,中高风险；监管;广告周期;资本开支,QQQ,已跳过,,,,,,重复观察,同一股票同一交易日的15分钟重复观察已去重，不重复计入胜率。
2026-07-15,17:00:57,美股,AMZN,"Amazon.com, Inc.",stock,4,盘中：强势观察,当前 254.83,252.79-256.36,263.75-267.57,248.46,跌破观察区下沿、弱于基准、板块转弱或出现公告/新闻风险,89,65,收盘前仍强于基准且无事件风险时，才进入隔夜观察,云/电商/AI资本开支；相对基准 3.6647%。,中风险；利润率;资本开支;消费,QQQ,已跳过,,,,,,重复观察,同一股票同一交易日的15分钟重复观察已去重，不重复计入胜率。
2026-07-15,17:00:57,美股,ORCL,Oracle Corporation,stock,5,盘中：强势观察,当前 131.85,130.80-132.64,136.46-138.44,128.55,跌破观察区下沿、弱于基准、板块转弱或出现公告/新闻风险,87,65,收盘前仍强于基准且无事件风险时，才进入隔夜观察,云/数据库；相对基准 3.755%。,中高风险；财报跳空;订单预期,QQQ,已跳过,,,,,,重复观察,同一股票同一交易日的15分钟重复观察已去重，不重复计入胜率。
2026-07-15,17:16:05,美股,MSFT,Microsoft Corporation,stock,1,盘中：强势观察,当前 397.95,394.77-400.34,411.88-417.85,388.01,跌破观察区下沿、弱于基准、板块转弱或出现公告/新闻风险,91,65,收盘前仍强于基准且无事件风险时，才进入隔夜观察,AI云/软件；相对基准 4.4244%。,中风险；监管;财报;AI资本开支担忧,QQQ,已跳过,,,,,,重复观察,同一股票同一交易日的15分钟重复观察已去重，不重复计入胜率。
2026-07-15,17:16:05,美股,GOOGL,Alphabet Inc.,stock,2,盘中：强势观察,当前 372.49,369.51-374.72,385.53-391.11,363.18,跌破观察区下沿、弱于基准、板块转弱或出现公告/新闻风险,91,65,收盘前仍强于基准且无事件风险时，才进入隔夜观察,AI应用/广告/云；相对基准 4.6512%。,中风险；监管;广告周期;财报跳空,QQQ,已跳过,,,,,,重复观察,同一股票同一交易日的15分钟重复观察已去重，不重复计入胜率。
2026-07-15,17:16:05,美股,AMZN,"Amazon.com, Inc.",stock,3,盘中：强势观察,当前 255.91,253.86-257.45,264.87-268.71,249.51,跌破观察区下沿、弱于基准、板块转弱或出现公告/新闻风险,91,65,收盘前仍强于基准且无事件风险时，才进入隔夜观察,云/电商/AI资本开支；相对基准 4.4429%。,中风险；利润率;资本开支;消费,QQQ,已跳过,,,,,,重复观察,同一股票同一交易日的15分钟重复观察已去重，不重复计入胜率。
2026-07-15,17:16:05,美股,META,"Meta Platforms, Inc.",stock,4,盘中：强势观察,当前 684.37,678.90-688.48,708.32-718.59,667.26,跌破观察区下沿、弱于基准、板块转弱或出现公告/新闻风险,89,65,收盘前仍强于基准且无事件风险时，才进入隔夜观察,AI应用/社交广告；相对基准 4.57%。,中高风险；监管;广告周期;资本开支,QQQ,已跳过,,,,,,重复观察,同一股票同一交易日的15分钟重复观察已去重，不重复计入胜率。
2026-07-15,17:16:05,美股,AAPL,Apple Inc.,stock,5,盘中：强势观察,当前 327.26,324.64-329.22,338.71-343.62,319.08,跌破观察区下沿、弱于基准、板块转弱或出现公告/新闻风险,84,30,收盘前仍强于基准且无事件风险时，才进入隔夜观察,消费电子/大科技；相对基准 4.979%。,中风险；产品周期;中国市场;监管,QQQ,已跳过,,,,,,重复观察,同一股票同一交易日的15分钟重复观察已去重，不重复计入胜率。
2026-07-15,17:31:07,美股,MSFT,Microsoft Corporation,stock,1,盘中：强势观察,当前 397.60,394.42-399.99,411.52-417.48,387.66,跌破观察区下沿、弱于基准、板块转弱或出现公告/新闻风险,91,65,收盘前仍强于基准且无事件风险时，才进入隔夜观察,AI云/软件；相对基准 4.3503%。,中风险；监管;财报;AI资本开支担忧,QQQ,已跳过,,,,,,重复观察,同一股票同一交易日的15分钟重复观察已去重，不重复计入胜率。
2026-07-15,17:31:07,美股,GOOGL,Alphabet Inc.,stock,2,盘中：强势观察,当前 372.73,369.75-374.97,385.78-391.37,363.41,跌破观察区下沿、弱于基准、板块转弱或出现公告/新闻风险,91,65,收盘前仍强于基准且无事件风险时，才进入隔夜观察,AI应用/广告/云；相对基准 4.736%。,中风险；监管;广告周期;财报跳空,QQQ,已跳过,,,,,,重复观察,同一股票同一交易日的15分钟重复观察已去重，不重复计入胜率。
2026-07-15,17:31:07,美股,AMZN,"Amazon.com, Inc.",stock,3,盘中：强势观察,当前 255.70,253.65-257.23,264.65-268.49,249.31,跌破观察区下沿、弱于基准、板块转弱或出现公告/新闻风险,91,65,收盘前仍强于基准且无事件风险时，才进入隔夜观察,云/电商/AI资本开支；相对基准 4.3761%。,中风险；利润率;资本开支;消费,QQQ,已跳过,,,,,,重复观察,同一股票同一交易日的15分钟重复观察已去重，不重复计入胜率。
2026-07-15,17:31:07,美股,META,"Meta Platforms, Inc.",stock,4,盘中：强势观察,当前 683.35,677.88-687.45,707.27-717.52,666.27,跌破观察区下沿、弱于基准、板块转弱或出现公告/新闻风险,89,65,收盘前仍强于基准且无事件风险时，才进入隔夜观察,AI应用/社交广告；相对基准 4.4338%。,中高风险；监管;广告周期;资本开支,QQQ,已跳过,,,,,,重复观察,同一股票同一交易日的15分钟重复观察已去重，不重复计入胜率。
2026-07-15,17:31:07,美股,ORCL,Oracle Corporation,stock,5,盘中：强势观察,当前 131.90,130.84-132.69,136.52-138.50,128.60,跌破观察区下沿、弱于基准、板块转弱或出现公告/新闻风险,89,65,收盘前仍强于基准且无事件风险时，才进入隔夜观察,云/数据库；相对基准 4.154%。,中高风险；财报跳空;订单预期,QQQ,已跳过,,,,,,重复观察,同一股票同一交易日的15分钟重复观察已去重，不重复计入胜率。
2026-07-15,17:46:11,美股,GOOGL,Alphabet Inc.,stock,1,盘中：强势观察,当前 372.14,369.16-374.37,385.16-390.75,362.84,跌破观察区下沿、弱于基准、板块转弱或出现公告/新闻风险,91,65,收盘前仍强于基准且无事件风险时，才进入隔夜观察,AI应用/广告/云；相对基准 4.6927%。,中风险；监管;广告周期;财报跳空,QQQ,已跳过,,,,,,重复观察,同一股票同一交易日的15分钟重复观察已去重，不重复计入胜率。
2026-07-15,17:46:11,美股,AMZN,"Amazon.com, Inc.",stock,2,盘中：强势观察,当前 255.52,253.48-257.05,264.46-268.30,249.13,跌破观察区下沿、弱于基准、板块转弱或出现公告/新闻风险,91,65,收盘前仍强于基准且无事件风险时，才进入隔夜观察,云/电商/AI资本开支；相对基准 4.4242%。,中风险；利润率;资本开支;消费,QQQ,已跳过,,,,,,重复观察,同一股票同一交易日的15分钟重复观察已去重，不重复计入胜率。
2026-07-15,17:46:11,美股,MSFT,Microsoft Corporation,stock,3,盘中：强势观察,当前 395.70,392.54-398.08,409.55-415.49,385.81,跌破观察区下沿、弱于基准、板块转弱或出现公告/新闻风险,89,65,收盘前仍强于基准且无事件风险时，才进入隔夜观察,AI云/软件；相对基准 3.978%。,中风险；监管;财报;AI资本开支担忧,QQQ,已跳过,,,,,,重复观察,同一股票同一交易日的15分钟重复观察已去重，不重复计入胜率。
2026-07-15,17:46:11,美股,ORCL,Oracle Corporation,stock,4,盘中：强势观察,当前 132.25,131.19-133.04,136.87-138.86,128.94,跌破观察区下沿、弱于基准、板块转弱或出现公告/新闻风险,89,65,收盘前仍强于基准且无事件风险时，才进入隔夜观察,云/数据库；相对基准 4.5445%。,中高风险；财报跳空;订单预期,QQQ,已跳过,,,,,,重复观察,同一股票同一交易日的15分钟重复观察已去重，不重复计入胜率。
2026-07-15,17:46:11,美股,META,"Meta Platforms, Inc.",stock,5,盘中：强势观察,当前 678.72,673.29-682.79,702.48-712.66,661.75,跌破观察区下沿、弱于基准、板块转弱或出现公告/新闻风险,87,65,收盘前仍强于基准且无事件风险时，才进入隔夜观察,AI应用/社交广告；相对基准 3.8542%。,中高风险；监管;广告周期;资本开支,QQQ,已跳过,,,,,,重复观察,同一股票同一交易日的15分钟重复观察已去重，不重复计入胜率。
2026-07-15,18:01:19,美股,GOOGL,Alphabet Inc.,stock,1,盘中：强势观察,当前 372.70,369.72-374.94,385.74-391.33,363.38,跌破观察区下沿、弱于基准、板块转弱或出现公告/新闻风险,91,65,收盘前仍强于基准且无事件风险时，才进入隔夜观察,AI应用/广告/云；相对基准 4.5231%。,中风险；监管;广告周期;财报跳空,QQQ,已跳过,,,,,,重复观察,同一股票同一交易日的15分钟重复观察已去重，不重复计入胜率。
2026-07-15,18:01:19,美股,AMZN,"Amazon.com, Inc.",stock,2,盘中：强势观察,当前 255.62,253.58-257.15,264.57-268.40,249.23,跌破观察区下沿、弱于基准、板块转弱或出现公告/新闻风险,91,65,收盘前仍强于基准且无事件风险时，才进入隔夜观察,云/电商/AI资本开支；相对基准 4.1392%。,中风险；利润率;资本开支;消费,QQQ,已跳过,,,,,,重复观察,同一股票同一交易日的15分钟重复观察已去重，不重复计入胜率。
2026-07-15,18:01:19,美股,ORCL,Oracle Corporation,stock,3,盘中：强势观察,当前 132.74,131.68-133.54,137.38-139.38,129.42,跌破观察区下沿、弱于基准、板块转弱或出现公告/新闻风险,89,65,收盘前仍强于基准且无事件风险时，才进入隔夜观察,云/数据库；相对基准 4.6052%。,中高风险；财报跳空;订单预期,QQQ,已跳过,,,,,,重复观察,同一股票同一交易日的15分钟重复观察已去重，不重复计入胜率。
2026-07-15,18:01:19,美股,MSFT,Microsoft Corporation,stock,4,盘中：强势观察,当前 394.71,391.55-397.08,408.52-414.45,384.84,跌破观察区下沿、弱于基准、板块转弱或出现公告/新闻风险,88,65,收盘前仍强于基准且无事件风险时，才进入隔夜观察,AI云/软件；相对基准 3.3949%。,中风险；监管;财报;AI资本开支担忧,QQQ,已跳过,,,,,,重复观察,同一股票同一交易日的15分钟重复观察已去重，不重复计入胜率。
2026-07-15,18:01:19,美股,META,"Meta Platforms, Inc.",stock,5,盘中：强势观察,当前 675.98,670.57-680.04,699.64-709.78,659.08,跌破观察区下沿、弱于基准、板块转弱或出现公告/新闻风险,86,65,收盘前仍强于基准且无事件风险时，才进入隔夜观察,AI应用/社交广告；相对基准 3.1143%。,中高风险；监管;广告周期;资本开支,QQQ,已跳过,,,,,,重复观察,同一股票同一交易日的15分钟重复观察已去重，不重复计入胜率。
2026-07-15,18:16:19,美股,GOOGL,Alphabet Inc.,stock,1,盘中：强势观察,当前 371.35,368.38-373.58,384.35-389.92,362.07,跌破观察区下沿、弱于基准、板块转弱或出现公告/新闻风险,91,65,收盘前仍强于基准且无事件风险时，才进入隔夜观察,AI应用/广告/云；相对基准 4.1091%。,中风险；监管;广告周期;财报跳空,QQQ,已跳过,,,,,,重复观察,同一股票同一交易日的15分钟重复观察已去重，不重复计入胜率。
2026-07-15,18:16:19,美股,AMZN,"Amazon.com, Inc.",stock,2,盘中：强势观察,当前 255.51,253.47-257.04,264.45-268.29,249.12,跌破观察区下沿、弱于基准、板块转弱或出现公告/新闻风险,91,65,收盘前仍强于基准且无事件风险时，才进入隔夜观察,云/电商/AI资本开支；相对基准 4.0562%。,中风险；利润率;资本开支;消费,QQQ,已跳过,,,,,,重复观察,同一股票同一交易日的15分钟重复观察已去重，不重复计入胜率。
2026-07-15,18:16:19,美股,MSFT,Microsoft Corporation,stock,3,盘中：强势观察,当前 395.92,392.75-398.29,409.77-415.71,386.02,跌破观察区下沿、弱于基准、板块转弱或出现公告/新闻风险,89,65,收盘前仍强于基准且无事件风险时，才进入隔夜观察,AI云/软件；相对基准 3.6695%。,中风险；监管;财报;AI资本开支担忧,QQQ,已跳过,,,,,,重复观察,同一股票同一交易日的15分钟重复观察已去重，不重复计入胜率。
2026-07-15,18:16:19,美股,ORCL,Oracle Corporation,stock,4,盘中：强势观察,当前 132.91,131.85-133.71,137.56-139.56,129.59,跌破观察区下沿、弱于基准、板块转弱或出现公告/新闻风险,89,65,收盘前仍强于基准且无事件风险时，才进入隔夜观察,云/数据库；相对基准 4.7003%。,中高风险；财报跳空;订单预期,QQQ,已跳过,,,,,,重复观察,同一股票同一交易日的15分钟重复观察已去重，不重复计入胜率。
2026-07-15,18:16:19,美股,META,"Meta Platforms, Inc.",stock,5,盘中：强势观察,当前 675.49,670.09-679.54,699.13-709.26,658.60,跌破观察区下沿、弱于基准、板块转弱或出现公告/新闻风险,86,65,收盘前仍强于基准且无事件风险时，才进入隔夜观察,AI应用/社交广告；相对基准 3.0016%。,中高风险；监管;广告周期;资本开支,QQQ,已跳过,,,,,,重复观察,同一股票同一交易日的15分钟重复观察已去重，不重复计入胜率。
2026-07-15,18:31:04,美股,GOOGL,Alphabet Inc.,stock,1,盘中：强势观察,当前 370.98,368.01-373.21,383.96-389.53,361.71,跌破观察区下沿、弱于基准、板块转弱或出现公告/新闻风险,91,65,收盘前仍强于基准且无事件风险时，才进入隔夜观察,AI应用/广告/云；相对基准 3.7755%。,中风险；监管;广告周期;财报跳空,QQQ,已跳过,,,,,,重复观察,同一股票同一交易日的15分钟重复观察已去重，不重复计入胜率。
2026-07-15,18:31:04,美股,AMZN,"Amazon.com, Inc.",stock,2,盘中：强势观察,当前 255.03,252.99-256.56,263.96-267.78,248.65,跌破观察区下沿、弱于基准、板块转弱或出现公告/新闻风险,91,65,收盘前仍强于基准且无事件风险时，才进入隔夜观察,云/电商/AI资本开支；相对基准 3.6316%。,中风险；利润率;资本开支;消费,QQQ,已跳过,,,,,,重复观察,同一股票同一交易日的15分钟重复观察已去重，不重复计入胜率。
2026-07-15,18:31:04,美股,MSFT,Microsoft Corporation,stock,3,盘中：强势观察,当前 396.43,393.26-398.81,410.31-416.25,386.52,跌破观察区下沿、弱于基准、板块转弱或出现公告/新闻风险,89,65,收盘前仍强于基准且无事件风险时，才进入隔夜观察,AI云/软件；相对基准 3.5726%。,中风险；监管;财报;AI资本开支担忧,QQQ,已跳过,,,,,,重复观察,同一股票同一交易日的15分钟重复观察已去重，不重复计入胜率。
2026-07-15,18:31:04,美股,ORCL,Oracle Corporation,stock,4,盘中：强势观察,当前 132.89,131.83-133.69,137.54-139.53,129.57,跌破观察区下沿、弱于基准、板块转弱或出现公告/新闻风险,89,65,收盘前仍强于基准且无事件风险时，才进入隔夜观察,云/数据库；相对基准 4.454%。,中高风险；财报跳空;订单预期,QQQ,已跳过,,,,,,重复观察,同一股票同一交易日的15分钟重复观察已去重，不重复计入胜率。
2026-07-15,18:31:04,美股,AAPL,Apple Inc.,stock,5,盘中：强势观察,当前 327.00,324.38-328.96,338.44-343.35,318.82,跌破观察区下沿、弱于基准、板块转弱或出现公告/新闻风险,84,30,收盘前仍强于基准且无事件风险时，才进入隔夜观察,消费电子/大科技；相对基准 4.4407%。,中风险；产品周期;中国市场;监管,QQQ,已跳过,,,,,,重复观察,同一股票同一交易日的15分钟重复观察已去重，不重复计入胜率。
2026-07-15,18:46:12,美股,GOOGL,Alphabet Inc.,stock,1,盘中：强势观察,当前 370.76,367.80-372.99,383.74-389.30,361.50,跌破观察区下沿、弱于基准、板块转弱或出现公告/新闻风险,91,65,收盘前仍强于基准且无事件风险时，才进入隔夜观察,AI应用/广告/云；相对基准 3.642%。,中风险；监管;广告周期;财报跳空,QQQ,已跳过,,,,,,重复观察,同一股票同一交易日的15分钟重复观察已去重，不重复计入胜率。
2026-07-15,18:46:12,美股,MSFT,Microsoft Corporation,stock,2,盘中：强势观察,当前 396.10,392.93-398.48,409.96-415.91,386.20,跌破观察区下沿、弱于基准、板块转弱或出现公告/新闻风险,89,65,收盘前仍强于基准且无事件风险时，才进入隔夜观察,AI云/软件；相对基准 3.4131%。,中风险；监管;财报;AI资本开支担忧,QQQ,已跳过,,,,,,重复观察,同一股票同一交易日的15分钟重复观察已去重，不重复计入胜率。
2026-07-15,18:46:12,美股,ORCL,Oracle Corporation,stock,3,盘中：强势观察,当前 132.87,131.81-133.67,137.52-139.51,129.55,跌破观察区下沿、弱于基准、板块转弱或出现公告/新闻风险,89,65,收盘前仍强于基准且无事件风险时，才进入隔夜观察,云/数据库；相对基准 4.3647%。,中高风险；财报跳空;订单预期,QQQ,已跳过,,,,,,重复观察,同一股票同一交易日的15分钟重复观察已去重，不重复计入胜率。
2026-07-15,18:46:12,美股,AMZN,"Amazon.com, Inc.",stock,4,盘中：强势观察,当前 254.85,252.81-256.38,263.77-267.59,248.48,跌破观察区下沿、弱于基准、板块转弱或出现公告/新闻风险,87,65,收盘前仍强于基准且无事件风险时，才进入隔夜观察,云/电商/AI资本开支；相对基准 3.4852%。,中风险；利润率;资本开支;消费,QQQ,已跳过,,,,,,重复观察,同一股票同一交易日的15分钟重复观察已去重，不重复计入胜率。
2026-07-15,18:46:12,美股,AAPL,Apple Inc.,stock,5,盘中：强势观察,当前 327.32,324.70-329.28,338.78-343.69,319.14,跌破观察区下沿、弱于基准、板块转弱或出现公告/新闻风险,84,30,收盘前仍强于基准且无事件风险时，才进入隔夜观察,消费电子/大科技；相对基准 4.4686%。,中风险；产品周期;中国市场;监管,QQQ,已复盘,328.01,333.26,+0.21%,+1.81%,数据不足,未触发,模拟执行未进入买入观察区，不计入胜率；继续检验观察区是否过窄。
2026-07-15,19:01:12,美股,GOOGL,Alphabet Inc.,stock,1,盘中：强势观察,当前 371.95,368.97-374.18,384.97-390.55,362.65,跌破观察区下沿、弱于基准、板块转弱或出现公告/新闻风险,91,65,收盘前仍强于基准且无事件风险时，才进入隔夜观察,AI应用/广告/云；相对基准 3.7535%。,中风险；监管;广告周期;财报跳空,QQQ,已跳过,,,,,,重复观察,同一股票同一交易日的15分钟重复观察已去重，不重复计入胜率。
2026-07-15,19:01:12,美股,MSFT,Microsoft Corporation,stock,2,盘中：强势观察,当前 395.81,392.64-398.18,409.66-415.60,385.91,跌破观察区下沿、弱于基准、板块转弱或出现公告/新闻风险,89,65,收盘前仍强于基准且无事件风险时，才进入隔夜观察,AI云/软件；相对基准 3.1197%。,中风险；监管;财报;AI资本开支担忧,QQQ,已跳过,,,,,,重复观察,同一股票同一交易日的15分钟重复观察已去重，不重复计入胜率。
2026-07-15,19:01:12,美股,AMZN,"Amazon.com, Inc.",stock,3,盘中：强势观察,当前 254.84,252.80-256.37,263.76-267.58,248.47,跌破观察区下沿、弱于基准、板块转弱或出现公告/新闻风险,89,65,收盘前仍强于基准且无事件风险时，才进入隔夜观察,云/电商/AI资本开支；相对基准 3.263%。,中风险；利润率;资本开支;消费,QQQ,已跳过,,,,,,重复观察,同一股票同一交易日的15分钟重复观察已去重，不重复计入胜率。
2026-07-15,19:01:12,美股,ORCL,Oracle Corporation,stock,4,盘中：强势观察,当前 132.75,131.69-133.55,137.40-139.39,129.43,跌破观察区下沿、弱于基准、板块转弱或出现公告/新闻风险,89,65,收盘前仍强于基准且无事件风险时，才进入隔夜观察,云/数据库；相对基准 4.0528%。,中高风险；财报跳空;订单预期,QQQ,已跳过,,,,,,重复观察,同一股票同一交易日的15分钟重复观察已去重，不重复计入胜率。
2026-07-15,19:01:12,美股,AVGO,Broadcom Inc.,stock,5,盘中：强势观察,当前 394.15,391.00-396.52,407.95-413.86,384.30,跌破观察区下沿、弱于基准、板块转弱或出现公告/新闻风险,86,85,收盘前仍强于基准且无事件风险时，才进入隔夜观察,AI芯片/网络；相对基准 3.3721%。,中高风险；大客户预期;财报跳空;估值波动,SMH,已跳过,,,,,,重复观察,同一股票同一交易日的15分钟重复观察已去重，不重复计入胜率。
2026-07-15,19:16:09,美股,MSFT,Microsoft Corporation,stock,1,盘中：强势观察,当前 396.92,393.74-399.30,410.81-416.77,387.00,跌破观察区下沿、弱于基准、板块转弱或出现公告/新闻风险,91,65,收盘前仍强于基准且无事件风险时，才进入隔夜观察,AI云/软件；相对基准 3.4032%。,中风险；监管;财报;AI资本开支担忧,QQQ,已跳过,,,,,,重复观察,同一股票同一交易日的15分钟重复观察已去重，不重复计入胜率。
2026-07-15,19:16:09,美股,GOOGL,Alphabet Inc.,stock,2,盘中：强势观察,当前 372.38,369.40-374.61,385.41-391.00,363.07,跌破观察区下沿、弱于基准、板块转弱或出现公告/新闻风险,91,65,收盘前仍强于基准且无事件风险时，才进入隔夜观察,AI应用/广告/云；相对基准 3.8682%。,中风险；监管;广告周期;财报跳空,QQQ,已跳过,,,,,,重复观察,同一股票同一交易日的15分钟重复观察已去重，不重复计入胜率。
2026-07-15,19:16:09,美股,AMZN,"Amazon.com, Inc.",stock,3,盘中：强势观察,当前 255.35,253.30-256.88,264.28-268.11,248.96,跌破观察区下沿、弱于基准、板块转弱或出现公告/新闻风险,91,65,收盘前仍强于基准且无事件风险时，才进入隔夜观察,云/电商/AI资本开支；相对基准 3.463%。,中风险；利润率;资本开支;消费,QQQ,已跳过,,,,,,重复观察,同一股票同一交易日的15分钟重复观察已去重，不重复计入胜率。
2026-07-15,19:16:09,美股,ORCL,Oracle Corporation,stock,4,盘中：强势观察,当前 133.10,132.04-133.90,137.76-139.76,129.78,跌破观察区下沿、弱于基准、板块转弱或出现公告/新闻风险,89,65,收盘前仍强于基准且无事件风险时，才进入隔夜观察,云/数据库；相对基准 4.3253%。,中高风险；财报跳空;订单预期,QQQ,已跳过,,,,,,重复观察,同一股票同一交易日的15分钟重复观察已去重，不重复计入胜率。
2026-07-15,19:16:09,美股,AVGO,Broadcom Inc.,stock,5,盘中：强势观察,当前 394.58,391.43-396.95,408.40-414.31,384.72,跌破观察区下沿、弱于基准、板块转弱或出现公告/新闻风险,86,85,收盘前仍强于基准且无事件风险时，才进入隔夜观察,AI芯片/网络；相对基准 3.5527%。,中高风险；大客户预期;财报跳空;估值波动,SMH,已跳过,,,,,,重复观察,同一股票同一交易日的15分钟重复观察已去重，不重复计入胜率。
2026-07-15,19:31:27,美股,MSFT,Microsoft Corporation,stock,1,盘中：强势观察,当前 396.58,393.41-398.96,410.46-416.41,386.67,跌破观察区下沿、弱于基准、板块转弱或出现公告/新闻风险,91,65,收盘前仍强于基准且无事件风险时，才进入隔夜观察,AI云/软件；相对基准 3.2406%。,中风险；监管;财报;AI资本开支担忧,QQQ,已跳过,,,,,,重复观察,同一股票同一交易日的15分钟重复观察已去重，不重复计入胜率。
2026-07-15,19:31:27,美股,GOOGL,Alphabet Inc.,stock,2,盘中：强势观察,当前 372.15,369.17-374.38,385.18-390.76,362.85,跌破观察区下沿、弱于基准、板块转弱或出现公告/新闻风险,91,65,收盘前仍强于基准且无事件风险时，才进入隔夜观察,AI应用/广告/云；相对基准 3.73%。,中风险；监管;广告周期;财报跳空,QQQ,已跳过,,,,,,重复观察,同一股票同一交易日的15分钟重复观察已去重，不重复计入胜率。
2026-07-15,19:31:27,美股,ORCL,Oracle Corporation,stock,3,盘中：强势观察,当前 133.79,132.72-134.59,138.47-140.48,130.45,跌破观察区下沿、弱于基准、板块转弱或出现公告/新闻风险,89,65,收盘前仍强于基准且无事件风险时，才进入隔夜观察,云/数据库；相对基准 4.7866%。,中高风险；财报跳空;订单预期,QQQ,已跳过,,,,,,重复观察,同一股票同一交易日的15分钟重复观察已去重，不重复计入胜率。
2026-07-15,19:31:27,美股,AMZN,"Amazon.com, Inc.",stock,4,盘中：强势观察,当前 254.52,252.48-256.05,263.43-267.25,248.16,跌破观察区下沿、弱于基准、板块转弱或出现公告/新闻风险,87,65,收盘前仍强于基准且无事件风险时，才进入隔夜观察,云/电商/AI资本开支；相对基准 3.0546%。,中风险；利润率;资本开支;消费,QQQ,已跳过,,,,,,重复观察,同一股票同一交易日的15分钟重复观察已去重，不重复计入胜率。
2026-07-15,19:31:27,美股,AVGO,Broadcom Inc.,stock,5,盘中：强势观察,当前 394.00,390.85-396.36,407.79-413.70,384.15,跌破观察区下沿、弱于基准、板块转弱或出现公告/新闻风险,86,85,收盘前仍强于基准且无事件风险时，才进入隔夜观察,AI芯片/网络；相对基准 3.1899%。,中高风险；大客户预期;财报跳空;估值波动,SMH,已跳过,,,,,,重复观察,同一股票同一交易日的15分钟重复观察已去重，不重复计入胜率。
2026-07-15,19:46:18,美股,GOOGL,Alphabet Inc.,stock,1,盘中：强势观察,当前 371.50,368.53-373.73,384.50-390.07,362.21,跌破观察区下沿、弱于基准、板块转弱或出现公告/新闻风险,91,65,收盘前仍强于基准且无事件风险时，才进入隔夜观察,AI应用/广告/云；相对基准 3.7908%。,中风险；监管;广告周期;财报跳空,QQQ,已跳过,,,,,,重复观察,同一股票同一交易日的15分钟重复观察已去重，不重复计入胜率。
2026-07-15,19:46:18,美股,MSFT,Microsoft Corporation,stock,2,盘中：强势观察,当前 396.18,393.01-398.56,410.05-415.99,386.28,跌破观察区下沿、弱于基准、板块转弱或出现公告/新闻风险,89,65,收盘前仍强于基准且无事件风险时，才进入隔夜观察,AI云/软件；相对基准 3.3783%。,中风险；监管;财报;AI资本开支担忧,QQQ,已跳过,,,,,,重复观察,同一股票同一交易日的15分钟重复观察已去重，不重复计入胜率。
2026-07-15,19:46:18,美股,AMZN,"Amazon.com, Inc.",stock,3,盘中：强势观察,当前 254.82,252.78-256.35,263.74-267.56,248.45,跌破观察区下沿、弱于基准、板块转弱或出现公告/新闻风险,89,65,收盘前仍强于基准且无事件风险时，才进入隔夜观察,云/电商/AI资本开支；相对基准 3.4174%。,中风险；利润率;资本开支;消费,QQQ,已跳过,,,,,,重复观察,同一股票同一交易日的15分钟重复观察已去重，不重复计入胜率。
2026-07-15,19:46:18,美股,ORCL,Oracle Corporation,stock,4,盘中：强势观察,当前 133.03,131.96-133.82,137.68-139.68,129.70,跌破观察区下沿、弱于基准、板块转弱或出现公告/新闻风险,89,65,收盘前仍强于基准且无事件风险时，才进入隔夜观察,云/数据库；相对基准 4.4302%。,中高风险；财报跳空;订单预期,QQQ,已跳过,,,,,,重复观察,同一股票同一交易日的15分钟重复观察已去重，不重复计入胜率。
2026-07-15,19:46:18,美股,AVGO,Broadcom Inc.,stock,5,盘中：强势观察,当前 393.05,389.91-395.41,406.81-412.70,383.22,跌破观察区下沿、弱于基准、板块转弱或出现公告/新闻风险,86,85,收盘前仍强于基准且无事件风险时，才进入隔夜观察,AI芯片/网络；相对基准 3.3147%。,中高风险；大客户预期;财报跳空;估值波动,SMH,已跳过,,,,,,重复观察,同一股票同一交易日的15分钟重复观察已去重，不重复计入胜率。
2026-07-15,20:01:12,美股,GOOGL,Alphabet Inc.,stock,1,盘中：强势观察,当前 370.36,367.40-372.58,383.32-388.88,361.10,跌破观察区下沿、弱于基准、板块转弱或出现公告/新闻风险,91,65,收盘前仍强于基准且无事件风险时，才进入隔夜观察,AI应用/广告/云；相对基准 3.6307%。,中风险；监管;广告周期;财报跳空,QQQ,已跳过,,,,,,重复观察,同一股票同一交易日的15分钟重复观察已去重，不重复计入胜率。
2026-07-15,20:01:12,美股,MSFT,Microsoft Corporation,stock,2,盘中：强势观察,当前 395.74,392.57-398.11,409.59-415.53,385.85,跌破观察区下沿、弱于基准、板块转弱或出现公告/新闻风险,89,65,收盘前仍强于基准且无事件风险时，才进入隔夜观察,AI云/软件；相对基准 3.421%。,中风险；监管;财报;AI资本开支担忧,QQQ,已跳过,,,,,,重复观察,同一股票同一交易日的15分钟重复观察已去重，不重复计入胜率。
2026-07-15,20:01:12,美股,ORCL,Oracle Corporation,stock,3,盘中：强势观察,当前 132.50,131.44-133.29,137.13-139.12,129.18,跌破观察区下沿、弱于基准、板块转弱或出现公告/新闻风险,89,65,收盘前仍强于基准且无事件风险时，才进入隔夜观察,云/数据库；相对基准 4.173%。,中高风险；财报跳空;订单预期,QQQ,已跳过,,,,,,重复观察,同一股票同一交易日的15分钟重复观察已去重，不重复计入胜率。
2026-07-15,20:01:12,美股,AMZN,"Amazon.com, Inc.",stock,4,盘中：强势观察,当前 254.41,252.38-255.94,263.32-267.14,248.05,跌破观察区下沿、弱于基准、板块转弱或出现公告/新闻风险,88,65,收盘前仍强于基准且无事件风险时，才进入隔夜观察,云/电商/AI资本开支；相对基准 3.4108%。,中风险；利润率;资本开支;消费,QQQ,已跳过,,,,,,重复观察,同一股票同一交易日的15分钟重复观察已去重，不重复计入胜率。
2026-07-15,20:01:12,美股,META,"Meta Platforms, Inc.",stock,5,盘中：强势观察,当前 676.94,671.52-681.00,700.63-710.79,660.02,跌破观察区下沿、弱于基准、板块转弱或出现公告/新闻风险,86,65,收盘前仍强于基准且无事件风险时，才进入隔夜观察,AI应用/社交广告；相对基准 3.018%。,中高风险；监管;广告周期;资本开支,QQQ,已跳过,,,,,,重复观察,同一股票同一交易日的15分钟重复观察已去重，不重复计入胜率。
2026-07-15,20:16:18,美股,GOOGL,Alphabet Inc.,stock,1,盘中：强势观察,当前 370.38,367.41-372.60,383.34-388.89,361.12,跌破观察区下沿、弱于基准、板块转弱或出现公告/新闻风险,91,65,收盘前仍强于基准且无事件风险时，才进入隔夜观察,AI应用/广告/云；相对基准 3.528%。,中风险；监管;广告周期;财报跳空,QQQ,已跳过,,,,,,重复观察,同一股票同一交易日的15分钟重复观察已去重，不重复计入胜率。
2026-07-15,20:16:18,美股,MSFT,Microsoft Corporation,stock,2,盘中：强势观察,当前 395.11,391.94-397.48,408.93-414.86,385.23,跌破观察区下沿、弱于基准、板块转弱或出现公告/新闻风险,88,65,收盘前仍强于基准且无事件风险时，才进入隔夜观察,AI云/软件；相对基准 3.1491%。,中风险；监管;财报;AI资本开支担忧,QQQ,已跳过,,,,,,重复观察,同一股票同一交易日的15分钟重复观察已去重，不重复计入胜率。
2026-07-15,20:16:18,美股,ORCL,Oracle Corporation,stock,3,盘中：强势观察,当前 132.09,131.04-132.89,136.72-138.70,128.79,跌破观察区下沿、弱于基准、板块转弱或出现公告/新闻风险,88,65,收盘前仍强于基准且无事件风险时，才进入隔夜观察,云/数据库；相对基准 3.7534%。,中高风险；财报跳空;订单预期,QQQ,已跳过,,,,,,重复观察,同一股票同一交易日的15分钟重复观察已去重，不重复计入胜率。
2026-07-15,20:16:18,美股,AVGO,Broadcom Inc.,stock,4,盘中：强势观察,当前 393.56,390.42-395.93,407.34-413.24,383.73,跌破观察区下沿、弱于基准、板块转弱或出现公告/新闻风险,86,85,收盘前仍强于基准且无事件风险时，才进入隔夜观察,AI芯片/网络；相对基准 3.2421%。,中高风险；大客户预期;财报跳空;估值波动,SMH,已跳过,,,,,,重复观察,同一股票同一交易日的15分钟重复观察已去重，不重复计入胜率。
2026-07-15,20:16:18,美股,AMZN,"Amazon.com, Inc.",stock,5,盘中：强势观察,当前 254.22,252.19-255.75,263.12-266.93,247.86,跌破观察区下沿、弱于基准、板块转弱或出现公告/新闻风险,86,65,收盘前仍强于基准且无事件风险时，才进入隔夜观察,云/电商/AI资本开支；相对基准 3.2251%。,中风险；利润率;资本开支;消费,QQQ,已跳过,,,,,,重复观察,同一股票同一交易日的15分钟重复观察已去重，不重复计入胜率。
2026-07-15,20:31:18,美股,MSFT,Microsoft Corporation,stock,1,盘中：强势观察,当前 395.50,392.34-397.88,409.35-415.28,385.62,跌破观察区下沿、弱于基准、板块转弱或出现公告/新闻风险,89,65,收盘前仍强于基准且无事件风险时，才进入隔夜观察,AI云/软件；相对基准 3.1475%。,中风险；监管;财报;AI资本开支担忧,QQQ,已跳过,,,,,,重复观察,同一股票同一交易日的15分钟重复观察已去重，不重复计入胜率。
2026-07-15,20:31:18,美股,GOOGL,Alphabet Inc.,stock,2,盘中：强势观察,当前 370.19,367.22-372.41,383.14-388.69,360.93,跌破观察区下沿、弱于基准、板块转弱或出现公告/新闻风险,89,65,收盘前仍强于基准且无事件风险时，才进入隔夜观察,AI应用/广告/云；相对基准 3.3695%。,中风险；监管;广告周期;财报跳空,QQQ,已跳过,,,,,,重复观察,同一股票同一交易日的15分钟重复观察已去重，不重复计入胜率。
2026-07-15,20:31:18,美股,ORCL,Oracle Corporation,stock,3,盘中：强势观察,当前 132.28,131.22-133.07,136.90-138.89,128.97,跌破观察区下沿、弱于基准、板块转弱或出现公告/新闻风险,88,65,收盘前仍强于基准且无事件风险时，才进入隔夜观察,云/数据库；相对基准 3.7885%。,中高风险；财报跳空;订单预期,QQQ,已跳过,,,,,,重复观察,同一股票同一交易日的15分钟重复观察已去重，不重复计入胜率。
2026-07-15,20:31:18,美股,AVGO,Broadcom Inc.,stock,4,盘中：强势观察,当前 394.96,391.81-397.33,408.79-414.71,385.09,跌破观察区下沿、弱于基准、板块转弱或出现公告/新闻风险,86,85,收盘前仍强于基准且无事件风险时，才进入隔夜观察,AI芯片/网络；相对基准 3.2455%。,中高风险；大客户预期;财报跳空;估值波动,SMH,已复盘,384.54,374.45,-2.64%,-5.19%,数据不足,未触发,模拟执行未进入买入观察区，不计入胜率；继续检验观察区是否过窄。
2026-07-15,20:31:18,美股,AMZN,"Amazon.com, Inc.",stock,5,盘中：强势观察,当前 253.97,251.94-255.49,262.86-266.67,247.62,跌破观察区下沿、弱于基准、板块转弱或出现公告/新闻风险,86,65,收盘前仍强于基准且无事件风险时，才进入隔夜观察,云/电商/AI资本开支；相对基准 3.0185%。,中风险；利润率;资本开支;消费,QQQ,已跳过,,,,,,重复观察,同一股票同一交易日的15分钟重复观察已去重，不重复计入胜率。
2026-07-15,20:46:05,美股,GOOGL,Alphabet Inc.,stock,1,盘中：强势观察,当前 370.91,367.94-373.14,383.89-389.46,361.64,跌破观察区下沿、弱于基准、板块转弱或出现公告/新闻风险,91,65,收盘前仍强于基准且无事件风险时，才进入隔夜观察,AI应用/广告/云；相对基准 3.5434%。,中风险；监管;广告周期;财报跳空,QQQ,已跳过,,,,,,重复观察,同一股票同一交易日的15分钟重复观察已去重，不重复计入胜率。
2026-07-15,20:46:05,美股,MSFT,Microsoft Corporation,stock,2,盘中：强势观察,当前 395.43,392.27-397.80,409.27-415.20,385.54,跌破观察区下沿、弱于基准、板块转弱或出现公告/新闻风险,89,65,收盘前仍强于基准且无事件风险时，才进入隔夜观察,AI云/软件；相对基准 3.1002%。,中风险；监管;财报;AI资本开支担忧,QQQ,已跳过,,,,,,重复观察,同一股票同一交易日的15分钟重复观察已去重，不重复计入胜率。
2026-07-15,20:46:05,美股,ORCL,Oracle Corporation,stock,3,盘中：强势观察,当前 133.27,132.20-134.07,137.93-139.93,129.94,跌破观察区下沿、弱于基准、板块转弱或出现公告/新闻风险,89,65,收盘前仍强于基准且无事件风险时，才进入隔夜观察,云/数据库；相对基准 4.5384%。,中高风险；财报跳空;订单预期,QQQ,已跳过,,,,,,重复观察,同一股票同一交易日的15分钟重复观察已去重，不重复计入胜率。
2026-07-15,20:46:05,美股,AMZN,"Amazon.com, Inc.",stock,4,盘中：强势观察,当前 254.34,252.31-255.87,263.24-267.06,247.98,跌破观察区下沿、弱于基准、板块转弱或出现公告/新闻风险,88,65,收盘前仍强于基准且无事件风险时，才进入隔夜观察,云/电商/AI资本开支；相对基准 3.1402%。,中风险；利润率;资本开支;消费,QQQ,已跳过,,,,,,重复观察,同一股票同一交易日的15分钟重复观察已去重，不重复计入胜率。
2026-07-15,20:46:05,美股,META,"Meta Platforms, Inc.",stock,5,盘中：强势观察,当前 679.43,674.00-683.51,703.22-713.41,662.45,跌破观察区下沿、弱于基准、板块转弱或出现公告/新闻风险,87,65,收盘前仍强于基准且无事件风险时，才进入隔夜观察,AI应用/社交广告；相对基准 3.1551%。,中高风险；监管;广告周期;资本开支,QQQ,已跳过,,,,,,重复观察,同一股票同一交易日的15分钟重复观察已去重，不重复计入胜率。
2026-07-15,21:01:09,美股,GOOGL,Alphabet Inc.,stock,1,盘中：强势观察,当前 370.92,367.95-373.15,383.90-389.47,361.65,跌破观察区下沿、弱于基准、板块转弱或出现公告/新闻风险,91,65,收盘前仍强于基准且无事件风险时，才进入隔夜观察,AI应用/广告/云；相对基准 3.4475%。,中风险；监管;广告周期;财报跳空,QQQ,已跳过,,,,,,重复观察,同一股票同一交易日的15分钟重复观察已去重，不重复计入胜率。
2026-07-15,21:01:09,美股,AMZN,"Amazon.com, Inc.",stock,2,盘中：强势观察,当前 254.96,252.92-256.49,263.88-267.71,248.59,跌破观察区下沿、弱于基准、板块转弱或出现公告/新闻风险,91,65,收盘前仍强于基准且无事件风险时，才进入隔夜观察,云/电商/AI资本开支；相对基准 3.292%。,中风险；利润率;资本开支;消费,QQQ,已跳过,,,,,,重复观察,同一股票同一交易日的15分钟重复观察已去重，不重复计入胜率。
2026-07-15,21:01:09,美股,MSFT,Microsoft Corporation,stock,3,盘中：强势观察,当前 395.63,392.46-398.00,409.48-415.41,385.74,跌破观察区下沿、弱于基准、板块转弱或出现公告/新闻风险,89,65,收盘前仍强于基准且无事件风险时，才进入隔夜观察,AI云/软件；相对基准 3.0534%。,中风险；监管;财报;AI资本开支担忧,QQQ,已跳过,,,,,,重复观察,同一股票同一交易日的15分钟重复观察已去重，不重复计入胜率。
2026-07-15,21:01:09,美股,META,"Meta Platforms, Inc.",stock,4,盘中：强势观察,当前 681.31,675.86-685.40,705.16-715.38,664.28,跌破观察区下沿、弱于基准、板块转弱或出现公告/新闻风险,89,65,收盘前仍强于基准且无事件风险时，才进入隔夜观察,AI应用/社交广告；相对基准 3.3401%。,中高风险；监管;广告周期;资本开支,QQQ,已跳过,,,,,,重复观察,同一股票同一交易日的15分钟重复观察已去重，不重复计入胜率。
2026-07-15,21:01:09,美股,ORCL,Oracle Corporation,stock,5,盘中：强势观察,当前 132.53,131.47-133.33,137.17-139.16,129.22,跌破观察区下沿、弱于基准、板块转弱或出现公告/新闻风险,89,65,收盘前仍强于基准且无事件风险时，才进入隔夜观察,云/数据库；相对基准 3.8644%。,中高风险；财报跳空;订单预期,QQQ,已跳过,,,,,,重复观察,同一股票同一交易日的15分钟重复观察已去重，不重复计入胜率。
2026-07-15,21:16:29,美股,GOOGL,Alphabet Inc.,stock,1,盘中：强势观察,当前 370.92,367.95-373.15,383.90-389.47,361.65,跌破观察区下沿、弱于基准、板块转弱或出现公告/新闻风险,91,65,收盘前仍强于基准且无事件风险时，才进入隔夜观察,AI应用/广告/云；相对基准 3.4475%。,中风险；监管;广告周期;财报跳空,QQQ,已跳过,,,,,,重复观察,同一股票同一交易日的15分钟重复观察已去重，不重复计入胜率。
2026-07-15,21:16:29,美股,AMZN,"Amazon.com, Inc.",stock,2,盘中：强势观察,当前 254.96,252.92-256.49,263.88-267.71,248.59,跌破观察区下沿、弱于基准、板块转弱或出现公告/新闻风险,91,65,收盘前仍强于基准且无事件风险时，才进入隔夜观察,云/电商/AI资本开支；相对基准 3.292%。,中风险；利润率;资本开支;消费,QQQ,已跳过,,,,,,重复观察,同一股票同一交易日的15分钟重复观察已去重，不重复计入胜率。
2026-07-15,21:16:29,美股,MSFT,Microsoft Corporation,stock,3,盘中：强势观察,当前 395.63,392.46-398.00,409.48-415.41,385.74,跌破观察区下沿、弱于基准、板块转弱或出现公告/新闻风险,89,65,收盘前仍强于基准且无事件风险时，才进入隔夜观察,AI云/软件；相对基准 3.0534%。,中风险；监管;财报;AI资本开支担忧,QQQ,已跳过,,,,,,重复观察,同一股票同一交易日的15分钟重复观察已去重，不重复计入胜率。
2026-07-15,21:16:29,美股,META,"Meta Platforms, Inc.",stock,4,盘中：强势观察,当前 681.31,675.86-685.40,705.16-715.38,664.28,跌破观察区下沿、弱于基准、板块转弱或出现公告/新闻风险,89,65,收盘前仍强于基准且无事件风险时，才进入隔夜观察,AI应用/社交广告；相对基准 3.3401%。,中高风险；监管;广告周期;资本开支,QQQ,已跳过,,,,,,重复观察,同一股票同一交易日的15分钟重复观察已去重，不重复计入胜率。
2026-07-15,21:16:29,美股,ORCL,Oracle Corporation,stock,5,盘中：强势观察,当前 132.53,131.47-133.33,137.17-139.16,129.22,跌破观察区下沿、弱于基准、板块转弱或出现公告/新闻风险,89,65,收盘前仍强于基准且无事件风险时，才进入隔夜观察,云/数据库；相对基准 3.8652%。,中高风险；财报跳空;订单预期,QQQ,已跳过,,,,,,重复观察,同一股票同一交易日的15分钟重复观察已去重，不重复计入胜率。
2026-07-15,21:31:19,美股,GOOGL,Alphabet Inc.,stock,1,盘中：强势观察,当前 370.92,367.95-373.15,383.90-389.47,361.65,跌破观察区下沿、弱于基准、板块转弱或出现公告/新闻风险,91,65,收盘前仍强于基准且无事件风险时，才进入隔夜观察,AI应用/广告/云；相对基准 3.4475%。,中风险；监管;广告周期;财报跳空,QQQ,已跳过,,,,,,重复观察,同一股票同一交易日的15分钟重复观察已去重，不重复计入胜率。
2026-07-15,21:31:19,美股,AMZN,"Amazon.com, Inc.",stock,2,盘中：强势观察,当前 254.96,252.92-256.49,263.88-267.71,248.59,跌破观察区下沿、弱于基准、板块转弱或出现公告/新闻风险,91,65,收盘前仍强于基准且无事件风险时，才进入隔夜观察,云/电商/AI资本开支；相对基准 3.292%。,中风险；利润率;资本开支;消费,QQQ,已跳过,,,,,,重复观察,同一股票同一交易日的15分钟重复观察已去重，不重复计入胜率。
2026-07-15,21:31:19,美股,MSFT,Microsoft Corporation,stock,3,盘中：强势观察,当前 395.63,392.46-398.00,409.48-415.41,385.74,跌破观察区下沿、弱于基准、板块转弱或出现公告/新闻风险,89,65,收盘前仍强于基准且无事件风险时，才进入隔夜观察,AI云/软件；相对基准 3.0534%。,中风险；监管;财报;AI资本开支担忧,QQQ,已跳过,,,,,,重复观察,同一股票同一交易日的15分钟重复观察已去重，不重复计入胜率。
2026-07-15,21:31:19,美股,META,"Meta Platforms, Inc.",stock,4,盘中：强势观察,当前 681.31,675.86-685.40,705.16-715.38,664.28,跌破观察区下沿、弱于基准、板块转弱或出现公告/新闻风险,89,65,收盘前仍强于基准且无事件风险时，才进入隔夜观察,AI应用/社交广告；相对基准 3.3401%。,中高风险；监管;广告周期;资本开支,QQQ,已跳过,,,,,,重复观察,同一股票同一交易日的15分钟重复观察已去重，不重复计入胜率。
2026-07-15,21:31:19,美股,ORCL,Oracle Corporation,stock,5,盘中：强势观察,当前 132.49,131.43-133.28,137.13-139.11,129.18,跌破观察区下沿、弱于基准、板块转弱或出现公告/新闻风险,89,65,收盘前仍强于基准且无事件风险时，才进入隔夜观察,云/数据库；相对基准 3.8301%。,中高风险；财报跳空;订单预期,QQQ,已跳过,,,,,,重复观察,同一股票同一交易日的15分钟重复观察已去重，不重复计入胜率。
2026-07-15,21:46:01,美股,GOOGL,Alphabet Inc.,stock,1,收盘：强势观察,当前 370.92,367.95-373.15,383.90-389.47,361.65,跌破观察区下沿、弱于基准、板块转弱或出现公告/新闻风险,91,65,收盘前仍强于基准且无事件风险时，才进入隔夜观察,AI应用/广告/云；相对基准 3.4475%。,中风险；监管;广告周期;财报跳空,QQQ,已跳过,,,,,,重复观察,同一股票同一交易日的15分钟重复观察已去重，不重复计入胜率。
2026-07-15,21:46:01,美股,AMZN,"Amazon.com, Inc.",stock,2,收盘：强势观察,当前 254.96,252.92-256.49,263.88-267.71,248.59,跌破观察区下沿、弱于基准、板块转弱或出现公告/新闻风险,91,65,收盘前仍强于基准且无事件风险时，才进入隔夜观察,云/电商/AI资本开支；相对基准 3.292%。,中风险；利润率;资本开支;消费,QQQ,已跳过,,,,,,重复观察,同一股票同一交易日的15分钟重复观察已去重，不重复计入胜率。
2026-07-15,21:46:01,美股,MSFT,Microsoft Corporation,stock,3,收盘：强势观察,当前 395.63,392.46-398.00,409.48-415.41,385.74,跌破观察区下沿、弱于基准、板块转弱或出现公告/新闻风险,89,65,收盘前仍强于基准且无事件风险时，才进入隔夜观察,AI云/软件；相对基准 3.0534%。,中风险；监管;财报;AI资本开支担忧,QQQ,已跳过,,,,,,重复观察,同一股票同一交易日的15分钟重复观察已去重，不重复计入胜率。
2026-07-15,21:46:01,美股,META,"Meta Platforms, Inc.",stock,4,收盘：强势观察,当前 681.31,675.86-685.40,705.16-715.38,664.28,跌破观察区下沿、弱于基准、板块转弱或出现公告/新闻风险,89,65,收盘前仍强于基准且无事件风险时，才进入隔夜观察,AI应用/社交广告；相对基准 3.3401%。,中高风险；监管;广告周期;资本开支,QQQ,已跳过,,,,,,重复观察,同一股票同一交易日的15分钟重复观察已去重，不重复计入胜率。
2026-07-15,21:46:01,美股,ORCL,Oracle Corporation,stock,5,盘中：强势观察,当前 132.49,131.43-133.28,137.13-139.11,129.18,跌破观察区下沿、弱于基准、板块转弱或出现公告/新闻风险,89,65,收盘前仍强于基准且无事件风险时，才进入隔夜观察,云/数据库；相对基准 3.8301%。,中高风险；财报跳空;订单预期,QQQ,已跳过,,,,,,重复观察,同一股票同一交易日的15分钟重复观察已去重，不重复计入胜率。
2026-07-15,22:01:16,美股,GOOGL,Alphabet Inc.,stock,1,收盘：强势观察,当前 370.92,367.95-373.15,383.90-389.47,361.65,跌破观察区下沿、弱于基准、板块转弱或出现公告/新闻风险,91,65,收盘前仍强于基准且无事件风险时，才进入隔夜观察,AI应用/广告/云；相对基准 3.4475%。,中风险；监管;广告周期;财报跳空,QQQ,已跳过,,,,,,重复观察,同一股票同一交易日的15分钟重复观察已去重，不重复计入胜率。
2026-07-15,22:01:16,美股,MSFT,Microsoft Corporation,stock,2,收盘：强势观察,当前 395.63,392.46-398.00,409.48-415.41,385.74,跌破观察区下沿、弱于基准、板块转弱或出现公告/新闻风险,89,65,收盘前仍强于基准且无事件风险时，才进入隔夜观察,AI云/软件；相对基准 3.0534%。,中风险；监管;财报;AI资本开支担忧,QQQ,已跳过,,,,,,重复观察,同一股票同一交易日的15分钟重复观察已去重，不重复计入胜率。
2026-07-15,22:01:16,美股,META,"Meta Platforms, Inc.",stock,3,收盘：强势观察,当前 681.31,675.86-685.40,705.16-715.38,664.28,跌破观察区下沿、弱于基准、板块转弱或出现公告/新闻风险,89,65,收盘前仍强于基准且无事件风险时，才进入隔夜观察,AI应用/社交广告；相对基准 3.3401%。,中高风险；监管;广告周期;资本开支,QQQ,已跳过,,,,,,重复观察,同一股票同一交易日的15分钟重复观察已去重，不重复计入胜率。
2026-07-15,22:01:16,美股,AMZN,"Amazon.com, Inc.",stock,4,收盘：强势观察,当前 254.96,252.92-256.49,263.88-267.71,248.59,跌破观察区下沿、弱于基准、板块转弱或出现公告/新闻风险,89,65,收盘前仍强于基准且无事件风险时，才进入隔夜观察,云/电商/AI资本开支；相对基准 3.292%。,中风险；利润率;资本开支;消费,QQQ,已跳过,,,,,,重复观察,同一股票同一交易日的15分钟重复观察已去重，不重复计入胜率。
2026-07-15,22:01:16,美股,ORCL,Oracle Corporation,stock,5,收盘：强势观察,当前 132.49,131.43-133.28,137.13-139.11,129.18,跌破观察区下沿、弱于基准、板块转弱或出现公告/新闻风险,89,65,收盘前仍强于基准且无事件风险时，才进入隔夜观察,云/数据库；相对基准 3.8301%。,中高风险；财报跳空;订单预期,QQQ,已跳过,,,,,,重复观察,同一股票同一交易日的15分钟重复观察已去重，不重复计入胜率。
2026-07-15,22:15:57,美股,GOOGL,Alphabet Inc.,stock,1,收盘：强势观察,当前 370.92,367.95-373.15,383.90-389.47,361.65,跌破观察区下沿、弱于基准、板块转弱或出现公告/新闻风险,91,65,收盘前仍强于基准且无事件风险时，才进入隔夜观察,AI应用/广告/云；相对基准 3.4475%。,中风险；监管;广告周期;财报跳空,QQQ,已跳过,,,,,,重复观察,同一股票同一交易日的15分钟重复观察已去重，不重复计入胜率。
2026-07-15,22:15:57,美股,AMZN,"Amazon.com, Inc.",stock,2,收盘：强势观察,当前 254.96,252.92-256.49,263.88-267.71,248.59,跌破观察区下沿、弱于基准、板块转弱或出现公告/新闻风险,91,65,收盘前仍强于基准且无事件风险时，才进入隔夜观察,云/电商/AI资本开支；相对基准 3.292%。,中风险；利润率;资本开支;消费,QQQ,已跳过,,,,,,重复观察,同一股票同一交易日的15分钟重复观察已去重，不重复计入胜率。
2026-07-15,22:15:57,美股,MSFT,Microsoft Corporation,stock,3,收盘：强势观察,当前 395.63,392.46-398.00,409.48-415.41,385.74,跌破观察区下沿、弱于基准、板块转弱或出现公告/新闻风险,89,65,收盘前仍强于基准且无事件风险时，才进入隔夜观察,AI云/软件；相对基准 3.0534%。,中风险；监管;财报;AI资本开支担忧,QQQ,已跳过,,,,,,重复观察,同一股票同一交易日的15分钟重复观察已去重，不重复计入胜率。
2026-07-15,22:15:57,美股,META,"Meta Platforms, Inc.",stock,4,收盘：强势观察,当前 681.31,675.86-685.40,705.16-715.38,664.28,跌破观察区下沿、弱于基准、板块转弱或出现公告/新闻风险,89,65,收盘前仍强于基准且无事件风险时，才进入隔夜观察,AI应用/社交广告；相对基准 3.3401%。,中高风险；监管;广告周期;资本开支,QQQ,已跳过,,,,,,重复观察,同一股票同一交易日的15分钟重复观察已去重，不重复计入胜率。
2026-07-15,22:15:57,美股,ORCL,Oracle Corporation,stock,5,收盘：强势观察,当前 132.49,131.43-133.28,137.13-139.11,129.18,跌破观察区下沿、弱于基准、板块转弱或出现公告/新闻风险,89,65,收盘前仍强于基准且无事件风险时，才进入隔夜观察,云/数据库；相对基准 3.8301%。,中高风险；财报跳空;订单预期,QQQ,已跳过,,,,,,重复观察,同一股票同一交易日的15分钟重复观察已去重，不重复计入胜率。
2026-07-15,22:31:10,美股,GOOGL,Alphabet Inc.,stock,1,收盘：强势观察,当前 370.92,367.95-373.15,383.90-389.47,361.65,跌破观察区下沿、弱于基准、板块转弱或出现公告/新闻风险,91,65,收盘前仍强于基准且无事件风险时，才进入隔夜观察,AI应用/广告/云；相对基准 3.4475%。,中风险；监管;广告周期;财报跳空,QQQ,已跳过,,,,,,重复观察,同一股票同一交易日的15分钟重复观察已去重，不重复计入胜率。
2026-07-15,22:31:10,美股,AMZN,"Amazon.com, Inc.",stock,2,收盘：强势观察,当前 254.96,252.92-256.49,263.88-267.71,248.59,跌破观察区下沿、弱于基准、板块转弱或出现公告/新闻风险,91,65,收盘前仍强于基准且无事件风险时，才进入隔夜观察,云/电商/AI资本开支；相对基准 3.292%。,中风险；利润率;资本开支;消费,QQQ,已跳过,,,,,,重复观察,同一股票同一交易日的15分钟重复观察已去重，不重复计入胜率。
2026-07-15,22:31:10,美股,MSFT,Microsoft Corporation,stock,3,收盘：强势观察,当前 395.63,392.46-398.00,409.48-415.41,385.74,跌破观察区下沿、弱于基准、板块转弱或出现公告/新闻风险,89,65,收盘前仍强于基准且无事件风险时，才进入隔夜观察,AI云/软件；相对基准 3.0534%。,中风险；监管;财报;AI资本开支担忧,QQQ,已跳过,,,,,,重复观察,同一股票同一交易日的15分钟重复观察已去重，不重复计入胜率。
2026-07-15,22:31:10,美股,META,"Meta Platforms, Inc.",stock,4,收盘：强势观察,当前 681.31,675.86-685.40,705.16-715.38,664.28,跌破观察区下沿、弱于基准、板块转弱或出现公告/新闻风险,89,65,收盘前仍强于基准且无事件风险时，才进入隔夜观察,AI应用/社交广告；相对基准 3.3401%。,中高风险；监管;广告周期;资本开支,QQQ,已跳过,,,,,,重复观察,同一股票同一交易日的15分钟重复观察已去重，不重复计入胜率。
2026-07-15,22:31:10,美股,ORCL,Oracle Corporation,stock,5,收盘：强势观察,当前 132.49,131.43-133.28,137.13-139.11,129.18,跌破观察区下沿、弱于基准、板块转弱或出现公告/新闻风险,89,65,收盘前仍强于基准且无事件风险时，才进入隔夜观察,云/数据库；相对基准 3.8301%。,中高风险；财报跳空;订单预期,QQQ,已跳过,,,,,,重复观察,同一股票同一交易日的15分钟重复观察已去重，不重复计入胜率。
2026-07-15,22:46:11,美股,GOOGL,Alphabet Inc.,stock,1,收盘：强势观察,当前 370.92,367.95-373.15,383.90-389.47,361.65,跌破观察区下沿、弱于基准、板块转弱或出现公告/新闻风险,91,65,收盘前仍强于基准且无事件风险时，才进入隔夜观察,AI应用/广告/云；相对基准 3.4475%。,中风险；监管;广告周期;财报跳空,QQQ,已复盘,373.20,354.46,+0.61%,-4.44%,数据不足,失败,模拟买入后收盘或相对表现不足，降低该条件权重。
2026-07-15,22:46:11,美股,AMZN,"Amazon.com, Inc.",stock,2,收盘：强势观察,当前 254.96,252.92-256.49,263.88-267.71,248.59,跌破观察区下沿、弱于基准、板块转弱或出现公告/新闻风险,91,65,收盘前仍强于基准且无事件风险时，才进入隔夜观察,云/电商/AI资本开支；相对基准 3.292%。,中风险；利润率;资本开支;消费,QQQ,已复盘,255.38,249.89,+0.17%,-1.99%,数据不足,未触发,模拟执行未进入买入观察区，不计入胜率；继续检验观察区是否过窄。
2026-07-15,22:46:11,美股,MSFT,Microsoft Corporation,stock,3,收盘：强势观察,当前 395.63,392.46-398.00,409.48-415.41,385.74,跌破观察区下沿、弱于基准、板块转弱或出现公告/新闻风险,89,65,收盘前仍强于基准且无事件风险时，才进入隔夜观察,AI云/软件；相对基准 3.0534%。,中风险；监管;财报;AI资本开支担忧,QQQ,已复盘,398.08,401.10,+0.62%,+1.38%,数据不足,命中,模拟执行后表现有效，保留相对强弱和量价过滤。
2026-07-15,22:46:11,美股,META,"Meta Platforms, Inc.",stock,4,收盘：强势观察,当前 681.31,675.86-685.40,705.16-715.38,664.28,跌破观察区下沿、弱于基准、板块转弱或出现公告/新闻风险,89,65,收盘前仍强于基准且无事件风险时，才进入隔夜观察,AI应用/社交广告；相对基准 3.3401%。,中高风险；监管;广告周期;资本开支,QQQ,已复盘,678.61,664.54,-0.40%,-2.46%,数据不足,失败,模拟买入后收盘或相对表现不足，降低该条件权重。
2026-07-15,22:46:11,美股,ORCL,Oracle Corporation,stock,5,收盘：强势观察,当前 132.49,131.43-133.28,137.13-139.11,129.18,跌破观察区下沿、弱于基准、板块转弱或出现公告/新闻风险,89,65,收盘前仍强于基准且无事件风险时，才进入隔夜观察,云/数据库；相对基准 3.8301%。,中高风险；财报跳空;订单预期,QQQ,已复盘,131.48,124.21,-0.77%,-6.25%,数据不足,未触发,模拟执行未进入买入观察区，不计入胜率；继续检验观察区是否过窄。
2026-07-16,03:00:59,A股,601138,工业富联,stock,1,盘中：强势观察,当前 64.51,63.99-64.90,66.77-67.74,62.90,跌破观察区下沿、弱于基准、板块转弱或出现公告/新闻风险,91,100,收盘前仍强于基准且无事件风险时，才进入隔夜观察,AI硬件/服务器；相对基准 1.2009%。,中高风险；题材拥挤;尾盘兑现;公告风险,科创50,已跳过,,,,,,重复观察,同一股票同一交易日的15分钟重复观察已去重，不重复计入胜率。
2026-07-16,03:00:59,A股,002463,沪电股份,stock,2,盘中：强势观察,当前 142.04,140.90-142.89,147.01-149.14,138.49,跌破观察区下沿、弱于基准、板块转弱或出现公告/新闻风险,91,75,收盘前仍强于基准且无事件风险时，才进入隔夜观察,AI PCB/服务器链；相对基准 4.2041%。,中高风险；题材轮动;业绩预期波动,沪深300,已跳过,,,,,,重复观察,同一股票同一交易日的15分钟重复观察已去重，不重复计入胜率。
2026-07-16,03:00:59,A股,688981,中芯国际,stock,3,盘中：强势观察,当前 158.64,157.37-159.59,164.19-166.57,154.67,跌破观察区下沿、弱于基准、板块转弱或出现公告/新闻风险,91,75,收盘前仍强于基准且无事件风险时，才进入隔夜观察,半导体制造；相对基准 3.0564%。,中高风险；政策/地缘风险;业绩波动,科创50,已跳过,,,,,,重复观察,同一股票同一交易日的15分钟重复观察已去重，不重复计入胜率。
2026-07-16,03:00:59,A股,603019,中科曙光,stock,4,盘中：强势观察,当前 98.42,97.63-99.01,101.86-103.34,95.96,跌破观察区下沿、弱于基准、板块转弱或出现公告/新闻风险,86,75,收盘前仍强于基准且无事件风险时，才进入隔夜观察,算力/服务器；相对基准 2.4146%。,中高风险；政策预期;题材波动,沪深300,已跳过,,,,,,重复观察,同一股票同一交易日的15分钟重复观察已去重，不重复计入胜率。
2026-07-16,03:00:59,A股,603501,豪威集团,stock,5,盘中：强势观察,当前 113.12,112.22-113.80,117.08-118.78,110.29,跌破观察区下沿、弱于基准、板块转弱或出现公告/新闻风险,86,75,收盘前仍强于基准且无事件风险时，才进入隔夜观察,半导体设计；相对基准 2.4989%。,中高风险；消费电子周期;业绩预期,沪深300,已跳过,,,,,,重复观察,同一股票同一交易日的15分钟重复观察已去重，不重复计入胜率。
2026-07-16,03:16:09,A股,601138,工业富联,stock,1,盘中：强势观察,当前 64.91,64.39-65.30,67.18-68.16,63.29,跌破观察区下沿、弱于基准、板块转弱或出现公告/新闻风险,91,100,收盘前仍强于基准且无事件风险时，才进入隔夜观察,AI硬件/服务器；相对基准 1.1538%。,中高风险；题材拥挤;尾盘兑现;公告风险,科创50,已跳过,,,,,,重复观察,同一股票同一交易日的15分钟重复观察已去重，不重复计入胜率。
2026-07-16,03:16:09,A股,002463,沪电股份,stock,2,盘中：强势观察,当前 142.70,141.56-143.56,147.69-149.84,139.13,跌破观察区下沿、弱于基准、板块转弱或出现公告/新闻风险,91,75,收盘前仍强于基准且无事件风险时，才进入隔夜观察,AI PCB/服务器链；相对基准 4.451%。,中高风险；题材轮动;业绩预期波动,沪深300,已跳过,,,,,,重复观察,同一股票同一交易日的15分钟重复观察已去重，不重复计入胜率。
2026-07-16,03:16:09,A股,000977,浪潮信息,stock,3,盘中：强势观察,当前 88.12,87.42-88.65,91.20-92.53,85.92,跌破观察区下沿、弱于基准、板块转弱或出现公告/新闻风险,91,75,收盘前仍强于基准且无事件风险时，才进入隔夜观察,服务器/算力；相对基准 4.5028%。,中高风险；政策与订单预期;波动较大,沪深300,已跳过,,,,,,重复观察,同一股票同一交易日的15分钟重复观察已去重，不重复计入胜率。
2026-07-16,03:16:09,A股,603019,中科曙光,stock,4,盘中：强势观察,当前 101.00,100.19-101.61,104.53-106.05,98.47,跌破观察区下沿、弱于基准、板块转弱或出现公告/新闻风险,91,75,收盘前仍强于基准且无事件风险时，才进入隔夜观察,算力/服务器；相对基准 4.847%。,中高风险；政策预期;题材波动,沪深300,已跳过,,,,,,重复观察,同一股票同一交易日的15分钟重复观察已去重，不重复计入胜率。
2026-07-16,03:16:09,A股,688981,中芯国际,stock,5,盘中：强势观察,当前 159.38,158.10-160.34,164.96-167.35,155.40,跌破观察区下沿、弱于基准、板块转弱或出现公告/新闻风险,88,75,收盘前仍强于基准且无事件风险时，才进入隔夜观察,半导体制造；相对基准 2.8621%。,中高风险；政策/地缘风险;业绩波动,科创50,已跳过,,,,,,重复观察,同一股票同一交易日的15分钟重复观察已去重，不重复计入胜率。
2026-07-16,03:30:59,A股,603019,中科曙光,stock,1,盘中：强势观察,当前 99.51,98.71-100.11,102.99-104.49,97.02,跌破观察区下沿、弱于基准、板块转弱或出现公告/新闻风险,89,75,收盘前仍强于基准且无事件风险时，才进入隔夜观察,算力/服务器；相对基准 3.4676%。,中高风险；政策预期;题材波动,沪深300,已跳过,,,,,,重复观察,同一股票同一交易日的15分钟重复观察已去重，不重复计入胜率。
2026-07-16,03:30:59,A股,688981,中芯国际,stock,2,盘中：强势观察,当前 157.43,156.17-158.37,162.94-165.30,153.49,跌破观察区下沿、弱于基准、板块转弱或出现公告/新闻风险,86,75,收盘前仍强于基准且无事件风险时，才进入隔夜观察,半导体制造；相对基准 2.8911%。,中高风险；政策/地缘风险;业绩波动,科创50,已跳过,,,,,,重复观察,同一股票同一交易日的15分钟重复观察已去重，不重复计入胜率。
2026-07-16,03:30:59,A股,002594,比亚迪,stock,3,盘中：强势观察,当前 92.96,92.22-93.52,96.21-97.61,90.64,跌破观察区下沿、弱于基准、板块转弱或出现公告/新闻风险,86,65,隔夜降权：只做观察，不作为自动模拟买入；需次日重新确认强于基准和尾盘承接。,新能源车；相对基准 1.9333%。,中风险；销量/价格战;海外政策风险,沪深300,已跳过,,,,,,重复观察,同一股票同一交易日的15分钟重复观察已去重，不重复计入胜率。
2026-07-16,03:30:59,A股,601899,紫金矿业,stock,4,盘中：强势观察,当前 29.38,29.14-29.56,30.41-30.85,28.65,跌破观察区下沿、弱于基准、板块转弱或出现公告/新闻风险,86,75,收盘前仍强于基准且无事件风险时，才进入隔夜观察,有色/黄金铜；相对基准 2.5332%。,中高风险；商品价格;汇率;海外矿山风险,沪深300,已跳过,,,,,,重复观察,同一股票同一交易日的15分钟重复观察已去重，不重复计入胜率。
2026-07-16,03:30:59,A股,601138,工业富联,stock,5,盘中：强势观察,当前 64.11,63.60-64.49,66.35-67.32,62.51,跌破观察区下沿、弱于基准、板块转弱或出现公告/新闻风险,85,100,收盘前仍强于基准且无事件风险时，才进入隔夜观察,AI硬件/服务器；相对基准 1.1945%。,中高风险；题材拥挤;尾盘兑现;公告风险,科创50,已跳过,,,,,,重复观察,同一股票同一交易日的15分钟重复观察已去重，不重复计入胜率。
2026-07-16,03:45:50,A股,601138,工业富联,stock,1,盘中：强势观察,当前 64.48,63.96-64.87,66.74-67.70,62.87,跌破观察区下沿、弱于基准、板块转弱或出现公告/新闻风险,91,100,收盘前仍强于基准且无事件风险时，才进入隔夜观察,AI硬件/服务器；相对基准 1.0252%。,中高风险；题材拥挤;尾盘兑现;公告风险,科创50,已跳过,,,,,,重复观察,同一股票同一交易日的15分钟重复观察已去重，不重复计入胜率。
2026-07-16,03:45:50,A股,000977,浪潮信息,stock,2,盘中：强势观察,当前 87.57,86.87-88.10,90.63-91.95,85.38,跌破观察区下沿、弱于基准、板块转弱或出现公告/新闻风险,91,75,收盘前仍强于基准且无事件风险时，才进入隔夜观察,服务器/算力；相对基准 3.7468%。,中高风险；政策与订单预期;波动较大,沪深300,已跳过,,,,,,重复观察,同一股票同一交易日的15分钟重复观察已去重，不重复计入胜率。
2026-07-16,03:45:50,A股,603019,中科曙光,stock,3,盘中：强势观察,当前 100.72,99.91-101.32,104.25-105.76,98.20,跌破观察区下沿、弱于基准、板块转弱或出现公告/新闻风险,91,75,收盘前仍强于基准且无事件风险时，才进入隔夜观察,算力/服务器；相对基准 4.451%。,中高风险；政策预期;题材波动,沪深300,已跳过,,,,,,重复观察,同一股票同一交易日的15分钟重复观察已去重，不重复计入胜率。
2026-07-16,03:45:50,A股,002594,比亚迪,stock,4,盘中：强势观察,当前 93.35,92.60-93.91,96.62-98.02,91.02,跌破观察区下沿、弱于基准、板块转弱或出现公告/新闻风险,88,75,收盘前仍强于基准且无事件风险时，才进入隔夜观察,新能源车；相对基准 2.0912%。,中风险；销量/价格战;海外政策风险,沪深300,已跳过,,,,,,重复观察,同一股票同一交易日的15分钟重复观察已去重，不重复计入胜率。
2026-07-16,03:45:50,A股,002463,沪电股份,stock,5,盘中：强势观察,当前 140.35,139.23-141.19,145.26-147.37,136.84,跌破观察区下沿、弱于基准、板块转弱或出现公告/新闻风险,86,75,收盘前仍强于基准且无事件风险时，才进入隔夜观察,AI PCB/服务器链；相对基准 2.632%。,中高风险；题材轮动;业绩预期波动,沪深300,已复盘,134.09,127.80,-4.46%,-8.94%,数据不足,失败,模拟买入后收盘或相对表现不足，降低该条件权重。
2026-07-16,04:00:55,A股,000977,浪潮信息,stock,1,盘中：强势观察,当前 87.32,86.62-87.84,90.38-91.69,85.14,跌破观察区下沿、弱于基准、板块转弱或出现公告/新闻风险,91,75,收盘前仍强于基准且无事件风险时，才进入隔夜观察,服务器/算力；相对基准 3.7234%。,中高风险；政策与订单预期;波动较大,沪深300,已跳过,,,,,,重复观察,同一股票同一交易日的15分钟重复观察已去重，不重复计入胜率。
2026-07-16,04:00:55,A股,603019,中科曙光,stock,2,盘中：强势观察,当前 100.42,99.62-101.02,103.93-105.44,97.91,跌破观察区下沿、弱于基准、板块转弱或出现公告/新闻风险,91,75,收盘前仍强于基准且无事件风险时，才进入隔夜观察,算力/服务器；相对基准 4.4127%。,中高风险；政策预期;题材波动,沪深300,已跳过,,,,,,重复观察,同一股票同一交易日的15分钟重复观察已去重，不重复计入胜率。
2026-07-16,04:00:55,A股,002594,比亚迪,stock,3,盘中：强势观察,当前 93.38,92.63-93.94,96.65-98.05,91.05,跌破观察区下沿、弱于基准、板块转弱或出现公告/新闻风险,88,75,收盘前仍强于基准且无事件风险时，才进入隔夜观察,新能源车；相对基准 2.3956%。,中风险；销量/价格战;海外政策风险,沪深300,已跳过,,,,,,重复观察,同一股票同一交易日的15分钟重复观察已去重，不重复计入胜率。
2026-07-16,04:00:55,A股,688981,中芯国际,stock,4,盘中：强势观察,当前 158.22,156.95-159.17,163.76-166.13,154.26,跌破观察区下沿、弱于基准、板块转弱或出现公告/新闻风险,86,75,收盘前仍强于基准且无事件风险时，才进入隔夜观察,半导体制造；相对基准 2.9359%。,中高风险；政策/地缘风险;业绩波动,科创50,已复盘,150.01,139.88,-5.19%,-11.59%,数据不足,失败,模拟买入后收盘或相对表现不足，降低该条件权重。
2026-07-16,04:00:55,A股,601899,紫金矿业,stock,5,盘中：强势观察,当前 29.40,29.16-29.58,30.43-30.87,28.66,跌破观察区下沿、弱于基准、板块转弱或出现公告/新闻风险,86,75,收盘前仍强于基准且无事件风险时，才进入隔夜观察,有色/黄金铜；相对基准 2.6072%。,中高风险；商品价格;汇率;海外矿山风险,沪深300,已跳过,,,,,,重复观察,同一股票同一交易日的15分钟重复观察已去重，不重复计入胜率。
2026-07-16,04:15:56,A股,603019,中科曙光,stock,1,盘中：强势观察,当前 99.50,98.70-100.10,102.98-104.48,97.01,跌破观察区下沿、弱于基准、板块转弱或出现公告/新闻风险,89,75,收盘前仍强于基准且无事件风险时，才进入隔夜观察,算力/服务器；相对基准 3.7193%。,中高风险；政策预期;题材波动,沪深300,已跳过,,,,,,重复观察,同一股票同一交易日的15分钟重复观察已去重，不重复计入胜率。
2026-07-16,04:15:56,A股,601899,紫金矿业,stock,2,盘中：强势观察,当前 29.50,29.26-29.68,30.53-30.98,28.76,跌破观察区下沿、弱于基准、板块转弱或出现公告/新闻风险,89,75,收盘前仍强于基准且无事件风险时，才进入隔夜观察,有色/黄金铜；相对基准 3.2116%。,中高风险；商品价格;汇率;海外矿山风险,沪深300,已跳过,,,,,,重复观察,同一股票同一交易日的15分钟重复观察已去重，不重复计入胜率。
2026-07-16,04:15:56,A股,002594,比亚迪,stock,3,盘中：强势观察,当前 93.56,92.81-94.12,96.83-98.24,91.22,跌破观察区下沿、弱于基准、板块转弱或出现公告/新闻风险,88,75,收盘前仍强于基准且无事件风险时，才进入隔夜观察,新能源车；相对基准 2.8492%。,中风险；销量/价格战;海外政策风险,沪深300,已跳过,,,,,,重复观察,同一股票同一交易日的15分钟重复观察已去重，不重复计入胜率。
2026-07-16,04:15:56,A股,000977,浪潮信息,stock,4,盘中：强势观察,当前 86.35,85.66-86.87,89.37-90.67,84.19,跌破观察区下沿、弱于基准、板块转弱或出现公告/新闻风险,85,75,收盘前仍强于基准且无事件风险时，才进入隔夜观察,服务器/算力；相对基准 2.8357%。,中高风险；政策与订单预期;波动较大,沪深300,已跳过,,,,,,重复观察,同一股票同一交易日的15分钟重复观察已去重，不重复计入胜率。
2026-07-16,04:15:56,A股,601138,工业富联,stock,5,盘中：强势观察,当前 63.71,63.20-64.09,65.94-66.90,62.12,跌破观察区下沿、弱于基准、板块转弱或出现公告/新闻风险,84,100,收盘前仍强于基准且无事件风险时，才进入隔夜观察,AI硬件/服务器；相对基准 1.0478%。,中高风险；题材拥挤;尾盘兑现;公告风险,科创50,已跳过,,,,,,重复观察,同一股票同一交易日的15分钟重复观察已去重，不重复计入胜率。
2026-07-16,04:30:55,A股,603019,中科曙光,stock,1,盘中：强势观察,当前 99.70,98.90-100.30,103.19-104.69,97.21,跌破观察区下沿、弱于基准、板块转弱或出现公告/新闻风险,91,75,收盘前仍强于基准且无事件风险时，才进入隔夜观察,算力/服务器；相对基准 3.9471%。,中高风险；政策预期;题材波动,沪深300,已跳过,,,,,,重复观察,同一股票同一交易日的15分钟重复观察已去重，不重复计入胜率。
2026-07-16,04:30:55,A股,002594,比亚迪,stock,2,盘中：强势观察,当前 93.73,92.98-94.29,97.01-98.42,91.39,跌破观察区下沿、弱于基准、板块转弱或出现公告/新闻风险,91,75,收盘前仍强于基准且无事件风险时，才进入隔夜观察,新能源车；相对基准 3.0556%。,中风险；销量/价格战;海外政策风险,沪深300,已跳过,,,,,,重复观察,同一股票同一交易日的15分钟重复观察已去重，不重复计入胜率。
2026-07-16,04:30:55,A股,601899,紫金矿业,stock,3,盘中：强势观察,当前 29.46,29.22-29.64,30.49-30.93,28.72,跌破观察区下沿、弱于基准、板块转弱或出现公告/新闻风险,89,75,收盘前仍强于基准且无事件风险时，才进入隔夜观察,有色/黄金铜；相对基准 3.0939%。,中高风险；商品价格;汇率;海外矿山风险,沪深300,已跳过,,,,,,重复观察,同一股票同一交易日的15分钟重复观察已去重，不重复计入胜率。
2026-07-16,04:30:55,A股,000977,浪潮信息,stock,4,盘中：强势观察,当前 86.43,85.74-86.95,89.46-90.75,84.27,跌破观察区下沿、弱于基准、板块转弱或出现公告/新闻风险,86,75,收盘前仍强于基准且无事件风险时，才进入隔夜观察,服务器/算力；相对基准 2.9512%。,中高风险；政策与订单预期;波动较大,沪深300,已跳过,,,,,,重复观察,同一股票同一交易日的15分钟重复观察已去重，不重复计入胜率。
2026-07-16,04:30:55,A股,603501,豪威集团,stock,5,盘中：强势观察,当前 112.79,111.89-113.47,116.74-118.43,109.97,跌破观察区下沿、弱于基准、板块转弱或出现公告/新闻风险,86,75,收盘前仍强于基准且无事件风险时，才进入隔夜观察,半导体设计；相对基准 2.4116%。,中高风险；消费电子周期;业绩预期,沪深300,已跳过,,,,,,重复观察,同一股票同一交易日的15分钟重复观察已去重，不重复计入胜率。
2026-07-16,04:45:49,A股,603019,中科曙光,stock,1,盘中：强势观察,当前 99.70,98.90-100.30,103.19-104.69,97.21,跌破观察区下沿、弱于基准、板块转弱或出现公告/新闻风险,91,75,收盘前仍强于基准且无事件风险时，才进入隔夜观察,算力/服务器；相对基准 3.9471%。,中高风险；政策预期;题材波动,沪深300,已跳过,,,,,,重复观察,同一股票同一交易日的15分钟重复观察已去重，不重复计入胜率。
2026-07-16,04:45:49,A股,002594,比亚迪,stock,2,盘中：强势观察,当前 93.73,92.98-94.29,97.01-98.42,91.39,跌破观察区下沿、弱于基准、板块转弱或出现公告/新闻风险,91,75,收盘前仍强于基准且无事件风险时，才进入隔夜观察,新能源车；相对基准 3.0556%。,中风险；销量/价格战;海外政策风险,沪深300,已跳过,,,,,,重复观察,同一股票同一交易日的15分钟重复观察已去重，不重复计入胜率。
2026-07-16,04:45:49,A股,601899,紫金矿业,stock,3,盘中：强势观察,当前 29.46,29.22-29.64,30.49-30.93,28.72,跌破观察区下沿、弱于基准、板块转弱或出现公告/新闻风险,89,75,收盘前仍强于基准且无事件风险时，才进入隔夜观察,有色/黄金铜；相对基准 3.0939%。,中高风险；商品价格;汇率;海外矿山风险,沪深300,已跳过,,,,,,重复观察,同一股票同一交易日的15分钟重复观察已去重，不重复计入胜率。
2026-07-16,04:45:49,A股,000977,浪潮信息,stock,4,盘中：强势观察,当前 86.43,85.74-86.95,89.46-90.75,84.27,跌破观察区下沿、弱于基准、板块转弱或出现公告/新闻风险,86,75,收盘前仍强于基准且无事件风险时，才进入隔夜观察,服务器/算力；相对基准 2.9512%。,中高风险；政策与订单预期;波动较大,沪深300,已跳过,,,,,,重复观察,同一股票同一交易日的15分钟重复观察已去重，不重复计入胜率。
2026-07-16,04:45:49,A股,603501,豪威集团,stock,5,盘中：强势观察,当前 112.79,111.89-113.47,116.74-118.43,109.97,跌破观察区下沿、弱于基准、板块转弱或出现公告/新闻风险,86,75,收盘前仍强于基准且无事件风险时，才进入隔夜观察,半导体设计；相对基准 2.4116%。,中高风险；消费电子周期;业绩预期,沪深300,已跳过,,,,,,重复观察,同一股票同一交易日的15分钟重复观察已去重，不重复计入胜率。
2026-07-16,05:00:54,A股,603019,中科曙光,stock,1,盘中：强势观察,当前 99.70,98.90-100.30,103.19-104.69,97.21,跌破观察区下沿、弱于基准、板块转弱或出现公告/新闻风险,91,75,收盘前仍强于基准且无事件风险时，才进入隔夜观察,算力/服务器；相对基准 3.9471%。,中高风险；政策预期;题材波动,沪深300,已跳过,,,,,,重复观察,同一股票同一交易日的15分钟重复观察已去重，不重复计入胜率。
2026-07-16,05:00:54,A股,002594,比亚迪,stock,2,盘中：强势观察,当前 93.73,92.98-94.29,97.01-98.42,91.39,跌破观察区下沿、弱于基准、板块转弱或出现公告/新闻风险,91,75,收盘前仍强于基准且无事件风险时，才进入隔夜观察,新能源车；相对基准 3.0556%。,中风险；销量/价格战;海外政策风险,沪深300,已跳过,,,,,,重复观察,同一股票同一交易日的15分钟重复观察已去重，不重复计入胜率。
2026-07-16,05:00:54,A股,601899,紫金矿业,stock,3,盘中：强势观察,当前 29.46,29.22-29.64,30.49-30.93,28.72,跌破观察区下沿、弱于基准、板块转弱或出现公告/新闻风险,89,75,收盘前仍强于基准且无事件风险时，才进入隔夜观察,有色/黄金铜；相对基准 3.0939%。,中高风险；商品价格;汇率;海外矿山风险,沪深300,已跳过,,,,,,重复观察,同一股票同一交易日的15分钟重复观察已去重，不重复计入胜率。
2026-07-16,05:00:54,A股,000977,浪潮信息,stock,4,盘中：强势观察,当前 86.43,85.74-86.95,89.46-90.75,84.27,跌破观察区下沿、弱于基准、板块转弱或出现公告/新闻风险,86,75,收盘前仍强于基准且无事件风险时，才进入隔夜观察,服务器/算力；相对基准 2.9512%。,中高风险；政策与订单预期;波动较大,沪深300,已跳过,,,,,,重复观察,同一股票同一交易日的15分钟重复观察已去重，不重复计入胜率。
2026-07-16,05:00:54,A股,603501,豪威集团,stock,5,盘中：强势观察,当前 112.79,111.89-113.47,116.74-118.43,109.97,跌破观察区下沿、弱于基准、板块转弱或出现公告/新闻风险,86,75,收盘前仍强于基准且无事件风险时，才进入隔夜观察,半导体设计；相对基准 2.4116%。,中高风险；消费电子周期;业绩预期,沪深300,已复盘,109.03,104.12,-3.33%,-7.69%,数据不足,未触发,模拟执行未进入买入观察区，不计入胜率；继续检验观察区是否过窄。
2026-07-16,05:15:54,A股,A_SHARE_DATA_INSUFFICIENT,A股行情时间戳过旧，本轮跳过评分,skip,0,数据不足/本轮跳过,数据不足,数据不足,数据不足,数据不足,等待下一轮可核验行情后再评估,,,不判断隔夜,A股行情时间戳过旧，本轮跳过评分,行情时间戳过旧或关键字段不足时不输出价格、评分、止盈止损,,数据不足/本轮跳过,,,,,,不计胜率,等待下一轮可核验行情后再运行评分
2026-07-16,05:30:58,A股,A_SHARE_DATA_INSUFFICIENT,A股行情时间戳过旧，本轮跳过评分,skip,0,数据不足/本轮跳过,数据不足,数据不足,数据不足,数据不足,等待下一轮可核验行情后再评估,,,不判断隔夜,A股行情时间戳过旧，本轮跳过评分,行情时间戳过旧或关键字段不足时不输出价格、评分、止盈止损,,数据不足/本轮跳过,,,,,,不计胜率,等待下一轮可核验行情后再运行评分
2026-07-16,05:45:45,A股,A_SHARE_DATA_INSUFFICIENT,A股行情时间戳过旧，本轮跳过评分,skip,0,数据不足/本轮跳过,数据不足,数据不足,数据不足,数据不足,等待下一轮可核验行情后再评估,,,不判断隔夜,A股行情时间戳过旧，本轮跳过评分,行情时间戳过旧或关键字段不足时不输出价格、评分、止盈止损,,数据不足/本轮跳过,,,,,,不计胜率,等待下一轮可核验行情后再运行评分
2026-07-16,07:00:50,A股,002594,比亚迪,stock,1,盘中：强势观察,当前 93.93,93.18-94.49,97.22-98.63,91.58,跌破观察区下沿、弱于基准、板块转弱或出现公告/新闻风险,91,75,收盘前仍强于基准且无事件风险时，才进入隔夜观察,新能源车；相对基准 3.9276%。,中风险；销量/价格战;海外政策风险,沪深300,已跳过,,,,,,重复观察,同一股票同一交易日的15分钟重复观察已去重，不重复计入胜率。
2026-07-16,07:00:50,A股,603019,中科曙光,stock,2,盘中：强势观察,当前 98.59,97.80-99.18,102.04-103.52,96.13,跌破观察区下沿、弱于基准、板块转弱或出现公告/新闻风险,89,75,收盘前仍强于基准且无事件风险时，才进入隔夜观察,算力/服务器；相对基准 3.454%。,中高风险；政策预期;题材波动,沪深300,已跳过,,,,,,重复观察,同一股票同一交易日的15分钟重复观察已去重，不重复计入胜率。
2026-07-16,07:00:50,A股,601899,紫金矿业,stock,3,盘中：强势观察,当前 29.32,29.09-29.50,30.35-30.79,28.59,跌破观察区下沿、弱于基准、板块转弱或出现公告/新闻风险,88,75,收盘前仍强于基准且无事件风险时，才进入隔夜观察,有色/黄金铜；相对基准 3.2623%。,中高风险；商品价格;汇率;海外矿山风险,沪深300,已跳过,,,,,,重复观察,同一股票同一交易日的15分钟重复观察已去重，不重复计入胜率。
2026-07-16,07:00:50,A股,600519,贵州茅台,stock,4,盘中：候选观察,当前 1261.51,1251.42-1269.08,1305.66-1324.59,1229.97,跌破观察区下沿、弱于基准、板块转弱或出现公告/新闻风险,75,40,隔夜降权：只做观察，不作为自动模拟买入；需次日重新确认强于基准和尾盘承接。,消费/白酒；相对基准 2.398%。,低风险；消费预期;外资权重波动,沪深300,已跳过,,,,,,重复观察,同一股票同一交易日的15分钟重复观察已去重，不重复计入胜率。
2026-07-16,07:00:50,A股,000977,浪潮信息,stock,5,盘中：候选观察,当前 85.31,84.63-85.82,88.30-89.58,83.18,跌破观察区下沿、弱于基准、板块转弱或出现公告/新闻风险,74,50,隔夜降权：只做观察，不作为自动模拟买入；需次日重新确认强于基准和尾盘承接。,服务器/算力；相对基准 2.2829%。,中高风险；政策与订单预期;波动较大,沪深300,已跳过,,,,,,重复观察,同一股票同一交易日的15分钟重复观察已去重，不重复计入胜率。
2026-07-16,07:15:53,A股,002594,比亚迪,stock,1,盘中：强势观察,当前 94.00,93.25-94.56,97.29-98.70,91.65,跌破观察区下沿、弱于基准、板块转弱或出现公告/新闻风险,91,75,收盘前仍强于基准且无事件风险时，才进入隔夜观察,新能源车；相对基准 4.2172%。,中风险；销量/价格战;海外政策风险,沪深300,已跳过,,,,,,重复观察,同一股票同一交易日的15分钟重复观察已去重，不重复计入胜率。
2026-07-16,07:15:53,A股,601899,紫金矿业,stock,2,盘中：强势观察,当前 29.41,29.17-29.59,30.44-30.88,28.67,跌破观察区下沿、弱于基准、板块转弱或出现公告/新闻风险,89,75,收盘前仍强于基准且无事件风险时，才进入隔夜观察,有色/黄金铜；相对基准 3.7878%。,中高风险；商品价格;汇率;海外矿山风险,沪深300,已跳过,,,,,,重复观察,同一股票同一交易日的15分钟重复观察已去重，不重复计入胜率。
2026-07-16,07:15:53,A股,603019,中科曙光,stock,3,盘中：强势观察,当前 98.07,97.29-98.66,101.50-102.97,95.62,跌破观察区下沿、弱于基准、板块转弱或出现公告/新闻风险,88,75,收盘前仍强于基准且无事件风险时，才进入隔夜观察,算力/服务器；相对基准 3.1299%。,中高风险；政策预期;题材波动,沪深300,已跳过,,,,,,重复观察,同一股票同一交易日的15分钟重复观察已去重，不重复计入胜率。
2026-07-16,07:15:53,A股,000977,浪潮信息,stock,4,盘中：候选观察,当前 84.86,84.18-85.37,87.83-89.10,82.74,跌破观察区下沿、弱于基准、板块转弱或出现公告/新闻风险,74,50,隔夜降权：只做观察，不作为自动模拟买入；需次日重新确认强于基准和尾盘承接。,服务器/算力；相对基准 1.9649%。,中高风险；政策与订单预期;波动较大,沪深300,已跳过,,,,,,重复观察,同一股票同一交易日的15分钟重复观察已去重，不重复计入胜率。
2026-07-16,07:15:53,A股,600519,贵州茅台,stock,5,盘中：候选观察,当前 1260.50,1250.42-1268.06,1304.62-1323.53,1228.99,跌破观察区下沿、弱于基准、板块转弱或出现公告/新闻风险,74,40,隔夜降权：只做观察，不作为自动模拟买入；需次日重新确认强于基准和尾盘承接。,消费/白酒；相对基准 2.5306%。,低风险；消费预期;外资权重波动,沪深300,已跳过,,,,,,重复观察,同一股票同一交易日的15分钟重复观察已去重，不重复计入胜率。
2026-07-16,07:30:59,A股,002594,比亚迪,stock,1,盘中：强势观察,当前 94.06,93.31-94.62,97.35-98.76,91.71,跌破观察区下沿、弱于基准、板块转弱或出现公告/新闻风险,91,75,收盘前仍强于基准且无事件风险时，才进入隔夜观察,新能源车；相对基准 4.3884%。,中风险；销量/价格战;海外政策风险,沪深300,已跳过,,,,,,重复观察,同一股票同一交易日的15分钟重复观察已去重，不重复计入胜率。
2026-07-16,07:30:59,A股,603019,中科曙光,stock,2,盘中：强势观察,当前 98.11,97.33-98.70,101.54-103.02,95.66,跌破观察区下沿、弱于基准、板块转弱或出现公告/新闻风险,88,75,收盘前仍强于基准且无事件风险时，才进入隔夜观察,算力/服务器；相对基准 3.2771%。,中高风险；政策预期;题材波动,沪深300,已跳过,,,,,,重复观察,同一股票同一交易日的15分钟重复观察已去重，不重复计入胜率。
2026-07-16,07:30:59,A股,601899,紫金矿业,stock,3,盘中：强势观察,当前 29.34,29.11-29.52,30.37-30.81,28.61,跌破观察区下沿、弱于基准、板块转弱或出现公告/新闻风险,88,75,收盘前仍强于基准且无事件风险时，才进入隔夜观察,有色/黄金铜；相对基准 3.6509%。,中高风险；商品价格;汇率;海外矿山风险,沪深300,已跳过,,,,,,重复观察,同一股票同一交易日的15分钟重复观察已去重，不重复计入胜率。
2026-07-16,07:30:59,A股,600519,贵州茅台,stock,4,盘中：候选观察,当前 1262.00,1251.90-1269.57,1306.17-1325.10,1230.45,跌破观察区下沿、弱于基准、板块转弱或出现公告/新闻风险,75,40,隔夜降权：只做观察，不作为自动模拟买入；需次日重新确认强于基准和尾盘承接。,消费/白酒；相对基准 2.7564%。,低风险；消费预期;外资权重波动,沪深300,已跳过,,,,,,重复观察,同一股票同一交易日的15分钟重复观察已去重，不重复计入胜率。
2026-07-16,07:30:59,A股,601138,工业富联,stock,5,盘中：候选观察,当前 63.10,62.60-63.48,65.31-66.26,61.52,跌破观察区下沿、弱于基准、板块转弱或出现公告/新闻风险,74,85,收盘前仍强于基准且无事件风险时，才进入隔夜观察,AI硬件/服务器；相对基准 3.1614%。,中高风险；题材拥挤;尾盘兑现;公告风险,科创50,已跳过,,,,,,重复观察,同一股票同一交易日的15分钟重复观察已去重，不重复计入胜率。
2026-07-16,07:45:55,A股,002594,比亚迪,stock,1,盘中：强势观察,当前 94.15,93.40-94.71,97.45-98.86,91.80,跌破观察区下沿、弱于基准、板块转弱或出现公告/新闻风险,91,75,收盘前仍强于基准且无事件风险时，才进入隔夜观察,新能源车；相对基准 4.7395%。,中风险；销量/价格战;海外政策风险,沪深300,已跳过,,,,,,重复观察,同一股票同一交易日的15分钟重复观察已去重，不重复计入胜率。
2026-07-16,07:45:55,A股,603019,中科曙光,stock,2,盘中：强势观察,当前 97.87,97.09-98.46,101.30-102.76,95.42,跌破观察区下沿、弱于基准、板块转弱或出现公告/新闻风险,86,65,隔夜降权：只做观察，不作为自动模拟买入；需次日重新确认强于基准和尾盘承接。,算力/服务器；相对基准 3.2821%。,中高风险；政策预期;题材波动,沪深300,已跳过,,,,,,重复观察,同一股票同一交易日的15分钟重复观察已去重，不重复计入胜率。
2026-07-16,07:45:55,A股,601899,紫金矿业,stock,3,盘中：强势观察,当前 29.18,28.95-29.36,30.20-30.64,28.45,跌破观察区下沿、弱于基准、板块转弱或出现公告/新闻风险,83,50,隔夜降权：只做观察，不作为自动模拟买入；需次日重新确认强于基准和尾盘承接。,有色/黄金铜；相对基准 3.3489%。,中高风险；商品价格;汇率;海外矿山风险,沪深300,已跳过,,,,,,重复观察,同一股票同一交易日的15分钟重复观察已去重，不重复计入胜率。
2026-07-16,07:45:55,A股,000977,浪潮信息,stock,4,盘中：候选观察,当前 84.75,84.07-85.26,87.72-88.99,82.63,跌破观察区下沿、弱于基准、板块转弱或出现公告/新闻风险,74,50,隔夜降权：只做观察，不作为自动模拟买入；需次日重新确认强于基准和尾盘承接。,服务器/算力；相对基准 2.1939%。,中高风险；政策与订单预期;波动较大,沪深300,已跳过,,,,,,重复观察,同一股票同一交易日的15分钟重复观察已去重，不重复计入胜率。
2026-07-16,07:45:55,A股,600519,贵州茅台,stock,5,盘中：边缘观察,当前 1258.64,1248.57-1266.19,1302.69-1321.57,1227.17,跌破观察区下沿、弱于基准、板块转弱或出现公告/新闻风险,70,20,隔夜降权：只做观察，不作为自动模拟买入；需次日重新确认强于基准和尾盘承接。,消费/白酒；相对基准 2.7408%。,低风险；消费预期;外资权重波动,沪深300,已复盘,1269.01,1253.00,+0.82%,-0.45%,数据不足,未触发,模拟执行未进入买入观察区，不计入胜率；继续检验观察区是否过窄。
2026-07-16,08:00:58,A股,002594,比亚迪,stock,1,盘中：强势观察,当前 94.14,93.39-94.70,97.43-98.85,91.79,跌破观察区下沿、弱于基准、板块转弱或出现公告/新闻风险,91,75,收盘前仍强于基准且无事件风险时，才进入隔夜观察,新能源车；相对基准 4.4394%。,中风险；销量/价格战;海外政策风险,沪深300,已跳过,,,,,,重复观察,同一股票同一交易日的15分钟重复观察已去重，不重复计入胜率。
2026-07-16,08:00:58,A股,601899,紫金矿业,stock,2,盘中：强势观察,当前 29.25,29.02-29.43,30.27-30.71,28.52,跌破观察区下沿、弱于基准、板块转弱或出现公告/新闻风险,83,50,隔夜降权：只做观察，不作为自动模拟买入；需次日重新确认强于基准和尾盘承接。,有色/黄金铜；相对基准 3.3025%。,中高风险；商品价格;汇率;海外矿山风险,沪深300,已跳过,,,,,,重复观察,同一股票同一交易日的15分钟重复观察已去重，不重复计入胜率。
2026-07-16,08:00:58,A股,603019,中科曙光,stock,3,盘中：候选观察,当前 97.66,96.88-98.25,101.08-102.54,95.22,跌破观察区下沿、弱于基准、板块转弱或出现公告/新闻风险,77,65,隔夜降权：只做观察，不作为自动模拟买入；需次日重新确认强于基准和尾盘承接。,算力/服务器；相对基准 2.7758%。,中高风险；政策预期;题材波动,沪深300,已跳过,,,,,,重复观察,同一股票同一交易日的15分钟重复观察已去重，不重复计入胜率。
2026-07-16,08:00:58,A股,000977,浪潮信息,stock,4,盘中：候选观察,当前 85.00,84.32-85.51,87.97-89.25,82.88,跌破观察区下沿、弱于基准、板块转弱或出现公告/新闻风险,74,50,隔夜降权：只做观察，不作为自动模拟买入；需次日重新确认强于基准和尾盘承接。,服务器/算力；相对基准 2.1999%。,中高风险；政策与订单预期;波动较大,沪深300,已跳过,,,,,,重复观察,同一股票同一交易日的15分钟重复观察已去重，不重复计入胜率。
2026-07-16,08:00:58,A股,601138,工业富联,stock,5,盘中：边缘观察,当前 63.02,62.52-63.40,65.23-66.17,61.44,跌破观察区下沿、弱于基准、板块转弱或出现公告/新闻风险,72,75,收盘前仍强于基准且无事件风险时，才进入隔夜观察,AI硬件/服务器；相对基准 3.079%。,中高风险；题材拥挤;尾盘兑现;公告风险,科创50,已跳过,,,,,,重复观察,同一股票同一交易日的15分钟重复观察已去重，不重复计入胜率。
2026-07-16,08:16:01,A股,002594,比亚迪,stock,1,盘中：强势观察,当前 94.14,93.39-94.70,97.43-98.85,91.79,跌破观察区下沿、弱于基准、板块转弱或出现公告/新闻风险,91,75,收盘前仍强于基准且无事件风险时，才进入隔夜观察,新能源车；相对基准 4.4394%。,中风险；销量/价格战;海外政策风险,沪深300,已跳过,,,,,,重复观察,同一股票同一交易日的15分钟重复观察已去重，不重复计入胜率。
2026-07-16,08:16:01,A股,601899,紫金矿业,stock,2,盘中：强势观察,当前 29.25,29.02-29.43,30.27-30.71,28.52,跌破观察区下沿、弱于基准、板块转弱或出现公告/新闻风险,83,50,隔夜降权：只做观察，不作为自动模拟买入；需次日重新确认强于基准和尾盘承接。,有色/黄金铜；相对基准 3.3025%。,中高风险；商品价格;汇率;海外矿山风险,沪深300,已跳过,,,,,,重复观察,同一股票同一交易日的15分钟重复观察已去重，不重复计入胜率。
2026-07-16,08:16:01,A股,603019,中科曙光,stock,3,盘中：候选观察,当前 97.66,96.88-98.25,101.08-102.54,95.22,跌破观察区下沿、弱于基准、板块转弱或出现公告/新闻风险,77,65,隔夜降权：只做观察，不作为自动模拟买入；需次日重新确认强于基准和尾盘承接。,算力/服务器；相对基准 2.7758%。,中高风险；政策预期;题材波动,沪深300,已跳过,,,,,,重复观察,同一股票同一交易日的15分钟重复观察已去重，不重复计入胜率。
2026-07-16,08:16:01,A股,000977,浪潮信息,stock,4,盘中：候选观察,当前 85.00,84.32-85.51,87.97-89.25,82.88,跌破观察区下沿、弱于基准、板块转弱或出现公告/新闻风险,74,50,隔夜降权：只做观察，不作为自动模拟买入；需次日重新确认强于基准和尾盘承接。,服务器/算力；相对基准 2.1999%。,中高风险；政策与订单预期;波动较大,沪深300,已跳过,,,,,,重复观察,同一股票同一交易日的15分钟重复观察已去重，不重复计入胜率。
2026-07-16,08:16:01,A股,601138,工业富联,stock,5,盘中：边缘观察,当前 63.02,62.52-63.40,65.23-66.17,61.44,跌破观察区下沿、弱于基准、板块转弱或出现公告/新闻风险,72,75,收盘前仍强于基准且无事件风险时，才进入隔夜观察,AI硬件/服务器；相对基准 3.079%。,中高风险；题材拥挤;尾盘兑现;公告风险,科创50,已跳过,,,,,,重复观察,同一股票同一交易日的15分钟重复观察已去重，不重复计入胜率。
2026-07-16,08:31:02,A股,002594,比亚迪,stock,1,盘中：强势观察,当前 94.14,93.39-94.70,97.43-98.85,91.79,跌破观察区下沿、弱于基准、板块转弱或出现公告/新闻风险,91,75,收盘前仍强于基准且无事件风险时，才进入隔夜观察,新能源车；相对基准 4.4394%。,中风险；销量/价格战;海外政策风险,沪深300,已跳过,,,,,,重复观察,同一股票同一交易日的15分钟重复观察已去重，不重复计入胜率。
2026-07-16,08:31:02,A股,601899,紫金矿业,stock,2,盘中：强势观察,当前 29.25,29.02-29.43,30.27-30.71,28.52,跌破观察区下沿、弱于基准、板块转弱或出现公告/新闻风险,83,50,隔夜降权：只做观察，不作为自动模拟买入；需次日重新确认强于基准和尾盘承接。,有色/黄金铜；相对基准 3.3025%。,中高风险；商品价格;汇率;海外矿山风险,沪深300,已跳过,,,,,,重复观察,同一股票同一交易日的15分钟重复观察已去重，不重复计入胜率。
2026-07-16,08:31:02,A股,603019,中科曙光,stock,3,盘中：候选观察,当前 97.66,96.88-98.25,101.08-102.54,95.22,跌破观察区下沿、弱于基准、板块转弱或出现公告/新闻风险,77,65,隔夜降权：只做观察，不作为自动模拟买入；需次日重新确认强于基准和尾盘承接。,算力/服务器；相对基准 2.7758%。,中高风险；政策预期;题材波动,沪深300,已跳过,,,,,,重复观察,同一股票同一交易日的15分钟重复观察已去重，不重复计入胜率。
2026-07-16,08:31:02,A股,000977,浪潮信息,stock,4,盘中：候选观察,当前 85.00,84.32-85.51,87.97-89.25,82.88,跌破观察区下沿、弱于基准、板块转弱或出现公告/新闻风险,74,50,隔夜降权：只做观察，不作为自动模拟买入；需次日重新确认强于基准和尾盘承接。,服务器/算力；相对基准 2.1999%。,中高风险；政策与订单预期;波动较大,沪深300,已跳过,,,,,,重复观察,同一股票同一交易日的15分钟重复观察已去重，不重复计入胜率。
2026-07-16,08:31:02,A股,601138,工业富联,stock,5,盘中：边缘观察,当前 63.02,62.52-63.40,65.23-66.17,61.44,跌破观察区下沿、弱于基准、板块转弱或出现公告/新闻风险,72,75,收盘前仍强于基准且无事件风险时，才进入隔夜观察,AI硬件/服务器；相对基准 3.079%。,中高风险；题材拥挤;尾盘兑现;公告风险,科创50,已跳过,,,,,,重复观察,同一股票同一交易日的15分钟重复观察已去重，不重复计入胜率。
2026-07-16,08:46:00,A股,002594,比亚迪,stock,1,盘中：强势观察,当前 94.14,93.39-94.70,97.43-98.85,91.79,跌破观察区下沿、弱于基准、板块转弱或出现公告/新闻风险,91,75,收盘前仍强于基准且无事件风险时，才进入隔夜观察,新能源车；相对基准 4.4394%。,中风险；销量/价格战;海外政策风险,沪深300,已复盘,94.14,93.47,0.00%,-0.71%,数据不足,未触发,模拟执行未进入买入观察区，不计入胜率；继续检验观察区是否过窄。
2026-07-16,08:46:00,A股,601899,紫金矿业,stock,2,盘中：强势观察,当前 29.25,29.02-29.43,30.27-30.71,28.52,跌破观察区下沿、弱于基准、板块转弱或出现公告/新闻风险,83,50,隔夜降权：只做观察，不作为自动模拟买入；需次日重新确认强于基准和尾盘承接。,有色/黄金铜；相对基准 3.3025%。,中高风险；商品价格;汇率;海外矿山风险,沪深300,已复盘,28.65,28.36,-2.05%,-3.04%,数据不足,未触发,模拟执行未进入买入观察区，不计入胜率；继续检验观察区是否过窄。
2026-07-16,08:46:00,A股,603019,中科曙光,stock,3,盘中：候选观察,当前 97.66,96.88-98.25,101.08-102.54,95.22,跌破观察区下沿、弱于基准、板块转弱或出现公告/新闻风险,77,65,隔夜降权：只做观察，不作为自动模拟买入；需次日重新确认强于基准和尾盘承接。,算力/服务器；相对基准 2.7758%。,中高风险；政策预期;题材波动,沪深300,已复盘,96.67,87.89,-1.01%,-10.00%,数据不足,失败,模拟买入后收盘或相对表现不足，降低该条件权重。
2026-07-16,08:46:00,A股,000977,浪潮信息,stock,4,盘中：候选观察,当前 85.00,84.32-85.51,87.97-89.25,82.88,跌破观察区下沿、弱于基准、板块转弱或出现公告/新闻风险,74,50,隔夜降权：只做观察，不作为自动模拟买入；需次日重新确认强于基准和尾盘承接。,服务器/算力；相对基准 2.1999%。,中高风险；政策与订单预期;波动较大,沪深300,已复盘,85.01,77.40,+0.01%,-8.94%,数据不足,失败,模拟买入后收盘或相对表现不足，降低该条件权重。
2026-07-16,08:46:00,A股,601138,工业富联,stock,5,盘中：边缘观察,当前 63.02,62.52-63.40,65.23-66.17,61.44,跌破观察区下沿、弱于基准、板块转弱或出现公告/新闻风险,72,75,收盘前仍强于基准且无事件风险时，才进入隔夜观察,AI硬件/服务器；相对基准 3.079%。,中高风险；题材拥挤;尾盘兑现;公告风险,科创50,已复盘,62.02,57.59,-1.59%,-8.62%,数据不足,失败,模拟买入后收盘或相对表现不足，降低该条件权重。
2026-07-16,15:01:19,美股,AAPL,Apple Inc.,stock,1,盘中：边缘观察,当前 330.75,328.10-332.73,342.33-347.29,322.48,跌破观察区下沿、弱于基准、板块转弱或出现公告/新闻风险,71,30,收盘前仍强于基准且无事件风险时，才进入隔夜观察,消费电子/大科技；相对基准 2.1056%。,中风险；产品周期;中国市场;监管,QQQ,已跳过,,,,,,重复观察,同一股票同一交易日的15分钟重复观察已去重，不重复计入胜率。
2026-07-16,15:16:26,美股,KLAC,KLA Corporation,stock,1,盘中：候选观察,当前 225.67,223.86-227.02,233.57-236.95,220.03,跌破观察区下沿、弱于基准、板块转弱或出现公告/新闻风险,76,65,收盘前仍强于基准且无事件风险时，才进入隔夜观察,半导体设备/检测；相对基准 2.4898%。,中风险；估值;财报风险,SMH,已复盘,208.45,212.75,-7.63%,-5.73%,数据不足,未触发,模拟执行未进入买入观察区，不计入胜率；继续检验观察区是否过窄。
2026-07-16,15:16:26,美股,ASML,ASML Holding N.V.,stock,2,盘中：边缘观察,当前 1827.59,1812.96-1838.55,1891.55-1918.96,1781.90,跌破观察区下沿、弱于基准、板块转弱或出现公告/新闻风险,72,65,收盘前仍强于基准且无事件风险时，才进入隔夜观察,半导体设备；相对基准 2.647%。,中风险；出口限制;订单周期;欧洲ADR波动,SMH,已跳过,,,,,,重复观察,同一股票同一交易日的15分钟重复观察已去重，不重复计入胜率。
2026-07-16,15:16:26,美股,AAPL,Apple Inc.,stock,3,盘中：边缘观察,当前 328.65,326.02-330.63,340.16-345.09,320.44,跌破观察区下沿、弱于基准、板块转弱或出现公告/新闻风险,70,30,收盘前仍强于基准且无事件风险时，才进入隔夜观察,消费电子/大科技；相对基准 1.095%。,中风险；产品周期;中国市场;监管,QQQ,已跳过,,,,,,重复观察,同一股票同一交易日的15分钟重复观察已去重，不重复计入胜率。
2026-07-16,15:31:18,美股,GOOGL,Alphabet Inc.,stock,1,盘中：候选观察,当前 373.42,370.43-375.66,386.49-392.09,364.08,跌破观察区下沿、弱于基准、板块转弱或出现公告/新闻风险,77,65,收盘前仍强于基准且无事件风险时，才进入隔夜观察,AI应用/广告/云；相对基准 1.4689%。,中风险；监管;广告周期;财报跳空,QQQ,已跳过,,,,,,重复观察,同一股票同一交易日的15分钟重复观察已去重，不重复计入胜率。
2026-07-16,15:31:18,美股,AMZN,"Amazon.com, Inc.",stock,2,盘中：候选观察,当前 255.95,253.90-257.49,264.91-268.75,249.55,跌破观察区下沿、弱于基准、板块转弱或出现公告/新闻风险,77,65,收盘前仍强于基准且无事件风险时，才进入隔夜观察,云/电商/AI资本开支；相对基准 1.1832%。,中风险；利润率;资本开支;消费,QQQ,已跳过,,,,,,重复观察,同一股票同一交易日的15分钟重复观察已去重，不重复计入胜率。
2026-07-16,15:31:18,美股,MSFT,Microsoft Corporation,stock,3,盘中：候选观察,当前 396.59,393.42-398.97,410.47-416.42,386.68,跌破观察区下沿、弱于基准、板块转弱或出现公告/新闻风险,75,65,收盘前仍强于基准且无事件风险时，才进入隔夜观察,AI云/软件；相对基准 1.0376%。,中风险；监管;财报;AI资本开支担忧,QQQ,已跳过,,,,,,重复观察,同一股票同一交易日的15分钟重复观察已去重，不重复计入胜率。
2026-07-16,15:31:18,美股,ASML,ASML Holding N.V.,stock,4,盘中：边缘观察,当前 1827.22,1812.60-1838.18,1891.17-1918.58,1781.54,跌破观察区下沿、弱于基准、板块转弱或出现公告/新闻风险,72,65,收盘前仍强于基准且无事件风险时，才进入隔夜观察,半导体设备；相对基准 2.9435%。,中风险；出口限制;订单周期;欧洲ADR波动,SMH,已跳过,,,,,,重复观察,同一股票同一交易日的15分钟重复观察已去重，不重复计入胜率。
2026-07-16,15:31:18,美股,AMAT,"Applied Materials, Inc.",stock,5,盘中：边缘观察,当前 580.38,575.74-583.87,600.70-609.40,565.88,跌破观察区下沿、弱于基准、板块转弱或出现公告/新闻风险,72,65,收盘前仍强于基准且无事件风险时，才进入隔夜观察,半导体设备；相对基准 2.45%。,中风险；订单周期;财报风险,SMH,已跳过,,,,,,重复观察,同一股票同一交易日的15分钟重复观察已去重，不重复计入胜率。
2026-07-16,15:46:23,美股,AMZN,"Amazon.com, Inc.",stock,1,盘中：候选观察,当前 256.56,254.51-258.10,265.54-269.39,250.15,跌破观察区下沿、弱于基准、板块转弱或出现公告/新闻风险,78,65,收盘前仍强于基准且无事件风险时，才进入隔夜观察,云/电商/AI资本开支；相对基准 1.4217%。,中风险；利润率;资本开支;消费,QQQ,已跳过,,,,,,重复观察,同一股票同一交易日的15分钟重复观察已去重，不重复计入胜率。
2026-07-16,15:46:23,美股,MSFT,Microsoft Corporation,stock,2,盘中：候选观察,当前 397.62,394.44-400.01,411.54-417.50,387.68,跌破观察区下沿、弱于基准、板块转弱或出现公告/新闻风险,76,65,收盘前仍强于基准且无事件风险时，才进入隔夜观察,AI云/软件；相对基准 1.2972%。,中风险；监管;财报;AI资本开支担忧,QQQ,已跳过,,,,,,重复观察,同一股票同一交易日的15分钟重复观察已去重，不重复计入胜率。
2026-07-16,15:46:23,美股,ASML,ASML Holding N.V.,stock,3,盘中：候选观察,当前 1827.80,1813.18-1838.77,1891.77-1919.19,1782.11,跌破观察区下沿、弱于基准、板块转弱或出现公告/新闻风险,75,65,收盘前仍强于基准且无事件风险时，才进入隔夜观察,半导体设备；相对基准 3.1891%。,中风险；出口限制;订单周期;欧洲ADR波动,SMH,已跳过,,,,,,重复观察,同一股票同一交易日的15分钟重复观察已去重，不重复计入胜率。
2026-07-16,15:46:23,美股,GOOGL,Alphabet Inc.,stock,4,盘中：候选观察,当前 372.14,369.16-374.37,385.16-390.75,362.84,跌破观察区下沿、弱于基准、板块转弱或出现公告/新闻风险,75,65,收盘前仍强于基准且无事件风险时，才进入隔夜观察,AI应用/广告/云；相对基准 1.1231%。,中风险；监管;广告周期;财报跳空,QQQ,已跳过,,,,,,重复观察,同一股票同一交易日的15分钟重复观察已去重，不重复计入胜率。
2026-07-16,15:46:23,美股,AAPL,Apple Inc.,stock,5,盘中：边缘观察,当前 330.50,327.86-332.49,342.07-347.03,322.24,跌破观察区下沿、弱于基准、板块转弱或出现公告/新闻风险,71,30,收盘前仍强于基准且无事件风险时，才进入隔夜观察,消费电子/大科技；相对基准 1.7118%。,中风险；产品周期;中国市场;监管,QQQ,已跳过,,,,,,重复观察,同一股票同一交易日的15分钟重复观察已去重，不重复计入胜率。
2026-07-16,16:01:23,美股,MSFT,Microsoft Corporation,stock,1,盘中：候选观察,当前 397.14,393.96-399.52,411.04-417.00,387.21,跌破观察区下沿、弱于基准、板块转弱或出现公告/新闻风险,76,65,收盘前仍强于基准且无事件风险时，才进入隔夜观察,AI云/软件；相对基准 1.2497%。,中风险；监管;财报;AI资本开支担忧,QQQ,已跳过,,,,,,重复观察,同一股票同一交易日的15分钟重复观察已去重，不重复计入胜率。
2026-07-16,16:01:23,美股,ASML,ASML Holding N.V.,stock,2,盘中：候选观察,当前 1828.65,1814.02-1839.62,1892.65-1920.08,1782.93,跌破观察区下沿、弱于基准、板块转弱或出现公告/新闻风险,75,65,收盘前仍强于基准且无事件风险时，才进入隔夜观察,半导体设备；相对基准 3.3473%。,中风险；出口限制;订单周期;欧洲ADR波动,SMH,已跳过,,,,,,重复观察,同一股票同一交易日的15分钟重复观察已去重，不重复计入胜率。
2026-07-16,16:01:23,美股,GOOGL,Alphabet Inc.,stock,3,盘中：候选观察,当前 372.09,369.11-374.32,385.11-390.69,362.79,跌破观察区下沿、弱于基准、板块转弱或出现公告/新闻风险,75,65,收盘前仍强于基准且无事件风险时，才进入隔夜观察,AI应用/广告/云；相对基准 1.1834%。,中风险；监管;广告周期;财报跳空,QQQ,已跳过,,,,,,重复观察,同一股票同一交易日的15分钟重复观察已去重，不重复计入胜率。
2026-07-16,16:01:23,美股,AMAT,"Applied Materials, Inc.",stock,4,盘中：边缘观察,当前 579.52,574.88-583.00,599.80-608.50,565.03,跌破观察区下沿、弱于基准、板块转弱或出现公告/新闻风险,72,65,收盘前仍强于基准且无事件风险时，才进入隔夜观察,半导体设备；相对基准 2.6257%。,中风险；订单周期;财报风险,SMH,已复盘,532.40,529.66,-8.13%,-8.60%,数据不足,未触发,模拟执行未进入买入观察区，不计入胜率；继续检验观察区是否过窄。
2026-07-16,16:01:23,美股,AAPL,Apple Inc.,stock,5,盘中：边缘观察,当前 330.12,327.48-332.10,341.67-346.63,321.87,跌破观察区下沿、弱于基准、板块转弱或出现公告/新闻风险,71,30,收盘前仍强于基准且无事件风险时，才进入隔夜观察,消费电子/大科技；相对基准 1.668%。,中风险；产品周期;中国市场;监管,QQQ,已跳过,,,,,,重复观察,同一股票同一交易日的15分钟重复观察已去重，不重复计入胜率。
2026-07-16,16:16:23,美股,MSFT,Microsoft Corporation,stock,1,盘中：候选观察,当前 397.65,394.47-400.04,411.57-417.53,387.71,跌破观察区下沿、弱于基准、板块转弱或出现公告/新闻风险,76,65,收盘前仍强于基准且无事件风险时，才进入隔夜观察,AI云/软件；相对基准 1.7213%。,中风险；监管;财报;AI资本开支担忧,QQQ,已跳过,,,,,,重复观察,同一股票同一交易日的15分钟重复观察已去重，不重复计入胜率。
2026-07-16,16:16:23,美股,ASML,ASML Holding N.V.,stock,2,盘中：候选观察,当前 1818.20,1803.65-1829.11,1881.84-1909.11,1772.74,跌破观察区下沿、弱于基准、板块转弱或出现公告/新闻风险,75,65,收盘前仍强于基准且无事件风险时，才进入隔夜观察,半导体设备；相对基准 3.4825%。,中风险；出口限制;订单周期;欧洲ADR波动,SMH,已跳过,,,,,,重复观察,同一股票同一交易日的15分钟重复观察已去重，不重复计入胜率。
2026-07-16,16:16:23,美股,GOOGL,Alphabet Inc.,stock,3,盘中：候选观察,当前 371.58,368.61-373.81,384.59-390.16,362.29,跌破观察区下沿、弱于基准、板块转弱或出现公告/新闻风险,75,65,收盘前仍强于基准且无事件风险时，才进入隔夜观察,AI应用/广告/云；相对基准 1.3886%。,中风险；监管;广告周期;财报跳空,QQQ,已跳过,,,,,,重复观察,同一股票同一交易日的15分钟重复观察已去重，不重复计入胜率。
2026-07-16,16:16:23,美股,AMZN,"Amazon.com, Inc.",stock,4,盘中：候选观察,当前 255.25,253.21-256.78,264.18-268.01,248.87,跌破观察区下沿、弱于基准、板块转弱或出现公告/新闻风险,75,65,收盘前仍强于基准且无事件风险时，才进入隔夜观察,云/电商/AI资本开支；相对基准 1.3244%。,中风险；利润率;资本开支;消费,QQQ,已跳过,,,,,,重复观察,同一股票同一交易日的15分钟重复观察已去重，不重复计入胜率。
2026-07-16,16:16:23,美股,AAPL,Apple Inc.,stock,5,盘中：边缘观察,当前 330.20,327.56-332.19,341.76-346.72,321.95,跌破观察区下沿、弱于基准、板块转弱或出现公告/新闻风险,71,30,收盘前仍强于基准且无事件风险时，才进入隔夜观察,消费电子/大科技；相对基准 2.0367%。,中风险；产品周期;中国市场;监管,QQQ,已跳过,,,,,,重复观察,同一股票同一交易日的15分钟重复观察已去重，不重复计入胜率。
2026-07-16,16:31:27,美股,MSFT,Microsoft Corporation,stock,1,盘中：候选观察,当前 398.71,395.52-401.10,412.66-418.65,388.74,跌破观察区下沿、弱于基准、板块转弱或出现公告/新闻风险,78,65,收盘前仍强于基准且无事件风险时，才进入隔夜观察,AI云/软件；相对基准 1.7886%。,中风险；监管;财报;AI资本开支担忧,QQQ,已跳过,,,,,,重复观察,同一股票同一交易日的15分钟重复观察已去重，不重复计入胜率。
2026-07-16,16:31:27,美股,AMZN,"Amazon.com, Inc.",stock,2,盘中：候选观察,当前 255.48,253.44-257.01,264.42-268.25,249.09,跌破观察区下沿、弱于基准、板块转弱或出现公告/新闻风险,77,65,收盘前仍强于基准且无事件风险时，才进入隔夜观察,云/电商/AI资本开支；相对基准 1.2141%。,中风险；利润率;资本开支;消费,QQQ,已跳过,,,,,,重复观察,同一股票同一交易日的15分钟重复观察已去重，不重复计入胜率。
2026-07-16,16:31:27,美股,ASML,ASML Holding N.V.,stock,3,盘中：候选观察,当前 1823.08,1808.50-1834.02,1886.89-1914.23,1777.50,跌破观察区下沿、弱于基准、板块转弱或出现公告/新闻风险,75,65,收盘前仍强于基准且无事件风险时，才进入隔夜观察,半导体设备；相对基准 3.4161%。,中风险；出口限制;订单周期;欧洲ADR波动,SMH,已跳过,,,,,,重复观察,同一股票同一交易日的15分钟重复观察已去重，不重复计入胜率。
2026-07-16,16:31:27,美股,GOOGL,Alphabet Inc.,stock,4,盘中：边缘观察,当前 371.21,368.25-373.44,384.21-389.78,361.93,跌破观察区下沿、弱于基准、板块转弱或出现公告/新闻风险,72,65,收盘前仍强于基准且无事件风险时，才进入隔夜观察,AI应用/广告/云；相对基准 1.0896%。,中风险；监管;广告周期;财报跳空,QQQ,已跳过,,,,,,重复观察,同一股票同一交易日的15分钟重复观察已去重，不重复计入胜率。
2026-07-16,16:31:27,美股,AAPL,Apple Inc.,stock,5,盘中：边缘观察,当前 330.65,328.01-332.64,342.23-347.19,322.39,跌破观察区下沿、弱于基准、板块转弱或出现公告/新闻风险,71,30,收盘前仍强于基准且无事件风险时，才进入隔夜观察,消费电子/大科技；相对基准 1.9735%。,中风险；产品周期;中国市场;监管,QQQ,已跳过,,,,,,重复观察,同一股票同一交易日的15分钟重复观察已去重，不重复计入胜率。
2026-07-16,16:46:25,美股,AAPL,Apple Inc.,stock,1,盘中：候选观察,当前 331.34,328.69-333.32,342.93-347.90,323.05,跌破观察区下沿、弱于基准、板块转弱或出现公告/新闻风险,79,30,收盘前仍强于基准且无事件风险时，才进入隔夜观察,消费电子/大科技；相对基准 2.2748%。,中风险；产品周期;中国市场;监管,QQQ,已跳过,,,,,,重复观察,同一股票同一交易日的15分钟重复观察已去重，不重复计入胜率。
2026-07-16,16:46:25,美股,MSFT,Microsoft Corporation,stock,2,盘中：候选观察,当前 399.18,395.99-401.58,413.15-419.14,389.20,跌破观察区下沿、弱于基准、板块转弱或出现公告/新闻风险,78,65,收盘前仍强于基准且无事件风险时，才进入隔夜观察,AI云/软件；相对基准 2.0008%。,中风险；监管;财报;AI资本开支担忧,QQQ,已跳过,,,,,,重复观察,同一股票同一交易日的15分钟重复观察已去重，不重复计入胜率。
2026-07-16,16:46:25,美股,AMZN,"Amazon.com, Inc.",stock,3,盘中：候选观察,当前 255.60,253.56-257.14,264.55-268.39,249.21,跌破观察区下沿、弱于基准、板块转弱或出现公告/新闻风险,77,65,收盘前仍强于基准且无事件风险时，才进入隔夜观察,云/电商/AI资本开支；相对基准 1.3565%。,中风险；利润率;资本开支;消费,QQQ,已跳过,,,,,,重复观察,同一股票同一交易日的15分钟重复观察已去重，不重复计入胜率。
2026-07-16,16:46:25,美股,ASML,ASML Holding N.V.,stock,4,盘中：候选观察,当前 1819.38,1804.82-1830.30,1883.06-1910.35,1773.90,跌破观察区下沿、弱于基准、板块转弱或出现公告/新闻风险,75,65,收盘前仍强于基准且无事件风险时，才进入隔夜观察,半导体设备；相对基准 3.3799%。,中风险；出口限制;订单周期;欧洲ADR波动,SMH,已跳过,,,,,,重复观察,同一股票同一交易日的15分钟重复观察已去重，不重复计入胜率。
2026-07-16,16:46:25,美股,GOOGL,Alphabet Inc.,stock,5,盘中：候选观察,当前 371.83,368.86-374.06,384.85-390.42,362.54,跌破观察区下沿、弱于基准、板块转弱或出现公告/新闻风险,75,65,收盘前仍强于基准且无事件风险时，才进入隔夜观察,AI应用/广告/云；相对基准 1.3496%。,中风险；监管;广告周期;财报跳空,QQQ,已跳过,,,,,,重复观察,同一股票同一交易日的15分钟重复观察已去重，不重复计入胜率。
2026-07-16,17:01:15,美股,MSFT,Microsoft Corporation,stock,1,盘中：强势观察,当前 400.07,396.87-402.48,414.08-420.08,390.07,跌破观察区下沿、弱于基准、板块转弱或出现公告/新闻风险,84,65,收盘前仍强于基准且无事件风险时，才进入隔夜观察,AI云/软件；相对基准 2.2284%。,中风险；监管;财报;AI资本开支担忧,QQQ,已跳过,,,,,,重复观察,同一股票同一交易日的15分钟重复观察已去重，不重复计入胜率。
2026-07-16,17:01:15,美股,AAPL,Apple Inc.,stock,2,盘中：候选观察,当前 331.55,328.90-333.54,343.15-348.13,323.26,跌破观察区下沿、弱于基准、板块转弱或出现公告/新闻风险,79,30,收盘前仍强于基准且无事件风险时，才进入隔夜观察,消费电子/大科技；相对基准 2.3415%。,中风险；产品周期;中国市场;监管,QQQ,已跳过,,,,,,重复观察,同一股票同一交易日的15分钟重复观察已去重，不重复计入胜率。
2026-07-16,17:01:15,美股,AMZN,"Amazon.com, Inc.",stock,3,盘中：候选观察,当前 255.93,253.88-257.47,264.89-268.73,249.53,跌破观察区下沿、弱于基准、板块转弱或出现公告/新闻风险,77,65,收盘前仍强于基准且无事件风险时，才进入隔夜观察,云/电商/AI资本开支；相对基准 1.4854%。,中风险；利润率;资本开支;消费,QQQ,已跳过,,,,,,重复观察,同一股票同一交易日的15分钟重复观察已去重，不重复计入胜率。
2026-07-16,17:01:15,美股,ASML,ASML Holding N.V.,stock,4,盘中：候选观察,当前 1817.19,1802.65-1828.09,1880.79-1908.05,1771.76,跌破观察区下沿、弱于基准、板块转弱或出现公告/新闻风险,75,65,收盘前仍强于基准且无事件风险时，才进入隔夜观察,半导体设备；相对基准 3.3617%。,中风险；出口限制;订单周期;欧洲ADR波动,SMH,已复盘,1734.17,1747.58,-4.57%,-3.83%,数据不足,未触发,模拟执行未进入买入观察区，不计入胜率；继续检验观察区是否过窄。
2026-07-16,17:01:15,美股,CRM,"Salesforce, Inc.",stock,5,盘中：候选观察,当前 170.69,169.32-171.71,176.66-179.22,166.42,跌破观察区下沿、弱于基准、板块转弱或出现公告/新闻风险,74,30,收盘前仍强于基准且无事件风险时，才进入隔夜观察,企业软件；相对基准 3.3145%。,中风险；业绩指引;估值,QQQ,已跳过,,,,,,重复观察,同一股票同一交易日的15分钟重复观察已去重，不重复计入胜率。
2026-07-16,17:16:27,美股,MSFT,Microsoft Corporation,stock,1,盘中：强势观察,当前 399.99,396.79-402.38,413.98-419.98,389.99,跌破观察区下沿、弱于基准、板块转弱或出现公告/新闻风险,84,65,收盘前仍强于基准且无事件风险时，才进入隔夜观察,AI云/软件；相对基准 2.4927%。,中风险；监管;财报;AI资本开支担忧,QQQ,已跳过,,,,,,重复观察,同一股票同一交易日的15分钟重复观察已去重，不重复计入胜率。
2026-07-16,17:16:27,美股,AMZN,"Amazon.com, Inc.",stock,2,盘中：候选观察,当前 256.04,253.99-257.58,265.00-268.84,249.64,跌破观察区下沿、弱于基准、板块转弱或出现公告/新闻风险,77,65,收盘前仍强于基准且无事件风险时，才进入隔夜观察,云/电商/AI资本开支；相对基准 1.8155%。,中风险；利润率;资本开支;消费,QQQ,已跳过,,,,,,重复观察,同一股票同一交易日的15分钟重复观察已去重，不重复计入胜率。
2026-07-16,17:16:27,美股,AAPL,Apple Inc.,stock,3,盘中：候选观察,当前 330.83,328.18-332.81,342.41-347.37,322.56,跌破观察区下沿、弱于基准、板块转弱或出现公告/新闻风险,77,30,收盘前仍强于基准且无事件风险时，才进入隔夜观察,消费电子/大科技；相对基准 2.4087%。,中风险；产品周期;中国市场;监管,QQQ,已跳过,,,,,,重复观察,同一股票同一交易日的15分钟重复观察已去重，不重复计入胜率。
2026-07-16,17:16:27,美股,CRM,"Salesforce, Inc.",stock,4,盘中：候选观察,当前 171.40,170.03-172.43,177.40-179.97,167.11,跌破观察区下沿、弱于基准、板块转弱或出现公告/新闻风险,76,30,收盘前仍强于基准且无事件风险时，才进入隔夜观察,企业软件；相对基准 4.0254%。,中风险；业绩指引;估值,QQQ,已跳过,,,,,,重复观察,同一股票同一交易日的15分钟重复观察已去重，不重复计入胜率。
2026-07-16,17:16:27,美股,GOOGL,Alphabet Inc.,stock,5,盘中：边缘观察,当前 371.30,368.33-373.53,384.30-389.87,362.02,跌破观察区下沿、弱于基准、板块转弱或出现公告/新闻风险,72,65,收盘前仍强于基准且无事件风险时，才进入隔夜观察,AI应用/广告/云；相对基准 1.4943%。,中风险；监管;广告周期;财报跳空,QQQ,已跳过,,,,,,重复观察,同一股票同一交易日的15分钟重复观察已去重，不重复计入胜率。
2026-07-16,17:31:31,美股,MSFT,Microsoft Corporation,stock,1,盘中：强势观察,当前 401.40,398.19-403.81,415.45-421.47,391.36,跌破观察区下沿、弱于基准、板块转弱或出现公告/新闻风险,84,65,收盘前仍强于基准且无事件风险时，才进入隔夜观察,AI云/软件；相对基准 2.7918%。,中风险；监管;财报;AI资本开支担忧,QQQ,已跳过,,,,,,重复观察,同一股票同一交易日的15分钟重复观察已去重，不重复计入胜率。
2026-07-16,17:31:31,美股,AAPL,Apple Inc.,stock,2,盘中：候选观察,当前 331.30,328.65-333.29,342.90-347.87,323.02,跌破观察区下沿、弱于基准、板块转弱或出现公告/新闻风险,79,30,收盘前仍强于基准且无事件风险时，才进入隔夜观察,消费电子/大科技；相对基准 2.4937%。,中风险；产品周期;中国市场;监管,QQQ,已跳过,,,,,,重复观察,同一股票同一交易日的15分钟重复观察已去重，不重复计入胜率。
2026-07-16,17:31:31,美股,AMZN,"Amazon.com, Inc.",stock,3,盘中：候选观察,当前 255.72,253.67-257.25,264.67-268.51,249.33,跌破观察区下沿、弱于基准、板块转弱或出现公告/新闻风险,77,65,收盘前仍强于基准且无事件风险时，才进入隔夜观察,云/电商/AI资本开支；相对基准 1.6315%。,中风险；利润率;资本开支;消费,QQQ,已跳过,,,,,,重复观察,同一股票同一交易日的15分钟重复观察已去重，不重复计入胜率。
2026-07-16,17:31:31,美股,CRM,"Salesforce, Inc.",stock,4,盘中：候选观察,当前 171.64,170.27-172.67,177.65-180.22,167.35,跌破观察区下沿、弱于基准、板块转弱或出现公告/新闻风险,76,30,收盘前仍强于基准且无事件风险时，才进入隔夜观察,企业软件；相对基准 4.1118%。,中风险；业绩指引;估值,QQQ,已跳过,,,,,,重复观察,同一股票同一交易日的15分钟重复观察已去重，不重复计入胜率。
2026-07-16,17:31:31,美股,GOOGL,Alphabet Inc.,stock,5,盘中：候选观察,当前 371.71,368.74-373.94,384.72-390.30,362.42,跌破观察区下沿、弱于基准、板块转弱或出现公告/新闻风险,75,65,收盘前仍强于基准且无事件风险时，才进入隔夜观察,AI应用/广告/云；相对基准 1.5464%。,中风险；监管;广告周期;财报跳空,QQQ,已跳过,,,,,,重复观察,同一股票同一交易日的15分钟重复观察已去重，不重复计入胜率。
2026-07-16,17:46:40,美股,MSFT,Microsoft Corporation,stock,1,盘中：强势观察,当前 402.07,398.85-404.48,416.14-422.17,392.02,跌破观察区下沿、弱于基准、板块转弱或出现公告/新闻风险,89,65,收盘前仍强于基准且无事件风险时，才进入隔夜观察,AI云/软件；相对基准 3.0789%。,中风险；监管;财报;AI资本开支担忧,QQQ,已跳过,,,,,,重复观察,同一股票同一交易日的15分钟重复观察已去重，不重复计入胜率。
2026-07-16,17:46:40,美股,CRM,"Salesforce, Inc.",stock,2,盘中：候选观察,当前 172.59,171.21-173.63,178.63-181.22,168.28,跌破观察区下沿、弱于基准、板块转弱或出现公告/新闻风险,80,30,收盘前仍强于基准且无事件风险时，才进入隔夜观察,企业软件；相对基准 4.8008%。,中风险；业绩指引;估值,QQQ,已跳过,,,,,,重复观察,同一股票同一交易日的15分钟重复观察已去重，不重复计入胜率。
2026-07-16,17:46:40,美股,AMZN,"Amazon.com, Inc.",stock,3,盘中：候选观察,当前 256.07,254.02-257.61,265.03-268.87,249.67,跌破观察区下沿、弱于基准、板块转弱或出现公告/新闻风险,77,65,收盘前仍强于基准且无事件风险时，才进入隔夜观察,云/电商/AI资本开支；相对基准 1.8865%。,中风险；利润率;资本开支;消费,QQQ,已跳过,,,,,,重复观察,同一股票同一交易日的15分钟重复观察已去重，不重复计入胜率。
2026-07-16,17:46:40,美股,GOOGL,Alphabet Inc.,stock,4,盘中：候选观察,当前 371.47,368.50-373.70,384.47-390.04,362.18,跌破观察区下沿、弱于基准、板块转弱或出现公告/新闻风险,75,65,收盘前仍强于基准且无事件风险时，才进入隔夜观察,AI应用/广告/云；相对基准 1.5994%。,中风险；监管;广告周期;财报跳空,QQQ,已跳过,,,,,,重复观察,同一股票同一交易日的15分钟重复观察已去重，不重复计入胜率。
2026-07-16,17:46:40,美股,AAPL,Apple Inc.,stock,5,盘中：边缘观察,当前 330.46,327.82-332.44,342.03-346.98,322.20,跌破观察区下沿、弱于基准、板块转弱或出现公告/新闻风险,70,30,收盘前仍强于基准且无事件风险时，才进入隔夜观察,消费电子/大科技；相对基准 2.3549%。,中风险；产品周期;中国市场;监管,QQQ,已跳过,,,,,,重复观察,同一股票同一交易日的15分钟重复观察已去重，不重复计入胜率。
2026-07-16,18:01:38,美股,MSFT,Microsoft Corporation,stock,1,盘中：强势观察,当前 402.94,399.72-405.36,417.04-423.09,392.87,跌破观察区下沿、弱于基准、板块转弱或出现公告/新闻风险,89,65,收盘前仍强于基准且无事件风险时，才进入隔夜观察,AI云/软件；相对基准 3.1929%。,中风险；监管;财报;AI资本开支担忧,QQQ,已跳过,,,,,,重复观察,同一股票同一交易日的15分钟重复观察已去重，不重复计入胜率。
2026-07-16,18:01:38,美股,CRM,"Salesforce, Inc.",stock,2,盘中：候选观察,当前 172.80,171.42-173.84,178.85-181.44,168.48,跌破观察区下沿、弱于基准、板块转弱或出现公告/新闻风险,80,30,收盘前仍强于基准且无事件风险时，才进入隔夜观察,企业软件；相对基准 4.8183%。,中风险；业绩指引;估值,QQQ,已跳过,,,,,,重复观察,同一股票同一交易日的15分钟重复观察已去重，不重复计入胜率。
2026-07-16,18:01:38,美股,AAPL,Apple Inc.,stock,3,盘中：候选观察,当前 331.86,329.20-333.85,343.47-348.45,323.56,跌破观察区下沿、弱于基准、板块转弱或出现公告/新闻风险,79,30,收盘前仍强于基准且无事件风险时，才进入隔夜观察,消费电子/大科技；相对基准 2.675%。,中风险；产品周期;中国市场;监管,QQQ,已跳过,,,,,,重复观察,同一股票同一交易日的15分钟重复观察已去重，不重复计入胜率。
2026-07-16,18:01:38,美股,AMZN,"Amazon.com, Inc.",stock,4,盘中：候选观察,当前 255.88,253.83-257.42,264.84-268.67,249.48,跌破观察区下沿、弱于基准、板块转弱或出现公告/新闻风险,77,65,收盘前仍强于基准且无事件风险时，才进入隔夜观察,云/电商/AI资本开支；相对基准 1.706%。,中风险；利润率;资本开支;消费,QQQ,已跳过,,,,,,重复观察,同一股票同一交易日的15分钟重复观察已去重，不重复计入胜率。
2026-07-16,18:01:38,美股,GOOGL,Alphabet Inc.,stock,5,盘中：候选观察,当前 371.73,368.76-373.96,384.74-390.32,362.44,跌破观察区下沿、弱于基准、板块转弱或出现公告/新闻风险,75,65,收盘前仍强于基准且无事件风险时，才进入隔夜观察,AI应用/广告/云；相对基准 1.5636%。,中风险；监管;广告周期;财报跳空,QQQ,已跳过,,,,,,重复观察,同一股票同一交易日的15分钟重复观察已去重，不重复计入胜率。
2026-07-16,18:17:03,美股,MSFT,Microsoft Corporation,stock,1,盘中：强势观察,当前 401.86,398.65-404.27,415.93-421.95,391.81,跌破观察区下沿、弱于基准、板块转弱或出现公告/新闻风险,84,65,收盘前仍强于基准且无事件风险时，才进入隔夜观察,AI云/软件；相对基准 2.9694%。,中风险；监管;财报;AI资本开支担忧,QQQ,已跳过,,,,,,重复观察,同一股票同一交易日的15分钟重复观察已去重，不重复计入胜率。
2026-07-16,18:17:03,美股,CRM,"Salesforce, Inc.",stock,2,盘中：候选观察,当前 172.76,171.38-173.80,178.81-181.40,168.44,跌破观察区下沿、弱于基准、板块转弱或出现公告/新闻风险,80,30,收盘前仍强于基准且无事件风险时，才进入隔夜观察,企业软件；相对基准 4.8438%。,中风险；业绩指引;估值,QQQ,已跳过,,,,,,重复观察,同一股票同一交易日的15分钟重复观察已去重，不重复计入胜率。
2026-07-16,18:17:03,美股,AAPL,Apple Inc.,stock,3,盘中：候选观察,当前 332.05,329.39-334.04,343.67-348.65,323.75,跌破观察区下沿、弱于基准、板块转弱或出现公告/新闻风险,79,30,收盘前仍强于基准且无事件风险时，才进入隔夜观察,消费电子/大科技；相对基准 2.784%。,中风险；产品周期;中国市场;监管,QQQ,已跳过,,,,,,重复观察,同一股票同一交易日的15分钟重复观察已去重，不重复计入胜率。
2026-07-16,18:17:03,美股,AMZN,"Amazon.com, Inc.",stock,4,盘中：候选观察,当前 256.35,254.30-257.89,265.32-269.17,249.94,跌破观察区下沿、弱于基准、板块转弱或出现公告/新闻风险,77,65,收盘前仍强于基准且无事件风险时，才进入隔夜观察,云/电商/AI资本开支；相对基准 1.9399%。,中风险；利润率;资本开支;消费,QQQ,已跳过,,,,,,重复观察,同一股票同一交易日的15分钟重复观察已去重，不重复计入胜率。
2026-07-16,18:17:03,美股,GOOGL,Alphabet Inc.,stock,5,盘中：边缘观察,当前 371.13,368.17-373.36,384.12-389.69,361.86,跌破观察区下沿、弱于基准、板块转弱或出现公告/新闻风险,72,65,收盘前仍强于基准且无事件风险时，才进入隔夜观察,AI应用/广告/云；相对基准 1.4527%。,中风险；监管;广告周期;财报跳空,QQQ,已跳过,,,,,,重复观察,同一股票同一交易日的15分钟重复观察已去重，不重复计入胜率。
2026-07-16,18:31:30,美股,MSFT,Microsoft Corporation,stock,1,盘中：强势观察,当前 403.80,400.57-406.22,417.93-423.99,393.70,跌破观察区下沿、弱于基准、板块转弱或出现公告/新闻风险,89,65,收盘前仍强于基准且无事件风险时，才进入隔夜观察,AI云/软件；相对基准 3.3553%。,中风险；监管;财报;AI资本开支担忧,QQQ,已跳过,,,,,,重复观察,同一股票同一交易日的15分钟重复观察已去重，不重复计入胜率。
2026-07-16,18:31:30,美股,CRM,"Salesforce, Inc.",stock,2,盘中：候选观察,当前 173.36,171.97-174.40,179.43-182.03,169.03,跌破观察区下沿、弱于基准、板块转弱或出现公告/新闻风险,80,30,收盘前仍强于基准且无事件风险时，才进入隔夜观察,企业软件；相对基准 5.0986%。,中风险；业绩指引;估值,QQQ,已跳过,,,,,,重复观察,同一股票同一交易日的15分钟重复观察已去重，不重复计入胜率。
2026-07-16,18:31:30,美股,AAPL,Apple Inc.,stock,3,盘中：候选观察,当前 332.82,330.16-334.82,344.47-349.47,324.50,跌破观察区下沿、弱于基准、板块转弱或出现公告/新闻风险,79,30,收盘前仍强于基准且无事件风险时，才进入隔夜观察,消费电子/大科技；相对基准 2.9162%。,中风险；产品周期;中国市场;监管,QQQ,已跳过,,,,,,重复观察,同一股票同一交易日的15分钟重复观察已去重，不重复计入胜率。
2026-07-16,18:31:30,美股,AMZN,"Amazon.com, Inc.",stock,4,盘中：候选观察,当前 256.42,254.37-257.96,265.39-269.24,250.01,跌破观察区下沿、弱于基准、板块转弱或出现公告/新闻风险,77,65,收盘前仍强于基准且无事件风险时，才进入隔夜观察,云/电商/AI资本开支；相对基准 1.8628%。,中风险；利润率;资本开支;消费,QQQ,已跳过,,,,,,重复观察,同一股票同一交易日的15分钟重复观察已去重，不重复计入胜率。
2026-07-16,18:31:30,美股,GOOGL,Alphabet Inc.,stock,5,盘中：候选观察,当前 371.90,368.92-374.13,384.92-390.50,362.60,跌破观察区下沿、弱于基准、板块转弱或出现公告/新闻风险,75,65,收盘前仍强于基准且无事件风险时，才进入隔夜观察,AI应用/广告/云；相对基准 1.5544%。,中风险；监管;广告周期;财报跳空,QQQ,已跳过,,,,,,重复观察,同一股票同一交易日的15分钟重复观察已去重，不重复计入胜率。
2026-07-16,18:46:22,美股,MSFT,Microsoft Corporation,stock,1,盘中：强势观察,当前 402.75,399.52-405.16,416.84-422.88,392.68,跌破观察区下沿、弱于基准、板块转弱或出现公告/新闻风险,89,65,收盘前仍强于基准且无事件风险时，才进入隔夜观察,AI云/软件；相对基准 3.4202%。,中风险；监管;财报;AI资本开支担忧,QQQ,已跳过,,,,,,重复观察,同一股票同一交易日的15分钟重复观察已去重，不重复计入胜率。
2026-07-16,18:46:22,美股,AAPL,Apple Inc.,stock,2,盘中：强势观察,当前 332.17,329.51-334.16,343.80-348.78,323.87,跌破观察区下沿、弱于基准、板块转弱或出现公告/新闻风险,82,30,收盘前仍强于基准且无事件风险时，才进入隔夜观察,消费电子/大科技；相对基准 3.0478%。,中风险；产品周期;中国市场;监管,QQQ,已跳过,,,,,,重复观察,同一股票同一交易日的15分钟重复观察已去重，不重复计入胜率。
2026-07-16,18:46:22,美股,CRM,"Salesforce, Inc.",stock,3,盘中：候选观察,当前 172.83,171.45-173.87,178.88-181.47,168.51,跌破观察区下沿、弱于基准、板块转弱或出现公告/新闻风险,80,30,收盘前仍强于基准且无事件风险时，才进入隔夜观察,企业软件；相对基准 5.1128%。,中风险；业绩指引;估值,QQQ,已跳过,,,,,,重复观察,同一股票同一交易日的15分钟重复观察已去重，不重复计入胜率。
2026-07-16,18:46:22,美股,AMZN,"Amazon.com, Inc.",stock,4,盘中：候选观察,当前 255.47,253.43-257.01,264.42-268.25,249.09,跌破观察区下沿、弱于基准、板块转弱或出现公告/新闻风险,77,65,收盘前仍强于基准且无事件风险时，才进入隔夜观察,云/电商/AI资本开支；相对基准 1.8238%。,中风险；利润率;资本开支;消费,QQQ,已复盘,244.70,247.23,-4.22%,-3.23%,数据不足,未触发,模拟执行未进入买入观察区，不计入胜率；继续检验观察区是否过窄。
2026-07-16,18:46:22,美股,GOOGL,Alphabet Inc.,stock,5,盘中：候选观察,当前 371.77,368.80-374.00,384.78-390.36,362.48,跌破观察区下沿、弱于基准、板块转弱或出现公告/新闻风险,75,65,收盘前仍强于基准且无事件风险时，才进入隔夜观察,AI应用/广告/云；相对基准 1.851%。,中风险；监管;广告周期;财报跳空,QQQ,已跳过,,,,,,重复观察,同一股票同一交易日的15分钟重复观察已去重，不重复计入胜率。
2026-07-16,19:01:30,美股,MSFT,Microsoft Corporation,stock,1,盘中：强势观察,当前 402.81,399.59-405.23,416.91-422.96,392.74,跌破观察区下沿、弱于基准、板块转弱或出现公告/新闻风险,89,65,收盘前仍强于基准且无事件风险时，才进入隔夜观察,AI云/软件；相对基准 3.3433%。,中风险；监管;财报;AI资本开支担忧,QQQ,已跳过,,,,,,重复观察,同一股票同一交易日的15分钟重复观察已去重，不重复计入胜率。
2026-07-16,19:01:30,美股,CRM,"Salesforce, Inc.",stock,2,盘中：候选观察,当前 173.08,171.70-174.12,179.14-181.73,168.75,跌破观察区下沿、弱于基准、板块转弱或出现公告/新闻风险,80,30,收盘前仍强于基准且无事件风险时，才进入隔夜观察,企业软件；相对基准 5.1679%。,中风险；业绩指引;估值,QQQ,已跳过,,,,,,重复观察,同一股票同一交易日的15分钟重复观察已去重，不重复计入胜率。
2026-07-16,19:01:30,美股,AAPL,Apple Inc.,stock,3,盘中：候选观察,当前 331.31,328.65-333.29,342.90-347.87,323.02,跌破观察区下沿、弱于基准、板块转弱或出现公告/新闻风险,78,30,收盘前仍强于基准且无事件风险时，才进入隔夜观察,消费电子/大科技；相对基准 2.689%。,中风险；产品周期;中国市场;监管,QQQ,已跳过,,,,,,重复观察,同一股票同一交易日的15分钟重复观察已去重，不重复计入胜率。
2026-07-16,19:01:30,美股,GOOGL,Alphabet Inc.,stock,4,盘中：候选观察,当前 371.51,368.54-373.74,384.51-390.09,362.22,跌破观察区下沿、弱于基准、板块转弱或出现公告/新闻风险,75,65,收盘前仍强于基准且无事件风险时，才进入隔夜观察,AI应用/广告/云；相对基准 1.6863%。,中风险；监管;广告周期;财报跳空,QQQ,已复盘,345.99,346.77,-6.87%,-6.66%,数据不足,失败,模拟执行触发止损，降低相同风险特征的隔夜或追高权重。
2026-07-16,19:16:29,美股,MSFT,Microsoft Corporation,stock,1,盘中：强势观察,当前 403.84,400.61-406.26,417.97-424.03,393.74,跌破观察区下沿、弱于基准、板块转弱或出现公告/新闻风险,89,65,收盘前仍强于基准且无事件风险时，才进入隔夜观察,AI云/软件；相对基准 3.6036%。,中风险；监管;财报;AI资本开支担忧,QQQ,已跳过,,,,,,重复观察,同一股票同一交易日的15分钟重复观察已去重，不重复计入胜率。
2026-07-16,19:16:29,美股,CRM,"Salesforce, Inc.",stock,2,盘中：候选观察,当前 174.20,172.81-175.25,180.30-182.91,169.84,跌破观察区下沿、弱于基准、板块转弱或出现公告/新闻风险,80,30,收盘前仍强于基准且无事件风险时，才进入隔夜观察,企业软件；相对基准 5.8398%。,中风险；业绩指引;估值,QQQ,已跳过,,,,,,重复观察,同一股票同一交易日的15分钟重复观察已去重，不重复计入胜率。
2026-07-16,19:16:29,美股,AAPL,Apple Inc.,stock,3,盘中：边缘观察,当前 330.60,327.96-332.58,342.17-347.13,322.34,跌破观察区下沿、弱于基准、板块转弱或出现公告/新闻风险,70,30,收盘前仍强于基准且无事件风险时，才进入隔夜观察,消费电子/大科技；相对基准 2.475%。,中风险；产品周期;中国市场;监管,QQQ,已跳过,,,,,,重复观察,同一股票同一交易日的15分钟重复观察已去重，不重复计入胜率。
2026-07-16,19:31:40,美股,MSFT,Microsoft Corporation,stock,1,盘中：强势观察,当前 404.18,400.95-406.61,418.33-424.39,394.08,跌破观察区下沿、弱于基准、板块转弱或出现公告/新闻风险,89,65,收盘前仍强于基准且无事件风险时，才进入隔夜观察,AI云/软件；相对基准 3.6923%。,中风险；监管;财报;AI资本开支担忧,QQQ,已跳过,,,,,,重复观察,同一股票同一交易日的15分钟重复观察已去重，不重复计入胜率。
2026-07-16,19:31:40,美股,CRM,"Salesforce, Inc.",stock,2,盘中：候选观察,当前 173.67,172.28-174.71,179.75-182.35,169.33,跌破观察区下沿、弱于基准、板块转弱或出现公告/新闻风险,80,30,收盘前仍强于基准且无事件风险时，才进入隔夜观察,企业软件；相对基准 5.5252%。,中风险；业绩指引;估值,QQQ,已跳过,,,,,,重复观察,同一股票同一交易日的15分钟重复观察已去重，不重复计入胜率。
2026-07-16,19:31:40,美股,AAPL,Apple Inc.,stock,3,盘中：候选观察,当前 331.11,328.46-333.10,342.70-347.67,322.83,跌破观察区下沿、弱于基准、板块转弱或出现公告/新闻风险,76,30,收盘前仍强于基准且无事件风险时，才进入隔夜观察,消费电子/大科技；相对基准 2.6335%。,中风险；产品周期;中国市场;监管,QQQ,已跳过,,,,,,重复观察,同一股票同一交易日的15分钟重复观察已去重，不重复计入胜率。
2026-07-16,19:46:37,美股,MSFT,Microsoft Corporation,stock,1,盘中：强势观察,当前 404.26,401.03-406.69,418.41-424.47,394.15,跌破观察区下沿、弱于基准、板块转弱或出现公告/新闻风险,89,65,收盘前仍强于基准且无事件风险时，才进入隔夜观察,AI云/软件；相对基准 3.755%。,中风险；监管;财报;AI资本开支担忧,QQQ,已跳过,,,,,,重复观察,同一股票同一交易日的15分钟重复观察已去重，不重复计入胜率。
2026-07-16,19:46:37,美股,CRM,"Salesforce, Inc.",stock,2,盘中：强势观察,当前 172.76,171.38-173.80,178.81-181.40,168.45,跌破观察区下沿、弱于基准、板块转弱或出现公告/新闻风险,84,30,收盘前仍强于基准且无事件风险时，才进入隔夜观察,企业软件；相对基准 5.0258%。,中风险；业绩指引;估值,QQQ,已跳过,,,,,,重复观察,同一股票同一交易日的15分钟重复观察已去重，不重复计入胜率。
2026-07-16,19:46:37,美股,AAPL,Apple Inc.,stock,3,盘中：强势观察,当前 332.18,329.52-334.17,343.81-348.79,323.88,跌破观察区下沿、弱于基准、板块转弱或出现公告/新闻风险,82,30,收盘前仍强于基准且无事件风险时，才进入隔夜观察,消费电子/大科技；相对基准 3.0027%。,中风险；产品周期;中国市场;监管,QQQ,已跳过,,,,,,重复观察,同一股票同一交易日的15分钟重复观察已去重，不重复计入胜率。
2026-07-16,20:01:30,美股,MSFT,Microsoft Corporation,stock,1,盘中：强势观察,当前 405.68,402.43-408.11,419.87-425.96,395.53,跌破观察区下沿、弱于基准、板块转弱或出现公告/新闻风险,89,65,收盘前仍强于基准且无事件风险时，才进入隔夜观察,AI云/软件；相对基准 4.196%。,中风险；监管;财报;AI资本开支担忧,QQQ,已跳过,,,,,,重复观察,同一股票同一交易日的15分钟重复观察已去重，不重复计入胜率。
2026-07-16,20:01:30,美股,CRM,"Salesforce, Inc.",stock,2,盘中：强势观察,当前 172.62,171.24-173.66,178.66-181.25,168.30,跌破观察区下沿、弱于基准、板块转弱或出现公告/新闻风险,84,30,收盘前仍强于基准且无事件风险时，才进入隔夜观察,企业软件；相对基准 5.0223%。,中风险；业绩指引;估值,QQQ,已跳过,,,,,,重复观察,同一股票同一交易日的15分钟重复观察已去重，不重复计入胜率。
2026-07-16,20:01:30,美股,AAPL,Apple Inc.,stock,3,盘中：强势观察,当前 333.22,330.55-335.22,344.88-349.88,324.89,跌破观察区下沿、弱于基准、板块转弱或出现公告/新闻风险,82,30,收盘前仍强于基准且无事件风险时，才进入隔夜观察,消费电子/大科技；相对基准 3.4036%。,中风险；产品周期;中国市场;监管,QQQ,已跳过,,,,,,重复观察,同一股票同一交易日的15分钟重复观察已去重，不重复计入胜率。
2026-07-16,20:16:44,美股,MSFT,Microsoft Corporation,stock,1,盘中：强势观察,当前 402.81,399.59-405.23,416.91-422.95,392.74,跌破观察区下沿、弱于基准、板块转弱或出现公告/新闻风险,89,65,收盘前仍强于基准且无事件风险时，才进入隔夜观察,AI云/软件；相对基准 3.6065%。,中风险；监管;财报;AI资本开支担忧,QQQ,已跳过,,,,,,重复观察,同一股票同一交易日的15分钟重复观察已去重，不重复计入胜率。
2026-07-16,20:16:44,美股,AAPL,Apple Inc.,stock,2,盘中：强势观察,当前 334.15,331.48-336.16,345.85-350.86,325.80,跌破观察区下沿、弱于基准、板块转弱或出现公告/新闻风险,82,30,收盘前仍强于基准且无事件风险时，才进入隔夜观察,消费电子/大科技；相对基准 3.8238%。,中风险；产品周期;中国市场;监管,QQQ,已跳过,,,,,,重复观察,同一股票同一交易日的15分钟重复观察已去重，不重复计入胜率。
2026-07-16,20:16:44,美股,CRM,"Salesforce, Inc.",stock,3,盘中：强势观察,当前 172.43,171.05-173.46,178.46-181.05,168.11,跌破观察区下沿、弱于基准、板块转弱或出现公告/新闻风险,82,30,收盘前仍强于基准且无事件风险时，才进入隔夜观察,企业软件；相对基准 5.0402%。,中风险；业绩指引;估值,QQQ,已跳过,,,,,,重复观察,同一股票同一交易日的15分钟重复观察已去重，不重复计入胜率。
2026-07-16,20:31:21,美股,MSFT,Microsoft Corporation,stock,1,盘中：强势观察,当前 400.90,397.69-403.31,414.93-420.94,390.88,跌破观察区下沿、弱于基准、板块转弱或出现公告/新闻风险,86,65,收盘前仍强于基准且无事件风险时，才进入隔夜观察,AI云/软件；相对基准 3.2409%。,中风险；监管;财报;AI资本开支担忧,QQQ,已跳过,,,,,,重复观察,同一股票同一交易日的15分钟重复观察已去重，不重复计入胜率。
2026-07-16,20:31:21,美股,AAPL,Apple Inc.,stock,2,盘中：强势观察,当前 333.11,330.45-335.11,344.77-349.77,324.78,跌破观察区下沿、弱于基准、板块转弱或出现公告/新闻风险,82,30,收盘前仍强于基准且无事件风险时，才进入隔夜观察,消费电子/大科技；相对基准 3.6218%。,中风险；产品周期;中国市场;监管,QQQ,已跳过,,,,,,重复观察,同一股票同一交易日的15分钟重复观察已去重，不重复计入胜率。
2026-07-16,20:31:21,美股,CRM,"Salesforce, Inc.",stock,3,盘中：候选观察,当前 171.97,170.59-173.00,177.99-180.57,167.67,跌破观察区下沿、弱于基准、板块转弱或出现公告/新闻风险,79,30,收盘前仍强于基准且无事件风险时，才进入隔夜观察,企业软件；相对基准 4.8848%。,中风险；业绩指引;估值,QQQ,已跳过,,,,,,重复观察,同一股票同一交易日的15分钟重复观察已去重，不重复计入胜率。
2026-07-16,20:46:32,美股,MSFT,Microsoft Corporation,stock,1,盘中：强势观察,当前 399.80,396.60-402.20,413.79-419.79,389.81,跌破观察区下沿、弱于基准、板块转弱或出现公告/新闻风险,86,65,收盘前仍强于基准且无事件风险时，才进入隔夜观察,AI云/软件；相对基准 3.0784%。,中风险；监管;财报;AI资本开支担忧,QQQ,已跳过,,,,,,重复观察,同一股票同一交易日的15分钟重复观察已去重，不重复计入胜率。
2026-07-16,20:46:32,美股,CRM,"Salesforce, Inc.",stock,2,盘中：强势观察,当前 172.42,171.04-173.45,178.45-181.04,168.11,跌破观察区下沿、弱于基准、板块转弱或出现公告/新闻风险,82,30,收盘前仍强于基准且无事件风险时，才进入隔夜观察,企业软件；相对基准 5.2699%。,中风险；业绩指引;估值,QQQ,已跳过,,,,,,重复观察,同一股票同一交易日的15分钟重复观察已去重，不重复计入胜率。
2026-07-16,20:46:32,美股,AAPL,Apple Inc.,stock,3,盘中：候选观察,当前 331.90,329.24-333.89,343.52-348.50,323.60,跌破观察区下沿、弱于基准、板块转弱或出现公告/新闻风险,81,30,收盘前仍强于基准且无事件风险时，才进入隔夜观察,消费电子/大科技；相对基准 3.3679%。,中风险；产品周期;中国市场;监管,QQQ,已跳过,,,,,,重复观察,同一股票同一交易日的15分钟重复观察已去重，不重复计入胜率。
2026-07-16,21:01:09,美股,MSFT,Microsoft Corporation,stock,1,盘中：强势观察,当前 401.10,397.89-403.51,415.14-421.16,391.07,跌破观察区下沿、弱于基准、板块转弱或出现公告/新闻风险,86,65,收盘前仍强于基准且无事件风险时，才进入隔夜观察,AI云/软件；相对基准 3.0266%。,中风险；监管;财报;AI资本开支担忧,QQQ,已跳过,,,,,,重复观察,同一股票同一交易日的15分钟重复观察已去重，不重复计入胜率。
2026-07-16,21:01:09,美股,CRM,"Salesforce, Inc.",stock,2,盘中：强势观察,当前 172.68,171.29-173.71,178.72-181.31,168.36,跌破观察区下沿、弱于基准、板块转弱或出现公告/新闻风险,84,30,收盘前仍强于基准且无事件风险时，才进入隔夜观察,企业软件；相对基准 5.0422%。,中风险；业绩指引;估值,QQQ,已跳过,,,,,,重复观察,同一股票同一交易日的15分钟重复观察已去重，不重复计入胜率。
2026-07-16,21:01:09,美股,AAPL,Apple Inc.,stock,3,盘中：强势观察,当前 333.26,330.59-335.26,344.92-349.92,324.93,跌破观察区下沿、弱于基准、板块转弱或出现公告/新闻风险,82,30,收盘前仍强于基准且无事件风险时，才进入隔夜观察,消费电子/大科技；相对基准 3.4028%。,中风险；产品周期;中国市场;监管,QQQ,已跳过,,,,,,重复观察,同一股票同一交易日的15分钟重复观察已去重，不重复计入胜率。
2026-07-16,21:16:50,美股,MSFT,Microsoft Corporation,stock,1,盘中：强势观察,当前 401.10,397.89-403.51,415.14-421.16,391.07,跌破观察区下沿、弱于基准、板块转弱或出现公告/新闻风险,86,65,收盘前仍强于基准且无事件风险时，才进入隔夜观察,AI云/软件；相对基准 3.0266%。,中风险；监管;财报;AI资本开支担忧,QQQ,已跳过,,,,,,重复观察,同一股票同一交易日的15分钟重复观察已去重，不重复计入胜率。
2026-07-16,21:16:50,美股,CRM,"Salesforce, Inc.",stock,2,盘中：强势观察,当前 172.68,171.30-173.72,178.72-181.31,168.36,跌破观察区下沿、弱于基准、板块转弱或出现公告/新闻风险,84,30,收盘前仍强于基准且无事件风险时，才进入隔夜观察,企业软件；相对基准 5.0452%。,中风险；业绩指引;估值,QQQ,已跳过,,,,,,重复观察,同一股票同一交易日的15分钟重复观察已去重，不重复计入胜率。
2026-07-16,21:16:50,美股,AAPL,Apple Inc.,stock,3,盘中：强势观察,当前 333.26,330.59-335.26,344.92-349.92,324.93,跌破观察区下沿、弱于基准、板块转弱或出现公告/新闻风险,82,30,收盘前仍强于基准且无事件风险时，才进入隔夜观察,消费电子/大科技；相对基准 3.4028%。,中风险；产品周期;中国市场;监管,QQQ,已跳过,,,,,,重复观察,同一股票同一交易日的15分钟重复观察已去重，不重复计入胜率。
2026-07-16,21:31:37,美股,MSFT,Microsoft Corporation,stock,1,盘中：强势观察,当前 401.10,397.89-403.51,415.14-421.16,391.07,跌破观察区下沿、弱于基准、板块转弱或出现公告/新闻风险,86,65,收盘前仍强于基准且无事件风险时，才进入隔夜观察,AI云/软件；相对基准 3.0266%。,中风险；监管;财报;AI资本开支担忧,QQQ,已跳过,,,,,,重复观察,同一股票同一交易日的15分钟重复观察已去重，不重复计入胜率。
2026-07-16,21:31:37,美股,CRM,"Salesforce, Inc.",stock,2,盘中：强势观察,当前 172.68,171.30-173.72,178.72-181.31,168.36,跌破观察区下沿、弱于基准、板块转弱或出现公告/新闻风险,84,30,收盘前仍强于基准且无事件风险时，才进入隔夜观察,企业软件；相对基准 5.0452%。,中风险；业绩指引;估值,QQQ,已跳过,,,,,,重复观察,同一股票同一交易日的15分钟重复观察已去重，不重复计入胜率。
2026-07-16,21:31:37,美股,AAPL,Apple Inc.,stock,3,盘中：强势观察,当前 333.26,330.59-335.26,344.92-349.92,324.93,跌破观察区下沿、弱于基准、板块转弱或出现公告/新闻风险,82,30,收盘前仍强于基准且无事件风险时，才进入隔夜观察,消费电子/大科技；相对基准 3.4028%。,中风险；产品周期;中国市场;监管,QQQ,已跳过,,,,,,重复观察,同一股票同一交易日的15分钟重复观察已去重，不重复计入胜率。
2026-07-16,21:46:26,美股,MSFT,Microsoft Corporation,stock,1,收盘：强势观察,当前 401.10,397.89-403.51,415.14-421.16,391.07,跌破观察区下沿、弱于基准、板块转弱或出现公告/新闻风险,86,65,收盘前仍强于基准且无事件风险时，才进入隔夜观察,AI云/软件；相对基准 3.0266%。,中风险；监管;财报;AI资本开支担忧,QQQ,已跳过,,,,,,重复观察,同一股票同一交易日的15分钟重复观察已去重，不重复计入胜率。
2026-07-16,21:46:26,美股,CRM,"Salesforce, Inc.",stock,2,收盘：强势观察,当前 172.68,171.30-173.72,178.72-181.31,168.36,跌破观察区下沿、弱于基准、板块转弱或出现公告/新闻风险,84,30,收盘前仍强于基准且无事件风险时，才进入隔夜观察,企业软件；相对基准 5.0452%。,中风险；业绩指引;估值,QQQ,已跳过,,,,,,重复观察,同一股票同一交易日的15分钟重复观察已去重，不重复计入胜率。
2026-07-16,21:46:26,美股,AAPL,Apple Inc.,stock,3,收盘：强势观察,当前 333.26,330.59-335.26,344.92-349.92,324.93,跌破观察区下沿、弱于基准、板块转弱或出现公告/新闻风险,82,30,收盘前仍强于基准且无事件风险时，才进入隔夜观察,消费电子/大科技；相对基准 3.4028%。,中风险；产品周期;中国市场;监管,QQQ,已跳过,,,,,,重复观察,同一股票同一交易日的15分钟重复观察已去重，不重复计入胜率。
2026-07-16,22:01:58,美股,MSFT,Microsoft Corporation,stock,1,收盘：强势观察,当前 401.10,397.89-403.51,415.14-421.16,391.07,跌破观察区下沿、弱于基准、板块转弱或出现公告/新闻风险,86,65,收盘前仍强于基准且无事件风险时，才进入隔夜观察,AI云/软件；相对基准 3.0266%。,中风险；监管;财报;AI资本开支担忧,QQQ,已跳过,,,,,,重复观察,同一股票同一交易日的15分钟重复观察已去重，不重复计入胜率。
2026-07-16,22:01:58,美股,CRM,"Salesforce, Inc.",stock,2,收盘：强势观察,当前 172.68,171.30-173.72,178.72-181.31,168.36,跌破观察区下沿、弱于基准、板块转弱或出现公告/新闻风险,84,30,收盘前仍强于基准且无事件风险时，才进入隔夜观察,企业软件；相对基准 5.0452%。,中风险；业绩指引;估值,QQQ,已跳过,,,,,,重复观察,同一股票同一交易日的15分钟重复观察已去重，不重复计入胜率。
2026-07-16,22:01:58,美股,AAPL,Apple Inc.,stock,3,收盘：强势观察,当前 333.26,330.59-335.26,344.92-349.92,324.93,跌破观察区下沿、弱于基准、板块转弱或出现公告/新闻风险,82,30,收盘前仍强于基准且无事件风险时，才进入隔夜观察,消费电子/大科技；相对基准 3.4028%。,中风险；产品周期;中国市场;监管,QQQ,已跳过,,,,,,重复观察,同一股票同一交易日的15分钟重复观察已去重，不重复计入胜率。
2026-07-16,22:17:09,美股,MSFT,Microsoft Corporation,stock,1,收盘：强势观察,当前 401.10,397.89-403.51,415.14-421.16,391.07,跌破观察区下沿、弱于基准、板块转弱或出现公告/新闻风险,86,65,收盘前仍强于基准且无事件风险时，才进入隔夜观察,AI云/软件；相对基准 3.0266%。,中风险；监管;财报;AI资本开支担忧,QQQ,已跳过,,,,,,重复观察,同一股票同一交易日的15分钟重复观察已去重，不重复计入胜率。
2026-07-16,22:17:09,美股,CRM,"Salesforce, Inc.",stock,2,收盘：强势观察,当前 172.68,171.30-173.72,178.72-181.31,168.36,跌破观察区下沿、弱于基准、板块转弱或出现公告/新闻风险,84,30,收盘前仍强于基准且无事件风险时，才进入隔夜观察,企业软件；相对基准 5.0452%。,中风险；业绩指引;估值,QQQ,已跳过,,,,,,重复观察,同一股票同一交易日的15分钟重复观察已去重，不重复计入胜率。
2026-07-16,22:17:09,美股,AAPL,Apple Inc.,stock,3,收盘：强势观察,当前 333.26,330.59-335.26,344.92-349.92,324.93,跌破观察区下沿、弱于基准、板块转弱或出现公告/新闻风险,82,30,收盘前仍强于基准且无事件风险时，才进入隔夜观察,消费电子/大科技；相对基准 3.4028%。,中风险；产品周期;中国市场;监管,QQQ,已跳过,,,,,,重复观察,同一股票同一交易日的15分钟重复观察已去重，不重复计入胜率。
2026-07-16,22:31:32,美股,MSFT,Microsoft Corporation,stock,1,收盘：强势观察,当前 401.10,397.89-403.51,415.14-421.16,391.07,跌破观察区下沿、弱于基准、板块转弱或出现公告/新闻风险,86,65,收盘前仍强于基准且无事件风险时，才进入隔夜观察,AI云/软件；相对基准 3.0266%。,中风险；监管;财报;AI资本开支担忧,QQQ,已跳过,,,,,,重复观察,同一股票同一交易日的15分钟重复观察已去重，不重复计入胜率。
2026-07-16,22:31:32,美股,CRM,"Salesforce, Inc.",stock,2,收盘：强势观察,当前 172.68,171.30-173.72,178.72-181.31,168.36,跌破观察区下沿、弱于基准、板块转弱或出现公告/新闻风险,84,30,收盘前仍强于基准且无事件风险时，才进入隔夜观察,企业软件；相对基准 5.0452%。,中风险；业绩指引;估值,QQQ,已跳过,,,,,,重复观察,同一股票同一交易日的15分钟重复观察已去重，不重复计入胜率。
2026-07-16,22:31:32,美股,AAPL,Apple Inc.,stock,3,收盘：强势观察,当前 333.26,330.59-335.26,344.92-349.92,324.93,跌破观察区下沿、弱于基准、板块转弱或出现公告/新闻风险,82,30,收盘前仍强于基准且无事件风险时，才进入隔夜观察,消费电子/大科技；相对基准 3.4028%。,中风险；产品周期;中国市场;监管,QQQ,已跳过,,,,,,重复观察,同一股票同一交易日的15分钟重复观察已去重，不重复计入胜率。
2026-07-16,22:46:57,美股,MSFT,Microsoft Corporation,stock,1,收盘：强势观察,当前 401.10,397.89-403.51,415.14-421.16,391.07,跌破观察区下沿、弱于基准、板块转弱或出现公告/新闻风险,86,65,收盘前仍强于基准且无事件风险时，才进入隔夜观察,AI云/软件；相对基准 3.0266%。,中风险；监管;财报;AI资本开支担忧,QQQ,已复盘,394.86,393.82,-1.56%,-1.82%,数据不足,未触发,模拟执行未进入买入观察区，不计入胜率；继续检验观察区是否过窄。
2026-07-16,22:46:57,美股,CRM,"Salesforce, Inc.",stock,2,收盘：强势观察,当前 172.68,171.30-173.72,178.72-181.31,168.36,跌破观察区下沿、弱于基准、板块转弱或出现公告/新闻风险,84,30,收盘前仍强于基准且无事件风险时，才进入隔夜观察,企业软件；相对基准 5.0452%。,中风险；业绩指引;估值,QQQ,已复盘,171.50,170.77,-0.68%,-1.11%,数据不足,失败,模拟买入后收盘或相对表现不足，降低该条件权重。
2026-07-16,22:46:57,美股,AAPL,Apple Inc.,stock,3,收盘：强势观察,当前 333.26,330.59-335.26,344.92-349.92,324.93,跌破观察区下沿、弱于基准、板块转弱或出现公告/新闻风险,82,30,收盘前仍强于基准且无事件风险时，才进入隔夜观察,消费电子/大科技；相对基准 3.4028%。,中风险；产品周期;中国市场;监管,QQQ,已复盘,331.98,333.74,-0.38%,+0.14%,数据不足,命中,模拟执行后表现有效，保留相对强弱和量价过滤。
2026-07-17,03:01:04,A股,603501,豪威集团,stock,1,盘中：强势观察,当前 111.10,110.21-111.77,114.99-116.66,108.32,跌破观察区下沿、弱于基准、板块转弱或出现公告/新闻风险,86,75,收盘前仍强于基准且无事件风险时，才进入隔夜观察,半导体设计；相对基准 2.8298%。,中高风险；消费电子周期;业绩预期,沪深300,已跳过,,,,,,重复观察,同一股票同一交易日的15分钟重复观察已去重，不重复计入胜率。
2026-07-17,03:01:04,A股,688981,中芯国际,stock,2,盘中：候选观察,当前 153.82,152.59-154.74,159.20-161.51,149.97,跌破观察区下沿、弱于基准、板块转弱或出现公告/新闻风险,79,75,收盘前仍强于基准且无事件风险时，才进入隔夜观察,半导体制造；相对基准 2.559%。,中高风险；政策/地缘风险;业绩波动,科创50,已复盘,145.00,144.00,-5.73%,-6.38%,-6.57%,失败,模拟执行触发止损，降低相同风险特征的隔夜或追高权重。
2026-07-17,03:01:04,A股,600036,招商银行,stock,3,盘中：边缘观察,当前 37.86,37.56-38.09,39.19-39.75,36.91,跌破观察区下沿、弱于基准、板块转弱或出现公告/新闻风险,70,20,隔夜降权：只做观察，不作为自动模拟买入；需次日重新确认强于基准和尾盘承接。,银行；相对基准 2.1963%。,低风险；地产链风险;利率环境,沪深300,已跳过,,,,,,重复观察,同一股票同一交易日的15分钟重复观察已去重，不重复计入胜率。
2026-07-17,03:15:58,A股,603501,豪威集团,stock,1,盘中：强势观察,当前 111.14,110.25-111.81,115.03-116.70,108.36,跌破观察区下沿、弱于基准、板块转弱或出现公告/新闻风险,89,75,收盘前仍强于基准且无事件风险时，才进入隔夜观察,半导体设计；相对基准 3.1777%。,中高风险；消费电子周期;业绩预期,沪深300,已跳过,,,,,,重复观察,同一股票同一交易日的15分钟重复观察已去重，不重复计入胜率。
2026-07-17,03:15:58,A股,600036,招商银行,stock,2,盘中：边缘观察,当前 37.85,37.55-38.08,39.17-39.74,36.90,跌破观察区下沿、弱于基准、板块转弱或出现公告/新闻风险,70,20,隔夜降权：只做观察，不作为自动模拟买入；需次日重新确认强于基准和尾盘承接。,银行；相对基准 2.4812%。,低风险；地产链风险;利率环境,沪深300,已跳过,,,,,,重复观察,同一股票同一交易日的15分钟重复观察已去重，不重复计入胜率。
2026-07-17,03:31:01,A股,600036,招商银行,stock,1,盘中：候选观察,当前 37.97,37.67-38.20,39.30-39.87,37.02,跌破观察区下沿、弱于基准、板块转弱或出现公告/新闻风险,78,40,隔夜降权：只做观察，不作为自动模拟买入；需次日重新确认强于基准和尾盘承接。,银行；相对基准 3.0901%。,低风险；地产链风险;利率环境,沪深300,已跳过,,,,,,重复观察,同一股票同一交易日的15分钟重复观察已去重，不重复计入胜率。
2026-07-17,03:31:01,A股,603501,豪威集团,stock,2,盘中：候选观察,当前 110.36,109.48-111.02,114.22-115.88,107.60,跌破观察区下沿、弱于基准、板块转弱或出现公告/新闻风险,77,65,隔夜降权：只做观察，不作为自动模拟买入；需次日重新确认强于基准和尾盘承接。,半导体设计；相对基准 2.758%。,中高风险；消费电子周期;业绩预期,沪深300,已跳过,,,,,,重复观察,同一股票同一交易日的15分钟重复观察已去重，不重复计入胜率。
2026-07-17,03:45:57,A股,300059,东方财富,stock,1,盘中：强势观察,当前 20.26,20.10-20.38,20.97-21.27,19.75,跌破观察区下沿、弱于基准、板块转弱或出现公告/新闻风险,84,40,隔夜降权：只做观察，不作为自动模拟买入；需次日重新确认强于基准和尾盘承接。,互联网金融/券商；相对基准 6.9632%。,中风险；指数依赖;成交萎缩,创业板指,已跳过,,,,,,重复观察,同一股票同一交易日的15分钟重复观察已去重，不重复计入胜率。
2026-07-17,03:45:57,A股,600036,招商银行,stock,2,盘中：候选观察,当前 38.02,37.72-38.25,39.35-39.92,37.07,跌破观察区下沿、弱于基准、板块转弱或出现公告/新闻风险,78,40,隔夜降权：只做观察，不作为自动模拟买入；需次日重新确认强于基准和尾盘承接。,银行；相对基准 3.4161%。,低风险；地产链风险;利率环境,沪深300,已跳过,,,,,,重复观察,同一股票同一交易日的15分钟重复观察已去重，不重复计入胜率。
2026-07-17,03:45:57,A股,600030,中信证券,stock,3,盘中：边缘观察,当前 28.12,27.90-28.29,29.10-29.53,27.42,跌破观察区下沿、弱于基准、板块转弱或出现公告/新闻风险,73,40,隔夜降权：只做观察，不作为自动模拟买入；需次日重新确认强于基准和尾盘承接。,券商；相对基准 2.5582%。,中风险；指数依赖;政策预期,沪深300,已跳过,,,,,,重复观察,同一股票同一交易日的15分钟重复观察已去重，不重复计入胜率。
2026-07-17,03:45:57,A股,601318,中国平安,stock,4,盘中：边缘观察,当前 50.96,50.55-51.27,52.74-53.51,49.69,跌破观察区下沿、弱于基准、板块转弱或出现公告/新闻风险,71,20,隔夜降权：只做观察，不作为自动模拟买入；需次日重新确认强于基准和尾盘承接。,保险/金融；相对基准 3.0593%。,中风险；权益市场波动;利率,沪深300,已跳过,,,,,,重复观察,同一股票同一交易日的15分钟重复观察已去重，不重复计入胜率。
2026-07-17,04:00:54,A股,300059,东方财富,stock,1,盘中：候选观察,当前 20.15,19.99-20.27,20.86-21.16,19.65,跌破观察区下沿、弱于基准、板块转弱或出现公告/新闻风险,79,20,隔夜降权：只做观察，不作为自动模拟买入；需次日重新确认强于基准和尾盘承接。,互联网金融/券商；相对基准 5.712%。,中风险；指数依赖;成交萎缩,创业板指,已跳过,,,,,,重复观察,同一股票同一交易日的15分钟重复观察已去重，不重复计入胜率。
2026-07-17,04:00:54,A股,600036,招商银行,stock,2,盘中：候选观察,当前 37.94,37.64-38.17,39.27-39.84,36.99,跌破观察区下沿、弱于基准、板块转弱或出现公告/新闻风险,74,40,隔夜降权：只做观察，不作为自动模拟买入；需次日重新确认强于基准和尾盘承接。,银行；相对基准 2.9467%。,低风险；地产链风险;利率环境,沪深300,已跳过,,,,,,重复观察,同一股票同一交易日的15分钟重复观察已去重，不重复计入胜率。
2026-07-17,04:00:54,A股,603501,豪威集团,stock,3,盘中：边缘观察,当前 110.12,109.24-110.78,113.97-115.63,107.37,跌破观察区下沿、弱于基准、板块转弱或出现公告/新闻风险,72,50,隔夜降权：只做观察，不作为自动模拟买入；需次日重新确认强于基准和尾盘承接。,半导体设计；相对基准 2.4757%。,中高风险；消费电子周期;业绩预期,沪深300,已复盘,106.00,101.16,-3.74%,-8.14%,-9.67%,失败,模拟买入后收盘或相对表现不足，降低该条件权重。
2026-07-17,04:15:58,A股,300059,东方财富,stock,1,盘中：候选观察,当前 20.19,20.03-20.31,20.90-21.20,19.69,跌破观察区下沿、弱于基准、板块转弱或出现公告/新闻风险,81,30,隔夜降权：只做观察，不作为自动模拟买入；需次日重新确认强于基准和尾盘承接。,互联网金融/券商；相对基准 5.9656%。,中风险；指数依赖;成交萎缩,创业板指,已跳过,,,,,,重复观察,同一股票同一交易日的15分钟重复观察已去重，不重复计入胜率。
2026-07-17,04:15:58,A股,601318,中国平安,stock,2,盘中：候选观察,当前 51.17,50.76-51.48,52.96-53.73,49.89,跌破观察区下沿、弱于基准、板块转弱或出现公告/新闻风险,77,40,隔夜降权：只做观察，不作为自动模拟买入；需次日重新确认强于基准和尾盘承接。,保险/金融；相对基准 3.0556%。,中风险；权益市场波动;利率,沪深300,已跳过,,,,,,重复观察,同一股票同一交易日的15分钟重复观察已去重，不重复计入胜率。
2026-07-17,04:15:58,A股,600036,招商银行,stock,3,盘中：候选观察,当前 38.00,37.70-38.23,39.33-39.90,37.05,跌破观察区下沿、弱于基准、板块转弱或出现公告/新闻风险,75,40,隔夜降权：只做观察，不作为自动模拟买入；需次日重新确认强于基准和尾盘承接。,银行；相对基准 2.9448%。,低风险；地产链风险;利率环境,沪深300,已跳过,,,,,,重复观察,同一股票同一交易日的15分钟重复观察已去重，不重复计入胜率。
2026-07-17,04:15:58,A股,600030,中信证券,stock,4,盘中：边缘观察,当前 28.22,27.99-28.39,29.21-29.63,27.51,跌破观察区下沿、弱于基准、板块转弱或出现公告/新闻风险,73,40,隔夜降权：只做观察，不作为自动模拟买入；需次日重新确认强于基准和尾盘承接。,券商；相对基准 2.4958%。,中风险；指数依赖;政策预期,沪深300,已跳过,,,,,,重复观察,同一股票同一交易日的15分钟重复观察已去重，不重复计入胜率。
2026-07-17,04:30:56,A股,300059,东方财富,stock,1,盘中：候选观察,当前 20.18,20.02-20.30,20.89-21.19,19.68,跌破观察区下沿、弱于基准、板块转弱或出现公告/新闻风险,81,30,隔夜降权：只做观察，不作为自动模拟买入；需次日重新确认强于基准和尾盘承接。,互联网金融/券商；相对基准 6.5235%。,中风险；指数依赖;成交萎缩,创业板指,已跳过,,,,,,重复观察,同一股票同一交易日的15分钟重复观察已去重，不重复计入胜率。
2026-07-17,04:30:56,A股,600036,招商银行,stock,2,盘中：候选观察,当前 38.04,37.74-38.27,39.37-39.94,37.09,跌破观察区下沿、弱于基准、板块转弱或出现公告/新闻风险,78,40,隔夜降权：只做观察，不作为自动模拟买入；需次日重新确认强于基准和尾盘承接。,银行；相对基准 3.4342%。,低风险；地产链风险;利率环境,沪深300,已跳过,,,,,,重复观察,同一股票同一交易日的15分钟重复观察已去重，不重复计入胜率。
2026-07-17,04:30:56,A股,600941,中国移动,stock,3,盘中：候选观察,当前 93.94,93.19-94.50,97.23-98.64,91.59,跌破观察区下沿、弱于基准、板块转弱或出现公告/新闻风险,75,40,隔夜降权：只做观察，不作为自动模拟买入；需次日重新确认强于基准和尾盘承接。,通信/高股息；相对基准 3.4085%。,低风险；政策/估值;低弹性,沪深300,已跳过,,,,,,重复观察,同一股票同一交易日的15分钟重复观察已去重，不重复计入胜率。
2026-07-17,04:30:56,A股,600030,中信证券,stock,4,盘中：边缘观察,当前 28.12,27.90-28.29,29.10-29.53,27.42,跌破观察区下沿、弱于基准、板块转弱或出现公告/新闻风险,73,40,隔夜降权：只做观察，不作为自动模拟买入；需次日重新确认强于基准和尾盘承接。,券商；相对基准 2.5232%。,中风险；指数依赖;政策预期,沪深300,已跳过,,,,,,重复观察,同一股票同一交易日的15分钟重复观察已去重，不重复计入胜率。
2026-07-17,04:30:56,A股,601318,中国平安,stock,5,盘中：边缘观察,当前 50.99,50.58-51.30,52.77-53.54,49.72,跌破观察区下沿、弱于基准、板块转弱或出现公告/新闻风险,71,20,隔夜降权：只做观察，不作为自动模拟买入；需次日重新确认强于基准和尾盘承接。,保险/金融；相对基准 3.0835%。,中风险；权益市场波动;利率,沪深300,已跳过,,,,,,重复观察,同一股票同一交易日的15分钟重复观察已去重，不重复计入胜率。
2026-07-17,04:46:01,A股,300059,东方财富,stock,1,盘中：候选观察,当前 20.18,20.02-20.30,20.89-21.19,19.68,跌破观察区下沿、弱于基准、板块转弱或出现公告/新闻风险,81,30,隔夜降权：只做观察，不作为自动模拟买入；需次日重新确认强于基准和尾盘承接。,互联网金融/券商；相对基准 6.5235%。,中风险；指数依赖;成交萎缩,创业板指,已跳过,,,,,,重复观察,同一股票同一交易日的15分钟重复观察已去重，不重复计入胜率。
2026-07-17,04:46:01,A股,600036,招商银行,stock,2,盘中：候选观察,当前 38.04,37.74-38.27,39.37-39.94,37.09,跌破观察区下沿、弱于基准、板块转弱或出现公告/新闻风险,78,40,隔夜降权：只做观察，不作为自动模拟买入；需次日重新确认强于基准和尾盘承接。,银行；相对基准 3.4342%。,低风险；地产链风险;利率环境,沪深300,已跳过,,,,,,重复观察,同一股票同一交易日的15分钟重复观察已去重，不重复计入胜率。
2026-07-17,04:46:01,A股,600941,中国移动,stock,3,盘中：候选观察,当前 93.94,93.19-94.50,97.23-98.64,91.59,跌破观察区下沿、弱于基准、板块转弱或出现公告/新闻风险,75,40,隔夜降权：只做观察，不作为自动模拟买入；需次日重新确认强于基准和尾盘承接。,通信/高股息；相对基准 3.4085%。,低风险；政策/估值;低弹性,沪深300,已跳过,,,,,,重复观察,同一股票同一交易日的15分钟重复观察已去重，不重复计入胜率。
2026-07-17,04:46:01,A股,600030,中信证券,stock,4,盘中：边缘观察,当前 28.12,27.90-28.29,29.10-29.53,27.42,跌破观察区下沿、弱于基准、板块转弱或出现公告/新闻风险,73,40,隔夜降权：只做观察，不作为自动模拟买入；需次日重新确认强于基准和尾盘承接。,券商；相对基准 2.5232%。,中风险；指数依赖;政策预期,沪深300,已跳过,,,,,,重复观察,同一股票同一交易日的15分钟重复观察已去重，不重复计入胜率。
2026-07-17,04:46:01,A股,601318,中国平安,stock,5,盘中：边缘观察,当前 50.99,50.58-51.30,52.77-53.54,49.72,跌破观察区下沿、弱于基准、板块转弱或出现公告/新闻风险,71,20,隔夜降权：只做观察，不作为自动模拟买入；需次日重新确认强于基准和尾盘承接。,保险/金融；相对基准 3.0835%。,中风险；权益市场波动;利率,沪深300,已跳过,,,,,,重复观察,同一股票同一交易日的15分钟重复观察已去重，不重复计入胜率。
2026-07-17,05:01:01,A股,300059,东方财富,stock,1,盘中：候选观察,当前 20.18,20.02-20.30,20.89-21.19,19.68,跌破观察区下沿、弱于基准、板块转弱或出现公告/新闻风险,81,30,隔夜降权：只做观察，不作为自动模拟买入；需次日重新确认强于基准和尾盘承接。,互联网金融/券商；相对基准 6.5235%。,中风险；指数依赖;成交萎缩,创业板指,已跳过,,,,,,重复观察,同一股票同一交易日的15分钟重复观察已去重，不重复计入胜率。
2026-07-17,05:01:01,A股,600036,招商银行,stock,2,盘中：候选观察,当前 38.04,37.74-38.27,39.37-39.94,37.09,跌破观察区下沿、弱于基准、板块转弱或出现公告/新闻风险,78,40,隔夜降权：只做观察，不作为自动模拟买入；需次日重新确认强于基准和尾盘承接。,银行；相对基准 3.4342%。,低风险；地产链风险;利率环境,沪深300,已跳过,,,,,,重复观察,同一股票同一交易日的15分钟重复观察已去重，不重复计入胜率。
2026-07-17,05:01:01,A股,600941,中国移动,stock,3,盘中：候选观察,当前 93.94,93.19-94.50,97.23-98.64,91.59,跌破观察区下沿、弱于基准、板块转弱或出现公告/新闻风险,75,40,隔夜降权：只做观察，不作为自动模拟买入；需次日重新确认强于基准和尾盘承接。,通信/高股息；相对基准 3.4085%。,低风险；政策/估值;低弹性,沪深300,已跳过,,,,,,重复观察,同一股票同一交易日的15分钟重复观察已去重，不重复计入胜率。
2026-07-17,05:01:01,A股,600030,中信证券,stock,4,盘中：边缘观察,当前 28.12,27.90-28.29,29.10-29.53,27.42,跌破观察区下沿、弱于基准、板块转弱或出现公告/新闻风险,73,40,隔夜降权：只做观察，不作为自动模拟买入；需次日重新确认强于基准和尾盘承接。,券商；相对基准 2.5232%。,中风险；指数依赖;政策预期,沪深300,已复盘,27.76,28.28,-1.28%,+0.57%,-0.96%,未触发,模拟执行未进入买入观察区，不计入胜率；继续检验观察区是否过窄。
2026-07-17,05:01:01,A股,601318,中国平安,stock,5,盘中：边缘观察,当前 50.99,50.58-51.30,52.77-53.54,49.72,跌破观察区下沿、弱于基准、板块转弱或出现公告/新闻风险,71,20,隔夜降权：只做观察，不作为自动模拟买入；需次日重新确认强于基准和尾盘承接。,保险/金融；相对基准 3.0835%。,中风险；权益市场波动;利率,沪深300,已跳过,,,,,,重复观察,同一股票同一交易日的15分钟重复观察已去重，不重复计入胜率。
2026-07-17,05:15:57,A股,A_SHARE_DATA_INSUFFICIENT,A股行情时间戳过旧，本轮跳过评分,skip,0,数据不足/本轮跳过,数据不足,数据不足,数据不足,数据不足,等待下一轮可核验行情后再评估,,,不判断隔夜,A股行情时间戳过旧，本轮跳过评分,行情时间戳过旧或关键字段不足时不输出价格、评分、止盈止损,,数据不足/本轮跳过,,,,,,不计胜率,等待下一轮可核验行情后再运行评分
2026-07-17,05:31:03,A股,A_SHARE_DATA_INSUFFICIENT,A股行情时间戳过旧，本轮跳过评分,skip,0,数据不足/本轮跳过,数据不足,数据不足,数据不足,数据不足,等待下一轮可核验行情后再评估,,,不判断隔夜,A股行情时间戳过旧，本轮跳过评分,行情时间戳过旧或关键字段不足时不输出价格、评分、止盈止损,,数据不足/本轮跳过,,,,,,不计胜率,等待下一轮可核验行情后再运行评分
2026-07-17,05:45:59,A股,A_SHARE_DATA_INSUFFICIENT,A股行情时间戳过旧，本轮跳过评分,skip,0,数据不足/本轮跳过,数据不足,数据不足,数据不足,数据不足,等待下一轮可核验行情后再评估,,,不判断隔夜,A股行情时间戳过旧，本轮跳过评分,行情时间戳过旧或关键字段不足时不输出价格、评分、止盈止损,,数据不足/本轮跳过,,,,,,不计胜率,等待下一轮可核验行情后再运行评分
2026-07-17,07:00:56,A股,000333,美的集团,stock,1,盘中：强势观察,当前 82.78,82.12-83.28,85.68-86.92,80.71,跌破观察区下沿、弱于基准、板块转弱或出现公告/新闻风险,83,40,隔夜降权：只做观察，不作为自动模拟买入；需次日重新确认强于基准和尾盘承接。,家电/消费；相对基准 4.2759%。,低风险；消费周期;汇率/出口,沪深300,已跳过,,,,,,重复观察,同一股票同一交易日的15分钟重复观察已去重，不重复计入胜率。
2026-07-17,07:00:56,A股,600036,招商银行,stock,2,盘中：边缘观察,当前 37.94,37.64-38.17,39.27-39.84,36.99,跌破观察区下沿、弱于基准、板块转弱或出现公告/新闻风险,73,20,隔夜降权：只做观察，不作为自动模拟买入；需次日重新确认强于基准和尾盘承接。,银行；相对基准 3.7947%。,低风险；地产链风险;利率环境,沪深300,已跳过,,,,,,重复观察,同一股票同一交易日的15分钟重复观察已去重，不重复计入胜率。
2026-07-17,07:00:56,A股,600941,中国移动,stock,3,盘中：边缘观察,当前 93.64,92.89-94.20,96.92-98.32,91.30,跌破观察区下沿、弱于基准、板块转弱或出现公告/新闻风险,73,20,隔夜降权：只做观察，不作为自动模拟买入；需次日重新确认强于基准和尾盘承接。,通信/高股息；相对基准 3.712%。,低风险；政策/估值;低弹性,沪深300,已跳过,,,,,,重复观察,同一股票同一交易日的15分钟重复观察已去重，不重复计入胜率。
2026-07-17,07:00:56,A股,300059,东方财富,stock,4,盘中：边缘观察,当前 19.98,19.82-20.10,20.68-20.98,19.48,跌破观察区下沿、弱于基准、板块转弱或出现公告/新闻风险,71,20,隔夜降权：只做观察，不作为自动模拟买入；需次日重新确认强于基准和尾盘承接。,互联网金融/券商；相对基准 6.4471%。,中风险；指数依赖;成交萎缩,创业板指,已跳过,,,,,,重复观察,同一股票同一交易日的15分钟重复观察已去重，不重复计入胜率。
2026-07-17,07:16:10,A股,000333,美的集团,stock,1,盘中：强势观察,当前 82.94,82.28-83.44,85.84-87.09,80.87,跌破观察区下沿、弱于基准、板块转弱或出现公告/新闻风险,84,40,隔夜降权：只做观察，不作为自动模拟买入；需次日重新确认强于基准和尾盘承接。,家电/消费；相对基准 3.5813%。,低风险；消费周期;汇率/出口,沪深300,已跳过,,,,,,重复观察,同一股票同一交易日的15分钟重复观察已去重，不重复计入胜率。
2026-07-17,07:16:10,A股,600036,招商银行,stock,2,盘中：候选观察,当前 38.03,37.73-38.26,39.36-39.93,37.08,跌破观察区下沿、弱于基准、板块转弱或出现公告/新闻风险,78,40,隔夜降权：只做观察，不作为自动模拟买入；需次日重新确认强于基准和尾盘承接。,银行；相对基准 3.1434%。,低风险；地产链风险;利率环境,沪深300,已跳过,,,,,,重复观察,同一股票同一交易日的15分钟重复观察已去重，不重复计入胜率。
2026-07-17,07:16:10,A股,300750,宁德时代,stock,3,盘中：候选观察,当前 368.70,365.75-370.91,381.60-387.13,359.48,跌破观察区下沿、弱于基准、板块转弱或出现公告/新闻风险,75,50,隔夜降权：只做观察，不作为自动模拟买入；需次日重新确认强于基准和尾盘承接。,新能源电池；相对基准 5.02%。,中风险；行业价格战;政策/销量预期,创业板指,已复盘,354.00,376.43,-3.99%,+2.10%,+1.68%,未触发,模拟执行未进入买入观察区，不计入胜率；继续检验观察区是否过窄。
2026-07-17,07:16:10,A股,300059,东方财富,stock,4,盘中：边缘观察,当前 19.96,19.80-20.08,20.66-20.96,19.46,跌破观察区下沿、弱于基准、板块转弱或出现公告/新闻风险,71,20,隔夜降权：只做观察，不作为自动模拟买入；需次日重新确认强于基准和尾盘承接。,互联网金融/券商；相对基准 5.0437%。,中风险；指数依赖;成交萎缩,创业板指,已跳过,,,,,,重复观察,同一股票同一交易日的15分钟重复观察已去重，不重复计入胜率。
2026-07-17,07:16:10,A股,600941,中国移动,stock,5,盘中：边缘观察,当前 93.58,92.83-94.14,96.86-98.26,91.24,跌破观察区下沿、弱于基准、板块转弱或出现公告/新闻风险,70,20,隔夜降权：只做观察，不作为自动模拟买入；需次日重新确认强于基准和尾盘承接。,通信/高股息；相对基准 2.7573%。,低风险；政策/估值;低弹性,沪深300,已跳过,,,,,,重复观察,同一股票同一交易日的15分钟重复观察已去重，不重复计入胜率。
2026-07-17,07:30:58,A股,000333,美的集团,stock,1,盘中：强势观察,当前 82.98,82.32-83.48,85.88-87.13,80.91,跌破观察区下沿、弱于基准、板块转弱或出现公告/新闻风险,84,40,隔夜降权：只做观察，不作为自动模拟买入；需次日重新确认强于基准和尾盘承接。,家电/消费；相对基准 3.8718%。,低风险；消费周期;汇率/出口,沪深300,已跳过,,,,,,重复观察,同一股票同一交易日的15分钟重复观察已去重，不重复计入胜率。
2026-07-17,07:30:58,A股,600036,招商银行,stock,2,盘中：强势观察,当前 38.13,37.82-38.36,39.46-40.04,37.18,跌破观察区下沿、弱于基准、板块转弱或出现公告/新闻风险,84,40,隔夜降权：只做观察，不作为自动模拟买入；需次日重新确认强于基准和尾盘承接。,银行；相对基准 3.6504%。,低风险；地产链风险;利率环境,沪深300,已跳过,,,,,,重复观察,同一股票同一交易日的15分钟重复观察已去重，不重复计入胜率。
2026-07-17,07:30:58,A股,600941,中国移动,stock,3,盘中：候选观察,当前 93.90,93.15-94.46,97.19-98.60,91.55,跌破观察区下沿、弱于基准、板块转弱或出现公告/新闻风险,75,30,隔夜降权：只做观察，不作为自动模拟买入；需次日重新确认强于基准和尾盘承接。,通信/高股息；相对基准 3.3428%。,低风险；政策/估值;低弹性,沪深300,已跳过,,,,,,重复观察,同一股票同一交易日的15分钟重复观察已去重，不重复计入胜率。
2026-07-17,07:30:58,A股,300059,东方财富,stock,4,盘中：边缘观察,当前 19.96,19.80-20.08,20.66-20.96,19.46,跌破观察区下沿、弱于基准、板块转弱或出现公告/新闻风险,71,20,隔夜降权：只做观察，不作为自动模拟买入；需次日重新确认强于基准和尾盘承接。,互联网金融/券商；相对基准 5.521%。,中风险；指数依赖;成交萎缩,创业板指,已复盘,19.80,20.18,-0.80%,+1.10%,+0.68%,命中,模拟执行后表现有效，保留相对强弱和量价过滤。
2026-07-17,07:30:58,A股,601318,中国平安,stock,5,盘中：边缘观察,当前 50.98,50.57-51.29,52.76-53.53,49.71,跌破观察区下沿、弱于基准、板块转弱或出现公告/新闻风险,71,20,隔夜降权：只做观察，不作为自动模拟买入；需次日重新确认强于基准和尾盘承接。,保险/金融；相对基准 3.0411%。,中风险；权益市场波动;利率,沪深300,已跳过,,,,,,重复观察,同一股票同一交易日的15分钟重复观察已去重，不重复计入胜率。
2026-07-17,07:46:01,A股,600036,招商银行,stock,1,盘中：强势观察,当前 38.17,37.86-38.40,39.51-40.08,37.22,跌破观察区下沿、弱于基准、板块转弱或出现公告/新闻风险,86,40,隔夜降权：只做观察，不作为自动模拟买入；需次日重新确认强于基准和尾盘承接。,银行；相对基准 4.3687%。,低风险；地产链风险;利率环境,沪深300,已跳过,,,,,,重复观察,同一股票同一交易日的15分钟重复观察已去重，不重复计入胜率。
2026-07-17,07:46:01,A股,000333,美的集团,stock,2,盘中：强势观察,当前 83.05,82.39-83.55,85.96-87.20,80.97,跌破观察区下沿、弱于基准、板块转弱或出现公告/新闻风险,84,40,隔夜降权：只做观察，不作为自动模拟买入；需次日重新确认强于基准和尾盘承接。,家电/消费；相对基准 4.5695%。,低风险；消费周期;汇率/出口,沪深300,已跳过,,,,,,重复观察,同一股票同一交易日的15分钟重复观察已去重，不重复计入胜率。
2026-07-17,07:46:01,A股,600519,贵州茅台,stock,3,盘中：候选观察,当前 1260.50,1250.42-1268.06,1304.62-1323.53,1228.99,跌破观察区下沿、弱于基准、板块转弱或出现公告/新闻风险,76,40,隔夜降权：只做观察，不作为自动模拟买入；需次日重新确认强于基准和尾盘承接。,消费/白酒；相对基准 3.1613%。,低风险；消费预期;外资权重波动,沪深300,已复盘,1270.00,1327.50,+0.75%,+5.32%,+3.79%,未触发,模拟执行未进入买入观察区，不计入胜率；继续检验观察区是否过窄。
2026-07-17,07:46:01,A股,600941,中国移动,stock,4,盘中：边缘观察,当前 93.67,92.92-94.23,96.95-98.35,91.33,跌破观察区下沿、弱于基准、板块转弱或出现公告/新闻风险,73,20,隔夜降权：只做观察，不作为自动模拟买入；需次日重新确认强于基准和尾盘承接。,通信/高股息；相对基准 3.7077%。,低风险；政策/估值;低弹性,沪深300,已跳过,,,,,,重复观察,同一股票同一交易日的15分钟重复观察已去重，不重复计入胜率。
2026-07-17,07:46:01,A股,601318,中国平安,stock,5,盘中：边缘观察,当前 50.94,50.53-51.25,52.72-53.49,49.67,跌破观察区下沿、弱于基准、板块转弱或出现公告/新闻风险,71,20,隔夜降权：只做观察，不作为自动模拟买入；需次日重新确认强于基准和尾盘承接。,保险/金融；相对基准 3.5743%。,中风险；权益市场波动;利率,沪深300,已复盘,50.72,53.23,-0.43%,+4.50%,+2.97%,未触发,模拟执行未进入买入观察区，不计入胜率；继续检验观察区是否过窄。
2026-07-17,08:01:09,A股,000333,美的集团,stock,1,盘中：候选观察,当前 82.71,82.05-83.21,85.60-86.85,80.64,跌破观察区下沿、弱于基准、板块转弱或出现公告/新闻风险,81,30,隔夜降权：只做观察，不作为自动模拟买入；需次日重新确认强于基准和尾盘承接。,家电/消费；相对基准 4.7167%。,低风险；消费周期;汇率/出口,沪深300,已跳过,,,,,,重复观察,同一股票同一交易日的15分钟重复观察已去重，不重复计入胜率。
2026-07-17,08:01:09,A股,600036,招商银行,stock,2,盘中：候选观察,当前 38.02,37.72-38.25,39.35-39.92,37.07,跌破观察区下沿、弱于基准、板块转弱或出现公告/新闻风险,77,40,隔夜降权：只做观察，不作为自动模拟买入；需次日重新确认强于基准和尾盘承接。,银行；相对基准 4.5333%。,低风险；地产链风险;利率环境,沪深300,已跳过,,,,,,重复观察,同一股票同一交易日的15分钟重复观察已去重，不重复计入胜率。
2026-07-17,08:01:09,A股,600941,中国移动,stock,3,盘中：边缘观察,当前 93.40,92.65-93.96,96.67-98.07,91.06,跌破观察区下沿、弱于基准、板块转弱或出现公告/新闻风险,70,20,隔夜降权：只做观察，不作为自动模拟买入；需次日重新确认强于基准和尾盘承接。,通信/高股息；相对基准 3.9803%。,低风险；政策/估值;低弹性,沪深300,已跳过,,,,,,重复观察,同一股票同一交易日的15分钟重复观察已去重，不重复计入胜率。
2026-07-17,08:16:04,A股,000333,美的集团,stock,1,盘中：候选观察,当前 82.71,82.05-83.21,85.60-86.85,80.64,跌破观察区下沿、弱于基准、板块转弱或出现公告/新闻风险,81,30,隔夜降权：只做观察，不作为自动模拟买入；需次日重新确认强于基准和尾盘承接。,家电/消费；相对基准 4.7167%。,低风险；消费周期;汇率/出口,沪深300,已跳过,,,,,,重复观察,同一股票同一交易日的15分钟重复观察已去重，不重复计入胜率。
2026-07-17,08:16:04,A股,600036,招商银行,stock,2,盘中：候选观察,当前 38.02,37.72-38.25,39.35-39.92,37.07,跌破观察区下沿、弱于基准、板块转弱或出现公告/新闻风险,77,40,隔夜降权：只做观察，不作为自动模拟买入；需次日重新确认强于基准和尾盘承接。,银行；相对基准 4.5333%。,低风险；地产链风险;利率环境,沪深300,已跳过,,,,,,重复观察,同一股票同一交易日的15分钟重复观察已去重，不重复计入胜率。
2026-07-17,08:16:04,A股,600941,中国移动,stock,3,盘中：边缘观察,当前 93.40,92.65-93.96,96.67-98.07,91.06,跌破观察区下沿、弱于基准、板块转弱或出现公告/新闻风险,70,20,隔夜降权：只做观察，不作为自动模拟买入；需次日重新确认强于基准和尾盘承接。,通信/高股息；相对基准 3.9803%。,低风险；政策/估值;低弹性,沪深300,已跳过,,,,,,重复观察,同一股票同一交易日的15分钟重复观察已去重，不重复计入胜率。
2026-07-17,08:31:32,A股,000333,美的集团,stock,1,盘中：候选观察,当前 82.71,82.05-83.21,85.60-86.85,80.64,跌破观察区下沿、弱于基准、板块转弱或出现公告/新闻风险,81,30,隔夜降权：只做观察，不作为自动模拟买入；需次日重新确认强于基准和尾盘承接。,家电/消费；相对基准 4.7167%。,低风险；消费周期;汇率/出口,沪深300,已跳过,,,,,,重复观察,同一股票同一交易日的15分钟重复观察已去重，不重复计入胜率。
2026-07-17,08:31:32,A股,600036,招商银行,stock,2,盘中：候选观察,当前 38.02,37.72-38.25,39.35-39.92,37.07,跌破观察区下沿、弱于基准、板块转弱或出现公告/新闻风险,77,40,隔夜降权：只做观察，不作为自动模拟买入；需次日重新确认强于基准和尾盘承接。,银行；相对基准 4.5333%。,低风险；地产链风险;利率环境,沪深300,已跳过,,,,,,重复观察,同一股票同一交易日的15分钟重复观察已去重，不重复计入胜率。
2026-07-17,08:31:32,A股,600941,中国移动,stock,3,盘中：边缘观察,当前 93.40,92.65-93.96,96.67-98.07,91.06,跌破观察区下沿、弱于基准、板块转弱或出现公告/新闻风险,70,20,隔夜降权：只做观察，不作为自动模拟买入；需次日重新确认强于基准和尾盘承接。,通信/高股息；相对基准 3.9803%。,低风险；政策/估值;低弹性,沪深300,已跳过,,,,,,重复观察,同一股票同一交易日的15分钟重复观察已去重，不重复计入胜率。
2026-07-17,08:46:02,A股,000333,美的集团,stock,1,盘中：候选观察,当前 82.71,82.05-83.21,85.60-86.85,80.64,跌破观察区下沿、弱于基准、板块转弱或出现公告/新闻风险,81,30,隔夜降权：只做观察，不作为自动模拟买入；需次日重新确认强于基准和尾盘承接。,家电/消费；相对基准 4.7167%。,低风险；消费周期;汇率/出口,沪深300,已复盘,81.23,84.30,-1.79%,+1.92%,+0.39%,命中,模拟执行后表现有效，保留相对强弱和量价过滤。
2026-07-17,08:46:02,A股,600036,招商银行,stock,2,盘中：候选观察,当前 38.02,37.72-38.25,39.35-39.92,37.07,跌破观察区下沿、弱于基准、板块转弱或出现公告/新闻风险,77,40,隔夜降权：只做观察，不作为自动模拟买入；需次日重新确认强于基准和尾盘承接。,银行；相对基准 4.5333%。,低风险；地产链风险;利率环境,沪深300,已复盘,37.95,38.91,-0.18%,+2.34%,+0.81%,命中,模拟执行后表现有效，保留相对强弱和量价过滤。
2026-07-17,08:46:02,A股,600941,中国移动,stock,3,盘中：边缘观察,当前 93.40,92.65-93.96,96.67-98.07,91.06,跌破观察区下沿、弱于基准、板块转弱或出现公告/新闻风险,70,20,隔夜降权：只做观察，不作为自动模拟买入；需次日重新确认强于基准和尾盘承接。,通信/高股息；相对基准 3.9803%。,低风险；政策/估值;低弹性,沪深300,已复盘,93.40,95.80,0.00%,+2.57%,+1.04%,未触发,模拟执行未进入买入观察区，不计入胜率；继续检验观察区是否过窄。
2026-07-17,16:39:47,美股,MU,"Micron Technology, Inc.",stock,1,盘中：高风险强势观察,当前 866.00,859.07-871.19,896.31-922.29,835.69,跌破观察区下沿、弱于基准、板块转弱或出现公告/新闻风险,85,65,收盘前仍强于基准且无事件风险时，才进入隔夜观察,存储芯片；相对基准 3.639%。,高风险；周期波动;财报跳空;库存周期,SMH,已跳过,,,,,,重复观察,同一股票同一交易日的15分钟重复观察已去重，不重复计入胜率。
2026-07-17,16:39:47,美股,ORCL,Oracle Corporation,stock,2,盘中：强势观察,当前 126.01,125.00-126.77,130.42-132.31,122.86,跌破观察区下沿、弱于基准、板块转弱或出现公告/新闻风险,84,65,收盘前仍强于基准且无事件风险时，才进入隔夜观察,云/数据库；相对基准 2.7779%。,中高风险；财报跳空;订单预期,QQQ,已跳过,,,,,,重复观察,同一股票同一交易日的15分钟重复观察已去重，不重复计入胜率。
2026-07-17,16:39:47,美股,AAPL,Apple Inc.,stock,3,盘中：边缘观察,当前 333.62,330.96-335.63,345.30-350.31,325.28,跌破观察区下沿、弱于基准、板块转弱或出现公告/新闻风险,71,30,收盘前仍强于基准且无事件风险时，才进入隔夜观察,消费电子/大科技；相对基准 1.4382%。,中风险；产品周期;中国市场;监管,QQQ,已跳过,,,,,,重复观察,同一股票同一交易日的15分钟重复观察已去重，不重复计入胜率。
2026-07-17,16:46:32,美股,ORCL,Oracle Corporation,stock,1,盘中：强势观察,当前 125.70,124.69-126.45,130.10-131.99,122.56,跌破观察区下沿、弱于基准、板块转弱或出现公告/新闻风险,84,65,收盘前仍强于基准且无事件风险时，才进入隔夜观察,云/数据库；相对基准 2.6162%。,中高风险；财报跳空;订单预期,QQQ,已跳过,,,,,,重复观察,同一股票同一交易日的15分钟重复观察已去重，不重复计入胜率。
2026-07-17,16:46:32,美股,MU,"Micron Technology, Inc.",stock,2,盘中：候选观察,当前 860.84,853.95-866.01,890.97-916.79,830.71,跌破观察区下沿、弱于基准、板块转弱或出现公告/新闻风险,79,65,收盘前仍强于基准且无事件风险时，才进入隔夜观察,存储芯片；相对基准 3.1058%。,高风险；周期波动;财报跳空;库存周期,SMH,已跳过,,,,,,重复观察,同一股票同一交易日的15分钟重复观察已去重，不重复计入胜率。
2026-07-17,17:00:59,美股,MU,"Micron Technology, Inc.",stock,1,盘中：高风险强势观察,当前 885.92,878.83-891.24,916.93-943.50,854.91,跌破观察区下沿、弱于基准、板块转弱或出现公告/新闻风险,87,65,收盘前仍强于基准且无事件风险时，才进入隔夜观察,存储芯片；相对基准 4.8105%。,高风险；周期波动;财报跳空;库存周期,SMH,已跳过,,,,,,重复观察,同一股票同一交易日的15分钟重复观察已去重，不重复计入胜率。
2026-07-17,17:00:59,美股,ORCL,Oracle Corporation,stock,2,盘中：强势观察,当前 127.14,126.12-127.90,131.59-133.50,123.96,跌破观察区下沿、弱于基准、板块转弱或出现公告/新闻风险,87,65,收盘前仍强于基准且无事件风险时，才进入隔夜观察,云/数据库；相对基准 3.2124%。,中高风险；财报跳空;订单预期,QQQ,已跳过,,,,,,重复观察,同一股票同一交易日的15分钟重复观察已去重，不重复计入胜率。
2026-07-17,17:00:59,美股,AMD,"Advanced Micro Devices, Inc.",stock,3,盘中：边缘观察,当前 501.00,496.99-504.01,518.53-533.56,483.46,跌破观察区下沿、弱于基准、板块转弱或出现公告/新闻风险,73,65,收盘前仍强于基准且无事件风险时，才进入隔夜观察,AI GPU/半导体；相对基准 0.9875%。,高风险；高波动;产品预期;相对弱势风险,SMH,已跳过,,,,,,重复观察,同一股票同一交易日的15分钟重复观察已去重，不重复计入胜率。
2026-07-17,17:15:57,美股,MU,"Micron Technology, Inc.",stock,1,盘中：高风险强势观察,当前 886.35,879.25-891.66,917.37-943.96,855.32,跌破观察区下沿、弱于基准、板块转弱或出现公告/新闻风险,87,65,收盘前仍强于基准且无事件风险时，才进入隔夜观察,存储芯片；相对基准 4.7584%。,高风险；周期波动;财报跳空;库存周期,SMH,已跳过,,,,,,重复观察,同一股票同一交易日的15分钟重复观察已去重，不重复计入胜率。
2026-07-17,17:15:57,美股,ORCL,Oracle Corporation,stock,2,盘中：强势观察,当前 127.56,126.54-128.33,132.02-133.94,124.37,跌破观察区下沿、弱于基准、板块转弱或出现公告/新闻风险,87,65,收盘前仍强于基准且无事件风险时，才进入隔夜观察,云/数据库；相对基准 3.588%。,中高风险；财报跳空;订单预期,QQQ,已跳过,,,,,,重复观察,同一股票同一交易日的15分钟重复观察已去重，不重复计入胜率。
2026-07-17,17:15:57,美股,AMD,"Advanced Micro Devices, Inc.",stock,3,盘中：候选观察,当前 502.36,498.34-505.37,519.94-535.01,484.77,跌破观察区下沿、弱于基准、板块转弱或出现公告/新闻风险,76,65,收盘前仍强于基准且无事件风险时，才进入隔夜观察,AI GPU/半导体；相对基准 1.1561%。,高风险；高波动;产品预期;相对弱势风险,SMH,已跳过,,,,,,重复观察,同一股票同一交易日的15分钟重复观察已去重，不重复计入胜率。
2026-07-17,17:15:57,美股,ASML,ASML Holding N.V.,stock,4,盘中：边缘观察,当前 1785.29,1771.01-1796.00,1847.78-1874.55,1740.66,跌破观察区下沿、弱于基准、板块转弱或出现公告/新闻风险,70,65,收盘前仍强于基准且无事件风险时，才进入隔夜观察,半导体设备；相对基准 0.8971%。,中风险；出口限制;订单周期;欧洲ADR波动,SMH,已跳过,,,,,,重复观察,同一股票同一交易日的15分钟重复观察已去重，不重复计入胜率。
2026-07-17,17:15:57,美股,LRCX,Lam Research Corporation,stock,5,盘中：边缘观察,当前 321.05,318.48-322.98,332.29-337.10,313.02,跌破观察区下沿、弱于基准、板块转弱或出现公告/新闻风险,70,65,收盘前仍强于基准且无事件风险时，才进入隔夜观察,半导体设备；相对基准 0.9016%。,中风险；订单周期;财报风险,SMH,已复盘,321.83,306.76,+0.24%,-4.45%,数据不足,未触发,模拟执行未进入买入观察区，不计入胜率；继续检验观察区是否过窄。
2026-07-17,17:30:52,美股,MU,"Micron Technology, Inc.",stock,1,盘中：高风险强势观察,当前 885.25,878.16-890.56,916.23-942.79,854.26,跌破观察区下沿、弱于基准、板块转弱或出现公告/新闻风险,87,65,收盘前仍强于基准且无事件风险时，才进入隔夜观察,存储芯片；相对基准 5.0654%。,高风险；周期波动;财报跳空;库存周期,SMH,已跳过,,,,,,重复观察,同一股票同一交易日的15分钟重复观察已去重，不重复计入胜率。
2026-07-17,17:30:52,美股,ORCL,Oracle Corporation,stock,2,盘中：强势观察,当前 127.43,126.41-128.19,131.89-133.80,124.24,跌破观察区下沿、弱于基准、板块转弱或出现公告/新闻风险,87,65,收盘前仍强于基准且无事件风险时，才进入隔夜观察,云/数据库；相对基准 3.6194%。,中高风险；财报跳空;订单预期,QQQ,已跳过,,,,,,重复观察,同一股票同一交易日的15分钟重复观察已去重，不重复计入胜率。
2026-07-17,17:45:54,美股,MU,"Micron Technology, Inc.",stock,1,盘中：高风险强势观察,当前 892.18,885.04-897.53,923.41-950.17,860.95,跌破观察区下沿、弱于基准、板块转弱或出现公告/新闻风险,87,65,收盘前仍强于基准且无事件风险时，才进入隔夜观察,存储芯片；相对基准 5.604%。,高风险；周期波动;财报跳空;库存周期,SMH,已跳过,,,,,,重复观察,同一股票同一交易日的15分钟重复观察已去重，不重复计入胜率。
2026-07-17,17:45:54,美股,ORCL,Oracle Corporation,stock,2,盘中：强势观察,当前 127.74,126.72-128.51,132.21-134.13,124.55,跌破观察区下沿、弱于基准、板块转弱或出现公告/新闻风险,87,65,收盘前仍强于基准且无事件风险时，才进入隔夜观察,云/数据库；相对基准 3.6363%。,中高风险；财报跳空;订单预期,QQQ,已跳过,,,,,,重复观察,同一股票同一交易日的15分钟重复观察已去重，不重复计入胜率。
2026-07-17,17:45:54,美股,AMD,"Advanced Micro Devices, Inc.",stock,3,盘中：候选观察,当前 501.18,497.17-504.18,518.72-533.75,483.63,跌破观察区下沿、弱于基准、板块转弱或出现公告/新闻风险,76,65,收盘前仍强于基准且无事件风险时，才进入隔夜观察,AI GPU/半导体；相对基准 1.0822%。,高风险；高波动;产品预期;相对弱势风险,SMH,已跳过,,,,,,重复观察,同一股票同一交易日的15分钟重复观察已去重，不重复计入胜率。
2026-07-17,18:00:51,美股,ORCL,Oracle Corporation,stock,1,盘中：强势观察,当前 128.19,127.16-128.96,132.68-134.60,124.99,跌破观察区下沿、弱于基准、板块转弱或出现公告/新闻风险,89,65,收盘前仍强于基准且无事件风险时，才进入隔夜观察,云/数据库；相对基准 3.88%。,中高风险；财报跳空;订单预期,QQQ,已跳过,,,,,,重复观察,同一股票同一交易日的15分钟重复观察已去重，不重复计入胜率。
2026-07-17,18:00:51,美股,MU,"Micron Technology, Inc.",stock,2,盘中：高风险强势观察,当前 894.72,887.56-900.09,926.04-952.88,863.40,跌破观察区下沿、弱于基准、板块转弱或出现公告/新闻风险,87,65,收盘前仍强于基准且无事件风险时，才进入隔夜观察,存储芯片；相对基准 5.6978%。,高风险；周期波动;财报跳空;库存周期,SMH,已跳过,,,,,,重复观察,同一股票同一交易日的15分钟重复观察已去重，不重复计入胜率。
2026-07-17,18:00:51,美股,AVGO,Broadcom Inc.,stock,3,盘中：强势观察,当前 375.80,372.80-378.06,388.96-394.59,366.41,跌破观察区下沿、弱于基准、板块转弱或出现公告/新闻风险,82,85,收盘前仍强于基准且无事件风险时，才进入隔夜观察,AI芯片/网络；相对基准 1.1927%。,中高风险；大客户预期;财报跳空;估值波动,SMH,已跳过,,,,,,重复观察,同一股票同一交易日的15分钟重复观察已去重，不重复计入胜率。
2026-07-17,18:00:51,美股,AMD,"Advanced Micro Devices, Inc.",stock,4,盘中：候选观察,当前 502.12,498.10-505.13,519.69-534.76,484.55,跌破观察区下沿、弱于基准、板块转弱或出现公告/新闻风险,76,65,收盘前仍强于基准且无事件风险时，才进入隔夜观察,AI GPU/半导体；相对基准 1.067%。,高风险；高波动;产品预期;相对弱势风险,SMH,已跳过,,,,,,重复观察,同一股票同一交易日的15分钟重复观察已去重，不重复计入胜率。
2026-07-17,18:16:08,美股,ORCL,Oracle Corporation,stock,1,盘中：强势观察,当前 128.18,127.15-128.95,132.67-134.59,124.98,跌破观察区下沿、弱于基准、板块转弱或出现公告/新闻风险,89,65,收盘前仍强于基准且无事件风险时，才进入隔夜观察,云/数据库；相对基准 3.8237%。,中高风险；财报跳空;订单预期,QQQ,已跳过,,,,,,重复观察,同一股票同一交易日的15分钟重复观察已去重，不重复计入胜率。
2026-07-17,18:16:08,美股,MU,"Micron Technology, Inc.",stock,2,盘中：高风险强势观察,当前 895.64,888.47-901.01,926.99-953.86,864.29,跌破观察区下沿、弱于基准、板块转弱或出现公告/新闻风险,87,65,收盘前仍强于基准且无事件风险时，才进入隔夜观察,存储芯片；相对基准 5.4892%。,高风险；周期波动;财报跳空;库存周期,SMH,已跳过,,,,,,重复观察,同一股票同一交易日的15分钟重复观察已去重，不重复计入胜率。
2026-07-17,18:16:08,美股,AVGO,Broadcom Inc.,stock,3,盘中：强势观察,当前 376.46,373.45-378.72,389.64-395.29,367.05,跌破观察区下沿、弱于基准、板块转弱或出现公告/新闻风险,82,85,收盘前仍强于基准且无事件风险时，才进入隔夜观察,AI芯片/网络；相对基准 1.0531%。,中高风险；大客户预期;财报跳空;估值波动,SMH,已跳过,,,,,,重复观察,同一股票同一交易日的15分钟重复观察已去重，不重复计入胜率。
2026-07-17,18:16:08,美股,AMD,"Advanced Micro Devices, Inc.",stock,4,盘中：边缘观察,当前 501.08,497.07-504.09,518.62-533.65,483.54,跌破观察区下沿、弱于基准、板块转弱或出现公告/新闻风险,73,65,收盘前仍强于基准且无事件风险时，才进入隔夜观察,AI GPU/半导体；相对基准 0.5429%。,高风险；高波动;产品预期;相对弱势风险,SMH,已跳过,,,,,,重复观察,同一股票同一交易日的15分钟重复观察已去重，不重复计入胜率。
2026-07-17,18:16:08,美股,ASML,ASML Holding N.V.,stock,5,盘中：边缘观察,当前 1786.11,1771.82-1796.83,1848.63-1875.42,1741.46,跌破观察区下沿、弱于基准、板块转弱或出现公告/新闻风险,70,65,收盘前仍强于基准且无事件风险时，才进入隔夜观察,半导体设备；相对基准 0.5846%。,中风险；出口限制;订单周期;欧洲ADR波动,SMH,已复盘,1778.59,1739.02,-0.42%,-2.64%,数据不足,失败,模拟买入后收盘或相对表现不足，降低该条件权重。
2026-07-17,18:31:15,美股,ORCL,Oracle Corporation,stock,1,盘中：强势观察,当前 127.98,126.96-128.75,132.46-134.38,124.78,跌破观察区下沿、弱于基准、板块转弱或出现公告/新闻风险,89,65,收盘前仍强于基准且无事件风险时，才进入隔夜观察,云/数据库；相对基准 3.5877%。,中高风险；财报跳空;订单预期,QQQ,已跳过,,,,,,重复观察,同一股票同一交易日的15分钟重复观察已去重，不重复计入胜率。
2026-07-17,18:31:15,美股,MU,"Micron Technology, Inc.",stock,2,盘中：高风险强势观察,当前 895.04,887.88-900.41,926.37-953.22,863.71,跌破观察区下沿、弱于基准、板块转弱或出现公告/新闻风险,87,65,收盘前仍强于基准且无事件风险时，才进入隔夜观察,存储芯片；相对基准 5.4418%。,高风险；周期波动;财报跳空;库存周期,SMH,已跳过,,,,,,重复观察,同一股票同一交易日的15分钟重复观察已去重，不重复计入胜率。
2026-07-17,18:31:15,美股,AVGO,Broadcom Inc.,stock,3,盘中：候选观察,当前 376.07,373.06-378.33,389.23-394.87,366.67,跌破观察区下沿、弱于基准、板块转弱或出现公告/新闻风险,79,85,收盘前仍强于基准且无事件风险时，才进入隔夜观察,AI芯片/网络；相对基准 0.9705%。,中高风险；大客户预期;财报跳空;估值波动,SMH,已跳过,,,,,,重复观察,同一股票同一交易日的15分钟重复观察已去重，不重复计入胜率。
2026-07-17,18:31:15,美股,AMD,"Advanced Micro Devices, Inc.",stock,4,盘中：候选观察,当前 505.03,500.99-508.06,522.71-537.86,487.35,跌破观察区下沿、弱于基准、板块转弱或出现公告/新闻风险,76,65,收盘前仍强于基准且无事件风险时，才进入隔夜观察,AI GPU/半导体；相对基准 1.3544%。,高风险；高波动;产品预期;相对弱势风险,SMH,已跳过,,,,,,重复观察,同一股票同一交易日的15分钟重复观察已去重，不重复计入胜率。
2026-07-17,18:46:03,美股,MU,"Micron Technology, Inc.",stock,1,盘中：高风险强势观察,当前 890.43,883.31-895.77,921.60-948.31,859.26,跌破观察区下沿、弱于基准、板块转弱或出现公告/新闻风险,87,65,收盘前仍强于基准且无事件风险时，才进入隔夜观察,存储芯片；相对基准 5.362%。,高风险；周期波动;财报跳空;库存周期,SMH,已跳过,,,,,,重复观察,同一股票同一交易日的15分钟重复观察已去重，不重复计入胜率。
2026-07-17,18:46:03,美股,ORCL,Oracle Corporation,stock,2,盘中：强势观察,当前 127.86,126.84-128.63,132.34-134.26,124.67,跌破观察区下沿、弱于基准、板块转弱或出现公告/新闻风险,87,65,收盘前仍强于基准且无事件风险时，才进入隔夜观察,云/数据库；相对基准 3.7505%。,中高风险；财报跳空;订单预期,QQQ,已跳过,,,,,,重复观察,同一股票同一交易日的15分钟重复观察已去重，不重复计入胜率。
2026-07-17,18:46:03,美股,AVGO,Broadcom Inc.,stock,3,盘中：强势观察,当前 375.53,372.53-377.78,388.67-394.31,366.14,跌破观察区下沿、弱于基准、板块转弱或出现公告/新闻风险,82,85,收盘前仍强于基准且无事件风险时，才进入隔夜观察,AI芯片/网络；相对基准 1.2868%。,中高风险；大客户预期;财报跳空;估值波动,SMH,已跳过,,,,,,重复观察,同一股票同一交易日的15分钟重复观察已去重，不重复计入胜率。
2026-07-17,18:46:03,美股,AMD,"Advanced Micro Devices, Inc.",stock,4,盘中：候选观察,当前 503.17,499.14-506.18,520.78-535.87,485.55,跌破观察区下沿、弱于基准、板块转弱或出现公告/新闻风险,76,65,收盘前仍强于基准且无事件风险时，才进入隔夜观察,AI GPU/半导体；相对基准 1.4426%。,高风险；高波动;产品预期;相对弱势风险,SMH,已复盘,516.99,503.57,+2.75%,+0.08%,数据不足,命中,模拟执行后表现有效，保留相对强弱和量价过滤。
2026-07-17,19:01:09,美股,MU,"Micron Technology, Inc.",stock,1,盘中：高风险强势观察,当前 882.79,875.73-888.09,913.69-940.17,851.89,跌破观察区下沿、弱于基准、板块转弱或出现公告/新闻风险,87,65,收盘前仍强于基准且无事件风险时，才进入隔夜观察,存储芯片；相对基准 4.9358%。,高风险；周期波动;财报跳空;库存周期,SMH,已跳过,,,,,,重复观察,同一股票同一交易日的15分钟重复观察已去重，不重复计入胜率。
2026-07-17,19:01:09,美股,ORCL,Oracle Corporation,stock,2,盘中：强势观察,当前 127.46,126.44-128.22,131.92-133.83,124.27,跌破观察区下沿、弱于基准、板块转弱或出现公告/新闻风险,87,65,收盘前仍强于基准且无事件风险时，才进入隔夜观察,云/数据库；相对基准 3.6336%。,中高风险；财报跳空;订单预期,QQQ,已跳过,,,,,,重复观察,同一股票同一交易日的15分钟重复观察已去重，不重复计入胜率。
2026-07-17,19:01:09,美股,AVGO,Broadcom Inc.,stock,3,盘中：边缘观察,当前 374.16,371.17-376.40,387.26-392.87,364.81,跌破观察区下沿、弱于基准、板块转弱或出现公告/新闻风险,72,85,收盘前仍强于基准且无事件风险时，才进入隔夜观察,AI芯片/网络；相对基准 1.3903%。,中高风险；大客户预期;财报跳空;估值波动,SMH,已跳过,,,,,,重复观察,同一股票同一交易日的15分钟重复观察已去重，不重复计入胜率。
2026-07-17,19:15:56,美股,ORCL,Oracle Corporation,stock,1,盘中：强势观察,当前 127.14,126.12-127.90,131.59-133.50,123.96,跌破观察区下沿、弱于基准、板块转弱或出现公告/新闻风险,87,65,收盘前仍强于基准且无事件风险时，才进入隔夜观察,云/数据库；相对基准 3.5715%。,中高风险；财报跳空;订单预期,QQQ,已跳过,,,,,,重复观察,同一股票同一交易日的15分钟重复观察已去重，不重复计入胜率。
2026-07-17,19:15:56,美股,MU,"Micron Technology, Inc.",stock,2,盘中：高风险强势观察,当前 876.13,869.12-881.39,906.79-933.08,845.47,跌破观察区下沿、弱于基准、板块转弱或出现公告/新闻风险,85,65,收盘前仍强于基准且无事件风险时，才进入隔夜观察,存储芯片；相对基准 4.5788%。,高风险；周期波动;财报跳空;库存周期,SMH,已跳过,,,,,,重复观察,同一股票同一交易日的15分钟重复观察已去重，不重复计入胜率。
2026-07-17,19:15:56,美股,AVGO,Broadcom Inc.,stock,3,盘中：边缘观察,当前 372.69,369.71-374.93,385.74-391.33,363.38,跌破观察区下沿、弱于基准、板块转弱或出现公告/新闻风险,72,85,收盘前仍强于基准且无事件风险时，才进入隔夜观察,AI芯片/网络；相对基准 1.4226%。,中高风险；大客户预期;财报跳空;估值波动,SMH,已跳过,,,,,,重复观察,同一股票同一交易日的15分钟重复观察已去重，不重复计入胜率。
2026-07-17,19:31:28,美股,ORCL,Oracle Corporation,stock,1,盘中：强势观察,当前 127.00,125.98-127.76,131.44-133.35,123.83,跌破观察区下沿、弱于基准、板块转弱或出现公告/新闻风险,87,65,收盘前仍强于基准且无事件风险时，才进入隔夜观察,云/数据库；相对基准 3.3313%。,中高风险；财报跳空;订单预期,QQQ,已跳过,,,,,,重复观察,同一股票同一交易日的15分钟重复观察已去重，不重复计入胜率。
2026-07-17,19:31:28,美股,MU,"Micron Technology, Inc.",stock,2,盘中：高风险强势观察,当前 877.57,870.55-882.84,908.29-934.61,846.86,跌破观察区下沿、弱于基准、板块转弱或出现公告/新闻风险,85,65,收盘前仍强于基准且无事件风险时，才进入隔夜观察,存储芯片；相对基准 4.5439%。,高风险；周期波动;财报跳空;库存周期,SMH,已跳过,,,,,,重复观察,同一股票同一交易日的15分钟重复观察已去重，不重复计入胜率。
2026-07-17,19:31:28,美股,AVGO,Broadcom Inc.,stock,3,盘中：边缘观察,当前 373.50,370.51-375.74,386.57-392.18,364.16,跌破观察区下沿、弱于基准、板块转弱或出现公告/新闻风险,72,85,收盘前仍强于基准且无事件风险时，才进入隔夜观察,AI芯片/网络；相对基准 1.4337%。,中高风险；大客户预期;财报跳空;估值波动,SMH,已跳过,,,,,,重复观察,同一股票同一交易日的15分钟重复观察已去重，不重复计入胜率。
2026-07-17,19:46:10,美股,MU,"Micron Technology, Inc.",stock,1,盘中：高风险强势观察,当前 869.91,862.95-875.13,900.36-926.45,839.46,跌破观察区下沿、弱于基准、板块转弱或出现公告/新闻风险,84,65,收盘前仍强于基准且无事件风险时，才进入隔夜观察,存储芯片；相对基准 4.1381%。,高风险；周期波动;财报跳空;库存周期,SMH,已跳过,,,,,,重复观察,同一股票同一交易日的15分钟重复观察已去重，不重复计入胜率。
2026-07-17,19:46:10,美股,ORCL,Oracle Corporation,stock,2,盘中：强势观察,当前 126.22,125.21-126.97,130.63-132.53,123.06,跌破观察区下沿、弱于基准、板块转弱或出现公告/新闻风险,83,65,收盘前仍强于基准且无事件风险时，才进入隔夜观察,云/数据库；相对基准 2.9585%。,中高风险；财报跳空;订单预期,QQQ,已跳过,,,,,,重复观察,同一股票同一交易日的15分钟重复观察已去重，不重复计入胜率。
2026-07-17,19:46:10,美股,AVGO,Broadcom Inc.,stock,3,盘中：边缘观察,当前 372.13,369.15-374.36,385.15-390.74,362.83,跌破观察区下沿、弱于基准、板块转弱或出现公告/新闻风险,72,85,收盘前仍强于基准且无事件风险时，才进入隔夜观察,AI芯片/网络；相对基准 1.56%。,中高风险；大客户预期;财报跳空;估值波动,SMH,已跳过,,,,,,重复观察,同一股票同一交易日的15分钟重复观察已去重，不重复计入胜率。
2026-07-17,19:46:10,美股,AAPL,Apple Inc.,stock,4,盘中：边缘观察,当前 334.06,331.39-336.06,345.75-350.76,325.71,跌破观察区下沿、弱于基准、板块转弱或出现公告/新闻风险,71,30,收盘前仍强于基准且无事件风险时，才进入隔夜观察,消费电子/大科技；相对基准 1.5844%。,中风险；产品周期;中国市场;监管,QQQ,已跳过,,,,,,重复观察,同一股票同一交易日的15分钟重复观察已去重，不重复计入胜率。
2026-07-17,20:01:11,美股,MU,"Micron Technology, Inc.",stock,1,盘中：高风险强势观察,当前 870.84,863.87-876.07,901.32-927.44,840.36,跌破观察区下沿、弱于基准、板块转弱或出现公告/新闻风险,84,65,收盘前仍强于基准且无事件风险时，才进入隔夜观察,存储芯片；相对基准 4.088%。,高风险；周期波动;财报跳空;库存周期,SMH,已跳过,,,,,,重复观察,同一股票同一交易日的15分钟重复观察已去重，不重复计入胜率。
2026-07-17,20:01:11,美股,ORCL,Oracle Corporation,stock,2,盘中：强势观察,当前 126.21,125.20-126.97,130.63-132.52,123.05,跌破观察区下沿、弱于基准、板块转弱或出现公告/新闻风险,83,65,收盘前仍强于基准且无事件风险时，才进入隔夜观察,云/数据库；相对基准 2.8341%。,中高风险；财报跳空;订单预期,QQQ,已跳过,,,,,,重复观察,同一股票同一交易日的15分钟重复观察已去重，不重复计入胜率。
2026-07-17,20:01:11,美股,AVGO,Broadcom Inc.,stock,3,盘中：边缘观察,当前 373.35,370.36-375.59,386.42-392.02,364.02,跌破观察区下沿、弱于基准、板块转弱或出现公告/新闻风险,72,85,收盘前仍强于基准且无事件风险时，才进入隔夜观察,AI芯片/网络；相对基准 1.7267%。,中高风险；大客户预期;财报跳空;估值波动,SMH,已跳过,,,,,,重复观察,同一股票同一交易日的15分钟重复观察已去重，不重复计入胜率。
2026-07-17,20:01:11,美股,AAPL,Apple Inc.,stock,4,盘中：边缘观察,当前 333.96,331.29-335.96,345.65-350.66,325.61,跌破观察区下沿、弱于基准、板块转弱或出现公告/新闻风险,71,30,收盘前仍强于基准且无事件风险时，才进入隔夜观察,消费电子/大科技；相对基准 1.4339%。,中风险；产品周期;中国市场;监管,QQQ,已跳过,,,,,,重复观察,同一股票同一交易日的15分钟重复观察已去重，不重复计入胜率。
2026-07-17,20:15:59,美股,MU,"Micron Technology, Inc.",stock,1,盘中：高风险强势观察,当前 865.18,858.26-870.37,895.46-921.42,834.90,跌破观察区下沿、弱于基准、板块转弱或出现公告/新闻风险,84,65,收盘前仍强于基准且无事件风险时，才进入隔夜观察,存储芯片；相对基准 4.1479%。,高风险；周期波动;财报跳空;库存周期,SMH,已跳过,,,,,,重复观察,同一股票同一交易日的15分钟重复观察已去重，不重复计入胜率。
2026-07-17,20:15:59,美股,ORCL,Oracle Corporation,stock,2,盘中：强势观察,当前 125.64,124.64-126.40,130.04-131.93,122.50,跌破观察区下沿、弱于基准、板块转弱或出现公告/新闻风险,83,65,收盘前仍强于基准且无事件风险时，才进入隔夜观察,云/数据库；相对基准 2.7121%。,中高风险；财报跳空;订单预期,QQQ,已跳过,,,,,,重复观察,同一股票同一交易日的15分钟重复观察已去重，不重复计入胜率。
2026-07-17,20:15:59,美股,AAPL,Apple Inc.,stock,3,盘中：边缘观察,当前 333.64,330.97-335.64,345.31-350.32,325.30,跌破观察区下沿、弱于基准、板块转弱或出现公告/新闻风险,71,30,收盘前仍强于基准且无事件风险时，才进入隔夜观察,消费电子/大科技；相对基准 1.6696%。,中风险；产品周期;中国市场;监管,QQQ,已跳过,,,,,,重复观察,同一股票同一交易日的15分钟重复观察已去重，不重复计入胜率。
2026-07-17,20:30:49,美股,ORCL,Oracle Corporation,stock,1,盘中：强势观察,当前 126.58,125.57-127.34,131.01-132.91,123.42,跌破观察区下沿、弱于基准、板块转弱或出现公告/新闻风险,87,65,收盘前仍强于基准且无事件风险时，才进入隔夜观察,云/数据库；相对基准 3.171%。,中高风险；财报跳空;订单预期,QQQ,已跳过,,,,,,重复观察,同一股票同一交易日的15分钟重复观察已去重，不重复计入胜率。
2026-07-17,20:30:49,美股,MU,"Micron Technology, Inc.",stock,2,盘中：高风险强势观察,当前 868.11,861.17-873.32,898.49-924.54,837.73,跌破观察区下沿、弱于基准、板块转弱或出现公告/新闻风险,84,65,收盘前仍强于基准且无事件风险时，才进入隔夜观察,存储芯片；相对基准 3.8234%。,高风险；周期波动;财报跳空;库存周期,SMH,已跳过,,,,,,重复观察,同一股票同一交易日的15分钟重复观察已去重，不重复计入胜率。
2026-07-17,20:30:49,美股,AVGO,Broadcom Inc.,stock,3,盘中：边缘观察,当前 372.73,369.75-374.97,385.78-391.37,363.41,跌破观察区下沿、弱于基准、板块转弱或出现公告/新闻风险,72,85,收盘前仍强于基准且无事件风险时，才进入隔夜观察,AI芯片/网络；相对基准 1.6166%。,中高风险；大客户预期;财报跳空;估值波动,SMH,已跳过,,,,,,重复观察,同一股票同一交易日的15分钟重复观察已去重，不重复计入胜率。
2026-07-17,20:46:01,美股,ORCL,Oracle Corporation,stock,1,盘中：强势观察,当前 126.85,125.84-127.61,131.29-133.19,123.68,跌破观察区下沿、弱于基准、板块转弱或出现公告/新闻风险,87,65,收盘前仍强于基准且无事件风险时，才进入隔夜观察,云/数据库；相对基准 3.4768%。,中高风险；财报跳空;订单预期,QQQ,已跳过,,,,,,重复观察,同一股票同一交易日的15分钟重复观察已去重，不重复计入胜率。
2026-07-17,20:46:01,美股,MU,"Micron Technology, Inc.",stock,2,盘中：候选观察,当前 860.50,853.62-865.66,890.62-916.43,830.38,跌破观察区下沿、弱于基准、板块转弱或出现公告/新闻风险,75,65,收盘前仍强于基准且无事件风险时，才进入隔夜观察,存储芯片；相对基准 2.9192%。,高风险；周期波动;财报跳空;库存周期,SMH,已复盘,879.50,865.46,+2.21%,+0.58%,数据不足,命中,模拟执行后表现有效，保留相对强弱和量价过滤。
2026-07-17,20:46:01,美股,AVGO,Broadcom Inc.,stock,3,盘中：边缘观察,当前 372.26,369.28-374.49,385.29-390.87,362.95,跌破观察区下沿、弱于基准、板块转弱或出现公告/新闻风险,72,85,收盘前仍强于基准且无事件风险时，才进入隔夜观察,AI芯片/网络；相对基准 1.4787%。,中高风险；大客户预期;财报跳空;估值波动,SMH,已跳过,,,,,,重复观察,同一股票同一交易日的15分钟重复观察已去重，不重复计入胜率。
2026-07-17,20:46:01,美股,AAPL,Apple Inc.,stock,4,盘中：边缘观察,当前 333.99,331.32-335.99,345.68-350.69,325.64,跌破观察区下沿、弱于基准、板块转弱或出现公告/新闻风险,71,30,收盘前仍强于基准且无事件风险时，才进入隔夜观察,消费电子/大科技；相对基准 1.5704%。,中风险；产品周期;中国市场;监管,QQQ,已跳过,,,,,,重复观察,同一股票同一交易日的15分钟重复观察已去重，不重复计入胜率。
2026-07-17,21:01:04,美股,ORCL,Oracle Corporation,stock,1,盘中：强势观察,当前 126.48,125.47-127.24,130.91-132.80,123.32,跌破观察区下沿、弱于基准、板块转弱或出现公告/新闻风险,87,65,收盘前仍强于基准且无事件风险时，才进入隔夜观察,云/数据库；相对基准 3.3306%。,中高风险；财报跳空;订单预期,QQQ,已跳过,,,,,,重复观察,同一股票同一交易日的15分钟重复观察已去重，不重复计入胜率。
2026-07-17,21:01:04,美股,AVGO,Broadcom Inc.,stock,2,盘中：边缘观察,当前 370.82,367.86-373.05,383.80-389.37,361.55,跌破观察区下沿、弱于基准、板块转弱或出现公告/新闻风险,71,85,收盘前仍强于基准且无事件风险时，才进入隔夜观察,AI芯片/网络；相对基准 1.2097%。,中高风险；大客户预期;财报跳空;估值波动,SMH,已跳过,,,,,,重复观察,同一股票同一交易日的15分钟重复观察已去重，不重复计入胜率。
2026-07-17,21:01:04,美股,AAPL,Apple Inc.,stock,3,盘中：边缘观察,当前 333.74,331.07-335.74,345.42-350.43,325.40,跌破观察区下沿、弱于基准、板块转弱或出现公告/新闻风险,71,30,收盘前仍强于基准且无事件风险时，才进入隔夜观察,消费电子/大科技；相对基准 1.647%。,中风险；产品周期;中国市场;监管,QQQ,已跳过,,,,,,重复观察,同一股票同一交易日的15分钟重复观察已去重，不重复计入胜率。
2026-07-17,21:16:10,美股,ORCL,Oracle Corporation,stock,1,盘中：强势观察,当前 126.41,125.40-127.17,130.83-132.73,123.25,跌破观察区下沿、弱于基准、板块转弱或出现公告/新闻风险,87,65,收盘前仍强于基准且无事件风险时，才进入隔夜观察,云/数据库；相对基准 3.2742%。,中高风险；财报跳空;订单预期,QQQ,已跳过,,,,,,重复观察,同一股票同一交易日的15分钟重复观察已去重，不重复计入胜率。
2026-07-17,21:16:10,美股,AVGO,Broadcom Inc.,stock,2,盘中：边缘观察,当前 370.82,367.86-373.05,383.80-389.37,361.55,跌破观察区下沿、弱于基准、板块转弱或出现公告/新闻风险,71,85,收盘前仍强于基准且无事件风险时，才进入隔夜观察,AI芯片/网络；相对基准 1.2097%。,中高风险；大客户预期;财报跳空;估值波动,SMH,已跳过,,,,,,重复观察,同一股票同一交易日的15分钟重复观察已去重，不重复计入胜率。
2026-07-17,21:16:10,美股,AAPL,Apple Inc.,stock,3,盘中：边缘观察,当前 333.74,331.07-335.74,345.42-350.43,325.40,跌破观察区下沿、弱于基准、板块转弱或出现公告/新闻风险,71,30,收盘前仍强于基准且无事件风险时，才进入隔夜观察,消费电子/大科技；相对基准 1.647%。,中风险；产品周期;中国市场;监管,QQQ,已跳过,,,,,,重复观察,同一股票同一交易日的15分钟重复观察已去重，不重复计入胜率。
2026-07-17,21:31:05,美股,ORCL,Oracle Corporation,stock,1,盘中：强势观察,当前 126.41,125.40-127.17,130.83-132.73,123.25,跌破观察区下沿、弱于基准、板块转弱或出现公告/新闻风险,87,65,收盘前仍强于基准且无事件风险时，才进入隔夜观察,云/数据库；相对基准 3.2742%。,中高风险；财报跳空;订单预期,QQQ,已跳过,,,,,,重复观察,同一股票同一交易日的15分钟重复观察已去重，不重复计入胜率。
2026-07-17,21:31:05,美股,AVGO,Broadcom Inc.,stock,2,盘中：边缘观察,当前 370.82,367.86-373.05,383.80-389.37,361.55,跌破观察区下沿、弱于基准、板块转弱或出现公告/新闻风险,71,85,收盘前仍强于基准且无事件风险时，才进入隔夜观察,AI芯片/网络；相对基准 1.2097%。,中高风险；大客户预期;财报跳空;估值波动,SMH,已跳过,,,,,,重复观察,同一股票同一交易日的15分钟重复观察已去重，不重复计入胜率。
2026-07-17,21:31:05,美股,AAPL,Apple Inc.,stock,3,盘中：边缘观察,当前 333.74,331.07-335.74,345.42-350.43,325.40,跌破观察区下沿、弱于基准、板块转弱或出现公告/新闻风险,71,30,收盘前仍强于基准且无事件风险时，才进入隔夜观察,消费电子/大科技；相对基准 1.647%。,中风险；产品周期;中国市场;监管,QQQ,已跳过,,,,,,重复观察,同一股票同一交易日的15分钟重复观察已去重，不重复计入胜率。
2026-07-17,21:45:53,美股,ORCL,Oracle Corporation,stock,1,盘中：强势观察,当前 126.41,125.40-127.17,130.83-132.73,123.25,跌破观察区下沿、弱于基准、板块转弱或出现公告/新闻风险,87,65,收盘前仍强于基准且无事件风险时，才进入隔夜观察,云/数据库；相对基准 3.2742%。,中高风险；财报跳空;订单预期,QQQ,已跳过,,,,,,重复观察,同一股票同一交易日的15分钟重复观察已去重，不重复计入胜率。
2026-07-17,21:45:53,美股,AVGO,Broadcom Inc.,stock,2,收盘：边缘观察,当前 370.82,367.86-373.05,383.80-389.37,361.55,跌破观察区下沿、弱于基准、板块转弱或出现公告/新闻风险,71,85,收盘前仍强于基准且无事件风险时，才进入隔夜观察,AI芯片/网络；相对基准 1.2097%。,中高风险；大客户预期;财报跳空;估值波动,SMH,已跳过,,,,,,重复观察,同一股票同一交易日的15分钟重复观察已去重，不重复计入胜率。
2026-07-17,21:45:53,美股,AAPL,Apple Inc.,stock,3,收盘：边缘观察,当前 333.74,331.07-335.74,345.42-350.43,325.40,跌破观察区下沿、弱于基准、板块转弱或出现公告/新闻风险,71,30,收盘前仍强于基准且无事件风险时，才进入隔夜观察,消费电子/大科技；相对基准 1.647%。,中风险；产品周期;中国市场;监管,QQQ,已跳过,,,,,,重复观察,同一股票同一交易日的15分钟重复观察已去重，不重复计入胜率。
2026-07-17,22:01:15,美股,ORCL,Oracle Corporation,stock,1,收盘：强势观察,当前 126.41,125.40-127.17,130.83-132.73,123.25,跌破观察区下沿、弱于基准、板块转弱或出现公告/新闻风险,87,65,收盘前仍强于基准且无事件风险时，才进入隔夜观察,云/数据库；相对基准 3.2742%。,中高风险；财报跳空;订单预期,QQQ,已复盘,124.27,121.38,-1.69%,-3.98%,数据不足,失败,模拟买入后收盘或相对表现不足，降低该条件权重。
2026-07-17,22:01:15,美股,AVGO,Broadcom Inc.,stock,2,收盘：边缘观察,当前 370.82,367.86-373.05,383.80-389.37,361.55,跌破观察区下沿、弱于基准、板块转弱或出现公告/新闻风险,71,85,收盘前仍强于基准且无事件风险时，才进入隔夜观察,AI芯片/网络；相对基准 1.2097%。,中高风险；大客户预期;财报跳空;估值波动,SMH,已复盘,378.00,378.16,+1.94%,+1.98%,数据不足,未触发,模拟执行未进入买入观察区，不计入胜率；继续检验观察区是否过窄。
2026-07-17,22:01:15,美股,AAPL,Apple Inc.,stock,3,收盘：边缘观察,当前 333.74,331.07-335.74,345.42-350.43,325.40,跌破观察区下沿、弱于基准、板块转弱或出现公告/新闻风险,71,30,收盘前仍强于基准且无事件风险时，才进入隔夜观察,消费电子/大科技；相对基准 1.647%。,中风险；产品周期;中国市场;监管,QQQ,已复盘,333.02,326.59,-0.21%,-2.14%,数据不足,失败,模拟买入后收盘或相对表现不足，降低该条件权重。
2026-07-20,07:38:50,美股,US_STOCK_DATA_INSUFFICIENT,美股行情时间戳过旧，本轮跳过评分,skip,0,数据不足/本轮跳过,数据不足,数据不足,数据不足,数据不足,等待下一轮可核验行情后再评估,,,不判断隔夜,美股行情时间戳过旧，本轮跳过评分,行情时间戳过旧或关键字段不足时不输出价格、评分、止盈止损,,数据不足/本轮跳过,,,,,,不计胜率,等待下一轮可核验行情后再运行评分
2026-07-20,14:53:50,A股,300750,宁德时代,stock,1,收盘：强势观察,当前 376.43,373.42-378.69,389.61-395.25,367.02,跌破观察区下沿、弱于基准、板块转弱或出现公告/新闻风险,93,75,收盘前仍强于基准且无事件风险时，才进入隔夜观察,新能源电池；相对基准 4.1418%。,中风险；行业价格战;政策/销量预期,创业板指,已复盘,385.61,393.87,+2.44%,+4.63%,+5.36%,未触发,模拟执行未进入买入观察区，不计入胜率；继续检验观察区是否过窄。
2026-07-20,14:53:50,A股,600519,贵州茅台,stock,2,收盘：强势观察,当前 1327.50,1316.88-1335.46,1373.96-1393.88,1294.31,跌破观察区下沿、弱于基准、板块转弱或出现公告/新闻风险,88,40,隔夜降权：只做观察，不作为自动模拟买入；需次日重新确认强于基准和尾盘承接。,消费/白酒；相对基准 4.4172%。,低风险；消费预期;外资权重波动,沪深300,已复盘,1325.00,1348.86,-0.19%,+1.61%,+1.45%,未触发,模拟执行未进入买入观察区，不计入胜率；继续检验观察区是否过窄。
2026-07-20,14:53:50,A股,601318,中国平安,stock,3,收盘：强势观察,当前 53.23,52.80-53.55,55.09-55.89,51.90,跌破观察区下沿、弱于基准、板块转弱或出现公告/新闻风险,86,40,隔夜降权：只做观察，不作为自动模拟买入；需次日重新确认强于基准和尾盘承接。,保险/金融；相对基准 3.4616%。,中风险；权益市场波动;利率,沪深300,已复盘,53.28,53.32,+0.09%,+0.17%,+0.01%,未触发,模拟执行未进入买入观察区，不计入胜率；继续检验观察区是否过窄。
2026-07-20,14:53:50,A股,601899,紫金矿业,stock,4,收盘：强势观察,当前 29.35,29.12-29.53,30.38-30.82,28.62,跌破观察区下沿、弱于基准、板块转弱或出现公告/新闻风险,86,65,隔夜降权：只做观察，不作为自动模拟买入；需次日重新确认强于基准和尾盘承接。,有色/黄金铜；相对基准 1.9623%。,中高风险；商品价格;汇率;海外矿山风险,沪深300,已复盘,35.18,35.45,+19.86%,+20.78%,+20.62%,未触发,模拟执行未进入买入观察区，不计入胜率；继续检验观察区是否过窄。
2026-07-20,14:53:50,A股,300502,新易盛,stock,5,收盘：高风险强势观察,当前 510.00,505.92-513.06,527.85-543.15,492.15,跌破观察区下沿、弱于基准、板块转弱或出现公告/新闻风险,82,65,隔夜降权：只做观察，不作为自动模拟买入；需次日重新确认强于基准和尾盘承接。,光模块/CPO；相对基准 5.1942%。,高风险；高波动;板块拥挤;流动性变化,创业板指,已复盘,420.06,399.60,-17.64%,-21.65%,-20.92%,未触发,模拟执行未进入买入观察区，不计入胜率；继续检验观察区是否过窄。
2026-07-20,14:54:23,美股,GOOGL,Alphabet Inc.,stock,1,盘中：强势观察,当前 357.79,354.93-359.94,370.31-375.68,348.85,跌破观察区下沿、弱于基准、板块转弱或出现公告/新闻风险,88,65,收盘前仍强于基准且无事件风险时，才进入隔夜观察,AI应用/广告/云；相对基准 2.1582%。,中风险；监管;广告周期;财报跳空,QQQ,已跳过,,,,,,重复观察,同一股票同一交易日的15分钟重复观察已去重，不重复计入胜率。
2026-07-20,14:54:23,美股,MU,"Micron Technology, Inc.",stock,2,盘中：候选观察,当前 887.48,880.38-892.80,918.54-945.17,856.42,跌破观察区下沿、弱于基准、板块转弱或出现公告/新闻风险,81,65,收盘前仍强于基准且无事件风险时，才进入隔夜观察,存储芯片；相对基准 2.4847%。,高风险；周期波动;财报跳空;库存周期,SMH,已跳过,,,,,,重复观察,同一股票同一交易日的15分钟重复观察已去重，不重复计入胜率。
2026-07-20,14:54:23,美股,AMD,"Advanced Micro Devices, Inc.",stock,3,盘中：候选观察,当前 515.34,511.22-518.43,533.38-548.84,497.30,跌破观察区下沿、弱于基准、板块转弱或出现公告/新闻风险,79,65,收盘前仍强于基准且无事件风险时，才进入隔夜观察,AI GPU/半导体；相对基准 1.8957%。,高风险；高波动;产品预期;相对弱势风险,SMH,已跳过,,,,,,重复观察,同一股票同一交易日的15分钟重复观察已去重，不重复计入胜率。
2026-07-20,14:54:23,美股,INTC,Intel Corporation,stock,4,盘中：候选观察,当前 99.38,98.58-99.98,102.86-105.84,95.90,跌破观察区下沿、弱于基准、板块转弱或出现公告/新闻风险,76,30,收盘前仍强于基准且无事件风险时，才进入隔夜观察,半导体制造/CPU；相对基准 2.5127%。,高风险；转型风险;财报跳空;高波动,SMH,已跳过,,,,,,重复观察,同一股票同一交易日的15分钟重复观察已去重，不重复计入胜率。
2026-07-20,14:54:23,美股,KLAC,KLA Corporation,stock,5,盘中：边缘观察,当前 217.50,215.76-218.80,225.11-228.37,212.06,跌破观察区下沿、弱于基准、板块转弱或出现公告/新闻风险,73,65,收盘前仍强于基准且无事件风险时，才进入隔夜观察,半导体设备/检测；相对基准 0.1765%。,中风险；估值;财报风险,SMH,已复盘,220.89,217.37,+1.56%,-0.06%,数据不足,未触发,模拟执行未进入买入观察区，不计入胜率；继续检验观察区是否过窄。
2026-07-20,15:01:20,美股,GOOGL,Alphabet Inc.,stock,1,盘中：强势观察,当前 358.41,355.54-360.56,370.95-376.33,349.45,跌破观察区下沿、弱于基准、板块转弱或出现公告/新闻风险,88,65,收盘前仍强于基准且无事件风险时，才进入隔夜观察,AI应用/广告/云；相对基准 2.5413%。,中风险；监管;广告周期;财报跳空,QQQ,已跳过,,,,,,重复观察,同一股票同一交易日的15分钟重复观察已去重，不重复计入胜率。
2026-07-20,15:01:20,美股,MU,"Micron Technology, Inc.",stock,2,盘中：候选观察,当前 884.49,877.41-889.79,915.45-941.98,853.53,跌破观察区下沿、弱于基准、板块转弱或出现公告/新闻风险,81,65,收盘前仍强于基准且无事件风险时，才进入隔夜观察,存储芯片；相对基准 2.3964%。,高风险；周期波动;财报跳空;库存周期,SMH,已跳过,,,,,,重复观察,同一股票同一交易日的15分钟重复观察已去重，不重复计入胜率。
2026-07-20,15:01:20,美股,INTC,Intel Corporation,stock,3,盘中：候选观察,当前 98.81,98.02-99.40,102.27-105.23,95.35,跌破观察区下沿、弱于基准、板块转弱或出现公告/新闻风险,76,30,收盘前仍强于基准且无事件风险时，才进入隔夜观察,半导体制造/CPU；相对基准 2.1771%。,高风险；转型风险;财报跳空;高波动,SMH,已跳过,,,,,,重复观察,同一股票同一交易日的15分钟重复观察已去重，不重复计入胜率。
2026-07-20,15:01:20,美股,AMD,"Advanced Micro Devices, Inc.",stock,4,盘中：边缘观察,当前 511.61,507.51-514.67,529.51-544.86,493.70,跌破观察区下沿、弱于基准、板块转弱或出现公告/新闻风险,73,65,收盘前仍强于基准且无事件风险时，才进入隔夜观察,AI GPU/半导体；相对基准 1.4064%。,高风险；高波动;产品预期;相对弱势风险,SMH,已跳过,,,,,,重复观察,同一股票同一交易日的15分钟重复观察已去重，不重复计入胜率。
2026-07-20,15:01:20,美股,AMAT,"Applied Materials, Inc.",stock,5,盘中：边缘观察,当前 544.01,539.66-547.27,563.05-571.21,530.41,跌破观察区下沿、弱于基准、板块转弱或出现公告/新闻风险,71,65,收盘前仍强于基准且无事件风险时，才进入隔夜观察,半导体设备；相对基准 0.9196%。,中风险；订单周期;财报风险,SMH,已复盘,564.71,564.08,+3.80%,+3.69%,数据不足,未触发,模拟执行未进入买入观察区，不计入胜率；继续检验观察区是否过窄。
2026-07-20,15:17:02,美股,GOOGL,Alphabet Inc.,stock,1,盘中：强势观察,当前 358.91,356.04-361.06,371.47-376.86,349.94,跌破观察区下沿、弱于基准、板块转弱或出现公告/新闻风险,88,65,收盘前仍强于基准且无事件风险时，才进入隔夜观察,AI应用/广告/云；相对基准 2.7804%。,中风险；监管;广告周期;财报跳空,QQQ,已跳过,,,,,,重复观察,同一股票同一交易日的15分钟重复观察已去重，不重复计入胜率。
2026-07-20,15:17:02,美股,AVGO,Broadcom Inc.,stock,2,盘中：候选观察,当前 378.12,375.10-380.39,391.35-397.03,368.67,跌破观察区下沿、弱于基准、板块转弱或出现公告/新闻风险,79,85,收盘前仍强于基准且无事件风险时，才进入隔夜观察,AI芯片/网络；相对基准 0.6068%。,中高风险；大客户预期;财报跳空;估值波动,SMH,已跳过,,,,,,重复观察,同一股票同一交易日的15分钟重复观察已去重，不重复计入胜率。
2026-07-20,15:17:02,美股,MU,"Micron Technology, Inc.",stock,3,盘中：候选观察,当前 876.00,869.00-881.26,906.67-932.95,845.34,跌破观察区下沿、弱于基准、板块转弱或出现公告/新闻风险,76,65,收盘前仍强于基准且无事件风险时，才进入隔夜观察,存储芯片；相对基准 1.8265%。,高风险；周期波动;财报跳空;库存周期,SMH,已跳过,,,,,,重复观察,同一股票同一交易日的15分钟重复观察已去重，不重复计入胜率。
2026-07-20,15:17:02,美股,AMZN,"Amazon.com, Inc.",stock,4,盘中：候选观察,当前 249.32,247.33-250.82,258.05-261.79,243.09,跌破观察区下沿、弱于基准、板块转弱或出现公告/新闻风险,74,65,收盘前仍强于基准且无事件风险时，才进入隔夜观察,云/电商/AI资本开支；相对基准 0.1249%。,中风险；利润率;资本开支;消费,QQQ,已跳过,,,,,,重复观察,同一股票同一交易日的15分钟重复观察已去重，不重复计入胜率。
2026-07-20,15:17:02,美股,AMD,"Advanced Micro Devices, Inc.",stock,5,盘中：边缘观察,当前 510.74,506.65-513.80,528.62-543.94,492.86,跌破观察区下沿、弱于基准、板块转弱或出现公告/新闻风险,73,65,收盘前仍强于基准且无事件风险时，才进入隔夜观察,AI GPU/半导体；相对基准 1.6612%。,高风险；高波动;产品预期;相对弱势风险,SMH,已跳过,,,,,,重复观察,同一股票同一交易日的15分钟重复观察已去重，不重复计入胜率。
2026-07-20,15:31:28,美股,GOOGL,Alphabet Inc.,stock,1,盘中：强势观察,当前 359.08,356.21-361.23,371.65-377.03,350.10,跌破观察区下沿、弱于基准、板块转弱或出现公告/新闻风险,88,65,收盘前仍强于基准且无事件风险时，才进入隔夜观察,AI应用/广告/云；相对基准 2.6482%。,中风险；监管;广告周期;财报跳空,QQQ,已跳过,,,,,,重复观察,同一股票同一交易日的15分钟重复观察已去重，不重复计入胜率。
2026-07-20,15:31:28,美股,AVGO,Broadcom Inc.,stock,2,盘中：强势观察,当前 380.15,377.11-382.43,393.46-399.16,370.65,跌破观察区下沿、弱于基准、板块转弱或出现公告/新闻风险,82,85,收盘前仍强于基准且无事件风险时，才进入隔夜观察,AI芯片/网络；相对基准 0.6927%。,中高风险；大客户预期;财报跳空;估值波动,SMH,已跳过,,,,,,重复观察,同一股票同一交易日的15分钟重复观察已去重，不重复计入胜率。
2026-07-20,15:31:28,美股,AMD,"Advanced Micro Devices, Inc.",stock,3,盘中：候选观察,当前 515.66,511.53-518.75,533.70-549.17,497.61,跌破观察区下沿、弱于基准、板块转弱或出现公告/新闻风险,79,65,收盘前仍强于基准且无事件风险时，才进入隔夜观察,AI GPU/半导体；相对基准 2.1912%。,高风险；高波动;产品预期;相对弱势风险,SMH,已跳过,,,,,,重复观察,同一股票同一交易日的15分钟重复观察已去重，不重复计入胜率。
2026-07-20,15:31:28,美股,MU,"Micron Technology, Inc.",stock,4,盘中：候选观察,当前 879.15,872.12-884.42,909.92-936.29,848.38,跌破观察区下沿、弱于基准、板块转弱或出现公告/新闻风险,79,65,收盘前仍强于基准且无事件风险时，才进入隔夜观察,存储芯片；相对基准 1.7353%。,高风险；周期波动;财报跳空;库存周期,SMH,已跳过,,,,,,重复观察,同一股票同一交易日的15分钟重复观察已去重，不重复计入胜率。
2026-07-20,15:31:28,美股,INTC,Intel Corporation,stock,5,盘中：候选观察,当前 99.20,98.41-99.80,102.67-105.65,95.73,跌破观察区下沿、弱于基准、板块转弱或出现公告/新闻风险,76,30,收盘前仍强于基准且无事件风险时，才进入隔夜观察,半导体制造/CPU；相对基准 2.5551%。,高风险；转型风险;财报跳空;高波动,SMH,已复盘,103.27,104.81,+4.10%,+5.66%,数据不足,未触发,模拟执行未进入买入观察区，不计入胜率；继续检验观察区是否过窄。
2026-07-20,15:46:33,美股,GOOGL,Alphabet Inc.,stock,1,盘中：强势观察,当前 357.38,354.52-359.52,369.89-375.25,348.45,跌破观察区下沿、弱于基准、板块转弱或出现公告/新闻风险,86,65,收盘前仍强于基准且无事件风险时，才进入隔夜观察,AI应用/广告/云；相对基准 2.2328%。,中风险；监管;广告周期;财报跳空,QQQ,已跳过,,,,,,重复观察,同一股票同一交易日的15分钟重复观察已去重，不重复计入胜率。
2026-07-20,15:46:33,美股,AVGO,Broadcom Inc.,stock,2,盘中：强势观察,当前 379.29,376.26-381.57,392.57-398.25,369.81,跌破观察区下沿、弱于基准、板块转弱或出现公告/新闻风险,82,85,收盘前仍强于基准且无事件风险时，才进入隔夜观察,AI芯片/网络；相对基准 0.7185%。,中高风险；大客户预期;财报跳空;估值波动,SMH,已跳过,,,,,,重复观察,同一股票同一交易日的15分钟重复观察已去重，不重复计入胜率。
2026-07-20,15:46:33,美股,MU,"Micron Technology, Inc.",stock,3,盘中：候选观察,当前 882.00,874.94-887.29,912.87-939.33,851.13,跌破观察区下沿、弱于基准、板块转弱或出现公告/新闻风险,81,65,收盘前仍强于基准且无事件风险时，才进入隔夜观察,存储芯片；相对基准 2.3288%。,高风险；周期波动;财报跳空;库存周期,SMH,已跳过,,,,,,重复观察,同一股票同一交易日的15分钟重复观察已去重，不重复计入胜率。
2026-07-20,15:46:33,美股,AMZN,"Amazon.com, Inc.",stock,4,盘中：候选观察,当前 250.14,248.14-251.64,258.89-262.65,243.89,跌破观察区下沿、弱于基准、板块转弱或出现公告/新闻风险,81,65,收盘前仍强于基准且无事件风险时，才进入隔夜观察,云/电商/AI资本开支；相对基准 0.3501%。,中风险；利润率;资本开支;消费,QQQ,已跳过,,,,,,重复观察,同一股票同一交易日的15分钟重复观察已去重，不重复计入胜率。
2026-07-20,15:46:33,美股,AMD,"Advanced Micro Devices, Inc.",stock,5,盘中：候选观察,当前 514.46,510.34-517.54,532.46-547.89,496.45,跌破观察区下沿、弱于基准、板块转弱或出现公告/新闻风险,79,65,收盘前仍强于基准且无事件风险时，才进入隔夜观察,AI GPU/半导体；相对基准 2.2068%。,高风险；高波动;产品预期;相对弱势风险,SMH,已跳过,,,,,,重复观察,同一股票同一交易日的15分钟重复观察已去重，不重复计入胜率。
2026-07-20,16:01:25,美股,AVGO,Broadcom Inc.,stock,1,盘中：强势观察,当前 379.07,376.04-381.34,392.34-398.02,369.59,跌破观察区下沿、弱于基准、板块转弱或出现公告/新闻风险,85,85,收盘前仍强于基准且无事件风险时，才进入隔夜观察,AI芯片/网络；相对基准 1.2639%。,中高风险；大客户预期;财报跳空;估值波动,SMH,已跳过,,,,,,重复观察,同一股票同一交易日的15分钟重复观察已去重，不重复计入胜率。
2026-07-20,16:01:25,美股,GOOGL,Alphabet Inc.,stock,2,盘中：强势观察,当前 356.54,353.68-358.67,369.01-374.36,347.62,跌破观察区下沿、弱于基准、板块转弱或出现公告/新闻风险,85,65,收盘前仍强于基准且无事件风险时，才进入隔夜观察,AI应用/广告/云；相对基准 2.2868%。,中风险；监管;广告周期;财报跳空,QQQ,已跳过,,,,,,重复观察,同一股票同一交易日的15分钟重复观察已去重，不重复计入胜率。
2026-07-20,16:01:25,美股,AMZN,"Amazon.com, Inc.",stock,3,盘中：候选观察,当前 250.40,248.39-251.90,259.16-262.92,244.14,跌破观察区下沿、弱于基准、板块转弱或出现公告/新闻风险,81,65,收盘前仍强于基准且无事件风险时，才进入隔夜观察,云/电商/AI资本开支；相对基准 0.7518%。,中风险；利润率;资本开支;消费,QQQ,已跳过,,,,,,重复观察,同一股票同一交易日的15分钟重复观察已去重，不重复计入胜率。
2026-07-20,16:01:25,美股,MU,"Micron Technology, Inc.",stock,4,盘中：候选观察,当前 872.59,865.61-877.83,903.13-929.31,842.05,跌破观察区下沿、弱于基准、板块转弱或出现公告/新闻风险,74,65,收盘前仍强于基准且无事件风险时，才进入隔夜观察,存储芯片；相对基准 1.8255%。,高风险；周期波动;财报跳空;库存周期,SMH,已跳过,,,,,,重复观察,同一股票同一交易日的15分钟重复观察已去重，不重复计入胜率。
2026-07-20,16:01:25,美股,NVDA,NVIDIA Corporation,stock,5,盘中：边缘观察,当前 205.18,203.54-206.41,212.36-218.52,198.00,跌破观察区下沿、弱于基准、板块转弱或出现公告/新闻风险,71,65,收盘前仍强于基准且无事件风险时，才进入隔夜观察,AI芯片/加速器；相对基准 0.2091%。,高风险；高估值;新闻/财报跳空;高波动,SMH,已复盘,207.54,206.80,+1.15%,+0.79%,数据不足,未触发,模拟执行未进入买入观察区，不计入胜率；继续检验观察区是否过窄。
2026-07-20,16:16:32,美股,GOOGL,Alphabet Inc.,stock,1,盘中：强势观察,当前 356.51,353.66-358.65,368.99-374.34,347.60,跌破观察区下沿、弱于基准、板块转弱或出现公告/新闻风险,85,65,收盘前仍强于基准且无事件风险时，才进入隔夜观察,AI应用/广告/云；相对基准 2.0883%。,中风险；监管;广告周期;财报跳空,QQQ,已跳过,,,,,,重复观察,同一股票同一交易日的15分钟重复观察已去重，不重复计入胜率。
2026-07-20,16:16:32,美股,AVGO,Broadcom Inc.,stock,2,盘中：强势观察,当前 379.22,376.19-381.50,392.49-398.18,369.74,跌破观察区下沿、弱于基准、板块转弱或出现公告/新闻风险,82,85,收盘前仍强于基准且无事件风险时，才进入隔夜观察,AI芯片/网络；相对基准 0.9217%。,中高风险；大客户预期;财报跳空;估值波动,SMH,已跳过,,,,,,重复观察,同一股票同一交易日的15分钟重复观察已去重，不重复计入胜率。
2026-07-20,16:16:32,美股,AMZN,"Amazon.com, Inc.",stock,3,盘中：候选观察,当前 251.06,249.05-252.56,259.84-263.61,244.78,跌破观察区下沿、弱于基准、板块转弱或出现公告/新闻风险,81,65,收盘前仍强于基准且无事件风险时，才进入隔夜观察,云/电商/AI资本开支；相对基准 0.8266%。,中风险；利润率;资本开支;消费,QQQ,已跳过,,,,,,重复观察,同一股票同一交易日的15分钟重复观察已去重，不重复计入胜率。
2026-07-20,16:16:32,美股,MU,"Micron Technology, Inc.",stock,4,盘中：候选观察,当前 879.15,872.12-884.42,909.92-936.29,848.38,跌破观察区下沿、弱于基准、板块转弱或出现公告/新闻风险,79,65,收盘前仍强于基准且无事件风险时，才进入隔夜观察,存储芯片；相对基准 2.2151%。,高风险；周期波动;财报跳空;库存周期,SMH,已跳过,,,,,,重复观察,同一股票同一交易日的15分钟重复观察已去重，不重复计入胜率。
2026-07-20,16:16:32,美股,MSFT,Microsoft Corporation,stock,5,盘中：候选观察,当前 397.00,393.82-399.38,410.89-416.85,387.07,跌破观察区下沿、弱于基准、板块转弱或出现公告/新闻风险,77,65,收盘前仍强于基准且无事件风险时，才进入隔夜观察,AI云/软件；相对基准 0.087%。,中风险；监管;财报;AI资本开支担忧,QQQ,已跳过,,,,,,重复观察,同一股票同一交易日的15分钟重复观察已去重，不重复计入胜率。
2026-07-20,16:31:33,美股,AVGO,Broadcom Inc.,stock,1,盘中：强势观察,当前 381.58,378.53-383.87,394.94-400.66,372.04,跌破观察区下沿、弱于基准、板块转弱或出现公告/新闻风险,86,85,收盘前仍强于基准且无事件风险时，才进入隔夜观察,AI芯片/网络；相对基准 1.0936%。,中高风险；大客户预期;财报跳空;估值波动,SMH,已跳过,,,,,,重复观察,同一股票同一交易日的15分钟重复观察已去重，不重复计入胜率。
2026-07-20,16:31:33,美股,GOOGL,Alphabet Inc.,stock,2,盘中：强势观察,当前 356.94,354.08-359.08,369.43-374.79,348.02,跌破观察区下沿、弱于基准、板块转弱或出现公告/新闻风险,84,65,收盘前仍强于基准且无事件风险时，才进入隔夜观察,AI应用/广告/云；相对基准 2.0023%。,中风险；监管;广告周期;财报跳空,QQQ,已跳过,,,,,,重复观察,同一股票同一交易日的15分钟重复观察已去重，不重复计入胜率。
2026-07-20,16:31:33,美股,AMZN,"Amazon.com, Inc.",stock,3,盘中：强势观察,当前 251.32,249.31-252.83,260.12-263.89,245.04,跌破观察区下沿、弱于基准、板块转弱或出现公告/新闻风险,83,65,收盘前仍强于基准且无事件风险时，才进入隔夜观察,云/电商/AI资本开支；相对基准 0.7246%。,中风险；利润率;资本开支;消费,QQQ,已跳过,,,,,,重复观察,同一股票同一交易日的15分钟重复观察已去重，不重复计入胜率。
2026-07-20,16:31:33,美股,MU,"Micron Technology, Inc.",stock,4,盘中：候选观察,当前 887.22,880.12-892.54,918.27-944.89,856.16,跌破观察区下沿、弱于基准、板块转弱或出现公告/新闻风险,81,65,收盘前仍强于基准且无事件风险时，才进入隔夜观察,存储芯片；相对基准 2.7009%。,高风险；周期波动;财报跳空;库存周期,SMH,已跳过,,,,,,重复观察,同一股票同一交易日的15分钟重复观察已去重，不重复计入胜率。
2026-07-20,16:31:33,美股,AMD,"Advanced Micro Devices, Inc.",stock,5,盘中：候选观察,当前 513.50,509.39-516.58,531.47-546.88,495.53,跌破观察区下沿、弱于基准、板块转弱或出现公告/新闻风险,79,65,收盘前仍强于基准且无事件风险时，才进入隔夜观察,AI GPU/半导体；相对基准 1.7716%。,高风险；高波动;产品预期;相对弱势风险,SMH,已跳过,,,,,,重复观察,同一股票同一交易日的15分钟重复观察已去重，不重复计入胜率。
2026-07-20,16:46:44,美股,AVGO,Broadcom Inc.,stock,1,盘中：强势观察,当前 381.59,378.54-383.88,394.95-400.67,372.05,跌破观察区下沿、弱于基准、板块转弱或出现公告/新闻风险,86,85,收盘前仍强于基准且无事件风险时，才进入隔夜观察,AI芯片/网络；相对基准 1.2921%。,中高风险；大客户预期;财报跳空;估值波动,SMH,已跳过,,,,,,重复观察,同一股票同一交易日的15分钟重复观察已去重，不重复计入胜率。
2026-07-20,16:46:44,美股,GOOGL,Alphabet Inc.,stock,2,盘中：强势观察,当前 357.13,354.27-359.27,369.63-374.99,348.20,跌破观察区下沿、弱于基准、板块转弱或出现公告/新闻风险,86,65,收盘前仍强于基准且无事件风险时，才进入隔夜观察,AI应用/广告/云；相对基准 2.1046%。,中风险；监管;广告周期;财报跳空,QQQ,已跳过,,,,,,重复观察,同一股票同一交易日的15分钟重复观察已去重，不重复计入胜率。
2026-07-20,16:46:44,美股,MSFT,Microsoft Corporation,stock,3,盘中：强势观察,当前 398.20,395.01-400.59,412.14-418.11,388.25,跌破观察区下沿、弱于基准、板块转弱或出现公告/新闻风险,83,65,收盘前仍强于基准且无事件风险时，才进入隔夜观察,AI云/软件；相对基准 0.2292%。,中风险；监管;财报;AI资本开支担忧,QQQ,已跳过,,,,,,重复观察,同一股票同一交易日的15分钟重复观察已去重，不重复计入胜率。
2026-07-20,16:46:44,美股,AMZN,"Amazon.com, Inc.",stock,4,盘中：强势观察,当前 251.62,249.61-253.13,260.43-264.20,245.33,跌破观察区下沿、弱于基准、板块转弱或出现公告/新闻风险,83,65,收盘前仍强于基准且无事件风险时，才进入隔夜观察,云/电商/AI资本开支；相对基准 0.8927%。,中风险；利润率;资本开支;消费,QQQ,已跳过,,,,,,重复观察,同一股票同一交易日的15分钟重复观察已去重，不重复计入胜率。
2026-07-20,16:46:44,美股,MU,"Micron Technology, Inc.",stock,5,盘中：候选观察,当前 883.81,876.74-889.11,914.74-941.26,852.88,跌破观察区下沿、弱于基准、板块转弱或出现公告/新闻风险,81,65,收盘前仍强于基准且无事件风险时，才进入隔夜观察,存储芯片；相对基准 2.4953%。,高风险；周期波动;财报跳空;库存周期,SMH,已跳过,,,,,,重复观察,同一股票同一交易日的15分钟重复观察已去重，不重复计入胜率。
2026-07-20,17:01:24,美股,AVGO,Broadcom Inc.,stock,1,盘中：强势观察,当前 382.34,379.28-384.63,395.72-401.46,372.78,跌破观察区下沿、弱于基准、板块转弱或出现公告/新闻风险,90,85,收盘前仍强于基准且无事件风险时，才进入隔夜观察,AI芯片/网络；相对基准 1.1808%。,中高风险；大客户预期;财报跳空;估值波动,SMH,已跳过,,,,,,重复观察,同一股票同一交易日的15分钟重复观察已去重，不重复计入胜率。
2026-07-20,17:01:24,美股,MU,"Micron Technology, Inc.",stock,2,盘中：高风险强势观察,当前 892.89,885.75-898.25,924.14-950.93,861.64,跌破观察区下沿、弱于基准、板块转弱或出现公告/新闻风险,87,65,收盘前仍强于基准且无事件风险时，才进入隔夜观察,存储芯片；相对基准 3.2514%。,高风险；周期波动;财报跳空;库存周期,SMH,已跳过,,,,,,重复观察,同一股票同一交易日的15分钟重复观察已去重，不重复计入胜率。
2026-07-20,17:01:24,美股,MSFT,Microsoft Corporation,stock,3,盘中：强势观察,当前 399.00,395.81-401.39,412.96-418.95,389.02,跌破观察区下沿、弱于基准、板块转弱或出现公告/新闻风险,83,65,收盘前仍强于基准且无事件风险时，才进入隔夜观察,AI云/软件；相对基准 0.2582%。,中风险；监管;财报;AI资本开支担忧,QQQ,已跳过,,,,,,重复观察,同一股票同一交易日的15分钟重复观察已去重，不重复计入胜率。
2026-07-20,17:01:24,美股,GOOGL,Alphabet Inc.,stock,4,盘中：强势观察,当前 356.54,353.69-358.68,369.02-374.37,347.63,跌破观察区下沿、弱于基准、板块转弱或出现公告/新闻风险,83,65,收盘前仍强于基准且无事件风险时，才进入隔夜观察,AI应用/广告/云；相对基准 1.7603%。,中风险；监管;广告周期;财报跳空,QQQ,已跳过,,,,,,重复观察,同一股票同一交易日的15分钟重复观察已去重，不重复计入胜率。
2026-07-20,17:01:24,美股,AMZN,"Amazon.com, Inc.",stock,5,盘中：强势观察,当前 251.98,249.96-253.49,260.80-264.58,245.68,跌破观察区下沿、弱于基准、板块转弱或出现公告/新闻风险,83,65,收盘前仍强于基准且无事件风险时，才进入隔夜观察,云/电商/AI资本开支；相对基准 0.8642%。,中风险；利润率;资本开支;消费,QQQ,已跳过,,,,,,重复观察,同一股票同一交易日的15分钟重复观察已去重，不重复计入胜率。
2026-07-20,17:16:35,美股,AVGO,Broadcom Inc.,stock,1,盘中：强势观察,当前 382.88,379.82-385.18,396.28-402.02,373.31,跌破观察区下沿、弱于基准、板块转弱或出现公告/新闻风险,90,85,收盘前仍强于基准且无事件风险时，才进入隔夜观察,AI芯片/网络；相对基准 1.269%。,中高风险；大客户预期;财报跳空;估值波动,SMH,已跳过,,,,,,重复观察,同一股票同一交易日的15分钟重复观察已去重，不重复计入胜率。
2026-07-20,17:16:35,美股,MU,"Micron Technology, Inc.",stock,2,盘中：高风险强势观察,当前 896.64,889.47-902.02,928.03-954.93,865.26,跌破观察区下沿、弱于基准、板块转弱或出现公告/新闻风险,87,65,收盘前仍强于基准且无事件风险时，才进入隔夜观察,存储芯片；相对基准 3.6362%。,高风险；周期波动;财报跳空;库存周期,SMH,已跳过,,,,,,重复观察,同一股票同一交易日的15分钟重复观察已去重，不重复计入胜率。
2026-07-20,17:16:35,美股,MSFT,Microsoft Corporation,stock,3,盘中：强势观察,当前 399.75,396.55-402.15,413.74-419.74,389.76,跌破观察区下沿、弱于基准、板块转弱或出现公告/新闻风险,83,65,收盘前仍强于基准且无事件风险时，才进入隔夜观察,AI云/软件；相对基准 0.3711%。,中风险；监管;财报;AI资本开支担忧,QQQ,已跳过,,,,,,重复观察,同一股票同一交易日的15分钟重复观察已去重，不重复计入胜率。
2026-07-20,17:16:35,美股,GOOGL,Alphabet Inc.,stock,4,盘中：强势观察,当前 355.15,352.31-357.28,367.58-372.91,346.27,跌破观察区下沿、弱于基准、板块转弱或出现公告/新闻风险,83,65,收盘前仍强于基准且无事件风险时，才进入隔夜观察,AI应用/广告/云；相对基准 1.2819%。,中风险；监管;广告周期;财报跳空,QQQ,已跳过,,,,,,重复观察,同一股票同一交易日的15分钟重复观察已去重，不重复计入胜率。
2026-07-20,17:16:35,美股,AMZN,"Amazon.com, Inc.",stock,5,盘中：强势观察,当前 252.34,250.32-253.85,261.17-264.96,246.03,跌破观察区下沿、弱于基准、板块转弱或出现公告/新闻风险,83,65,收盘前仍强于基准且无事件风险时，才进入隔夜观察,云/电商/AI资本开支；相对基准 0.9322%。,中风险；利润率;资本开支;消费,QQQ,已跳过,,,,,,重复观察,同一股票同一交易日的15分钟重复观察已去重，不重复计入胜率。
2026-07-20,17:31:43,美股,AVGO,Broadcom Inc.,stock,1,盘中：强势观察,当前 382.62,379.56-384.92,396.01-401.75,373.05,跌破观察区下沿、弱于基准、板块转弱或出现公告/新闻风险,90,85,收盘前仍强于基准且无事件风险时，才进入隔夜观察,AI芯片/网络；相对基准 1.3973%。,中高风险；大客户预期;财报跳空;估值波动,SMH,已跳过,,,,,,重复观察,同一股票同一交易日的15分钟重复观察已去重，不重复计入胜率。
2026-07-20,17:31:43,美股,MSFT,Microsoft Corporation,stock,2,盘中：强势观察,当前 402.15,398.93-404.56,416.23-422.26,392.10,跌破观察区下沿、弱于基准、板块转弱或出现公告/新闻风险,86,65,收盘前仍强于基准且无事件风险时，才进入隔夜观察,AI云/软件；相对基准 1.02%。,中风险；监管;财报;AI资本开支担忧,QQQ,已跳过,,,,,,重复观察,同一股票同一交易日的15分钟重复观察已去重，不重复计入胜率。
2026-07-20,17:31:43,美股,MU,"Micron Technology, Inc.",stock,3,盘中：高风险强势观察,当前 893.50,886.35-898.86,924.77-951.58,862.23,跌破观察区下沿、弱于基准、板块转弱或出现公告/新闻风险,85,65,收盘前仍强于基准且无事件风险时，才进入隔夜观察,存储芯片；相对基准 3.4643%。,高风险；周期波动;财报跳空;库存周期,SMH,已跳过,,,,,,重复观察,同一股票同一交易日的15分钟重复观察已去重，不重复计入胜率。
2026-07-20,17:31:43,美股,GOOGL,Alphabet Inc.,stock,4,盘中：强势观察,当前 355.43,352.59-357.56,367.87-373.20,346.54,跌破观察区下沿、弱于基准、板块转弱或出现公告/新闻风险,85,65,收盘前仍强于基准且无事件风险时，才进入隔夜观察,AI应用/广告/云；相对基准 1.4021%。,中风险；监管;广告周期;财报跳空,QQQ,已跳过,,,,,,重复观察,同一股票同一交易日的15分钟重复观察已去重，不重复计入胜率。
2026-07-20,17:31:43,美股,AMZN,"Amazon.com, Inc.",stock,5,盘中：强势观察,当前 252.37,250.35-253.88,261.20-264.99,246.06,跌破观察区下沿、弱于基准、板块转弱或出现公告/新闻风险,83,65,收盘前仍强于基准且无事件风险时，才进入隔夜观察,云/电商/AI资本开支；相对基准 0.9838%。,中风险；利润率;资本开支;消费,QQQ,已跳过,,,,,,重复观察,同一股票同一交易日的15分钟重复观察已去重，不重复计入胜率。
2026-07-20,17:46:31,美股,AVGO,Broadcom Inc.,stock,1,盘中：强势观察,当前 381.56,378.51-383.85,394.91-400.64,372.02,跌破观察区下沿、弱于基准、板块转弱或出现公告/新闻风险,86,85,收盘前仍强于基准且无事件风险时，才进入隔夜观察,AI芯片/网络；相对基准 1.5257%。,中高风险；大客户预期;财报跳空;估值波动,SMH,已跳过,,,,,,重复观察,同一股票同一交易日的15分钟重复观察已去重，不重复计入胜率。
2026-07-20,17:46:31,美股,MSFT,Microsoft Corporation,stock,2,盘中：强势观察,当前 401.96,398.74-404.37,416.03-422.06,391.91,跌破观察区下沿、弱于基准、板块转弱或出现公告/新闻风险,86,65,收盘前仍强于基准且无事件风险时，才进入隔夜观察,AI云/软件；相对基准 1.229%。,中风险；监管;财报;AI资本开支担忧,QQQ,已跳过,,,,,,重复观察,同一股票同一交易日的15分钟重复观察已去重，不重复计入胜率。
2026-07-20,17:46:31,美股,AMZN,"Amazon.com, Inc.",stock,3,盘中：强势观察,当前 252.50,250.48-254.02,261.34-265.12,246.19,跌破观察区下沿、弱于基准、板块转弱或出现公告/新闻风险,86,65,收盘前仍强于基准且无事件风险时，才进入隔夜观察,云/电商/AI资本开支；相对基准 1.2937%。,中风险；利润率;资本开支;消费,QQQ,已跳过,,,,,,重复观察,同一股票同一交易日的15分钟重复观察已去重，不重复计入胜率。
2026-07-20,17:46:31,美股,MU,"Micron Technology, Inc.",stock,4,盘中：高风险强势观察,当前 892.50,885.36-897.86,923.74-950.51,861.26,跌破观察区下沿、弱于基准、板块转弱或出现公告/新闻风险,85,65,收盘前仍强于基准且无事件风险时，才进入隔夜观察,存储芯片；相对基准 3.7607%。,高风险；周期波动;财报跳空;库存周期,SMH,已跳过,,,,,,重复观察,同一股票同一交易日的15分钟重复观察已去重，不重复计入胜率。
2026-07-20,17:46:31,美股,GOOGL,Alphabet Inc.,stock,5,盘中：强势观察,当前 355.18,352.33-357.31,367.61-372.93,346.30,跌破观察区下沿、弱于基准、板块转弱或出现公告/新闻风险,85,65,收盘前仍强于基准且无事件风险时，才进入隔夜观察,AI应用/广告/云；相对基准 1.5859%。,中风险；监管;广告周期;财报跳空,QQQ,已跳过,,,,,,重复观察,同一股票同一交易日的15分钟重复观察已去重，不重复计入胜率。
2026-07-20,18:01:11,美股,AVGO,Broadcom Inc.,stock,1,盘中：强势观察,当前 382.06,379.00-384.35,395.43-401.16,372.51,跌破观察区下沿、弱于基准、板块转弱或出现公告/新闻风险,88,85,收盘前仍强于基准且无事件风险时，才进入隔夜观察,AI芯片/网络；相对基准 1.6515%。,中高风险；大客户预期;财报跳空;估值波动,SMH,已跳过,,,,,,重复观察,同一股票同一交易日的15分钟重复观察已去重，不重复计入胜率。
2026-07-20,18:01:11,美股,MSFT,Microsoft Corporation,stock,2,盘中：强势观察,当前 401.43,398.22-403.84,415.48-421.50,391.39,跌破观察区下沿、弱于基准、板块转弱或出现公告/新闻风险,86,65,收盘前仍强于基准且无事件风险时，才进入隔夜观察,AI云/软件；相对基准 1.1083%。,中风险；监管;财报;AI资本开支担忧,QQQ,已跳过,,,,,,重复观察,同一股票同一交易日的15分钟重复观察已去重，不重复计入胜率。
2026-07-20,18:01:11,美股,AMZN,"Amazon.com, Inc.",stock,3,盘中：强势观察,当前 252.22,250.20-253.73,261.05-264.83,245.91,跌破观察区下沿、弱于基准、板块转弱或出现公告/新闻风险,86,65,收盘前仍强于基准且无事件风险时，才进入隔夜观察,云/电商/AI资本开支；相对基准 1.1943%。,中风险；利润率;资本开支;消费,QQQ,已跳过,,,,,,重复观察,同一股票同一交易日的15分钟重复观察已去重，不重复计入胜率。
2026-07-20,18:01:11,美股,MU,"Micron Technology, Inc.",stock,4,盘中：高风险强势观察,当前 889.74,882.62-895.07,920.88-947.57,858.59,跌破观察区下沿、弱于基准、板块转弱或出现公告/新闻风险,84,65,收盘前仍强于基准且无事件风险时，才进入隔夜观察,存储芯片；相对基准 3.426%。,高风险；周期波动;财报跳空;库存周期,SMH,已跳过,,,,,,重复观察,同一股票同一交易日的15分钟重复观察已去重，不重复计入胜率。
2026-07-20,18:01:11,美股,GOOGL,Alphabet Inc.,stock,5,盘中：强势观察,当前 354.48,351.64-356.61,366.89-372.20,345.62,跌破观察区下沿、弱于基准、板块转弱或出现公告/新闻风险,83,65,收盘前仍强于基准且无事件风险时，才进入隔夜观察,AI应用/广告/云；相对基准 1.3993%。,中风险；监管;广告周期;财报跳空,QQQ,已跳过,,,,,,重复观察,同一股票同一交易日的15分钟重复观察已去重，不重复计入胜率。
2026-07-20,18:16:43,美股,MSFT,Microsoft Corporation,stock,1,盘中：强势观察,当前 400.78,397.57-403.18,414.81-420.82,390.76,跌破观察区下沿、弱于基准、板块转弱或出现公告/新闻风险,86,65,收盘前仍强于基准且无事件风险时，才进入隔夜观察,AI云/软件；相对基准 1.2158%。,中风险；监管;财报;AI资本开支担忧,QQQ,已跳过,,,,,,重复观察,同一股票同一交易日的15分钟重复观察已去重，不重复计入胜率。
2026-07-20,18:16:43,美股,AVGO,Broadcom Inc.,stock,2,盘中：强势观察,当前 380.66,377.62-382.95,393.99-399.70,371.15,跌破观察区下沿、弱于基准、板块转弱或出现公告/新闻风险,85,85,收盘前仍强于基准且无事件风险时，才进入隔夜观察,AI芯片/网络；相对基准 1.7058%。,中高风险；大客户预期;财报跳空;估值波动,SMH,已跳过,,,,,,重复观察,同一股票同一交易日的15分钟重复观察已去重，不重复计入胜率。
2026-07-20,18:16:43,美股,MU,"Micron Technology, Inc.",stock,3,盘中：高风险强势观察,当前 886.72,879.63-892.04,917.76-944.36,855.68,跌破观察区下沿、弱于基准、板块转弱或出现公告/新闻风险,84,65,收盘前仍强于基准且无事件风险时，才进入隔夜观察,存储芯片；相对基准 3.5021%。,高风险；周期波动;财报跳空;库存周期,SMH,已跳过,,,,,,重复观察,同一股票同一交易日的15分钟重复观察已去重，不重复计入胜率。
2026-07-20,18:16:43,美股,AMZN,"Amazon.com, Inc.",stock,4,盘中：候选观察,当前 250.23,248.23-251.73,258.99-262.74,243.97,跌破观察区下沿、弱于基准、板块转弱或出现公告/新闻风险,80,65,收盘前仍强于基准且无事件风险时，才进入隔夜观察,云/电商/AI资本开支；相对基准 0.6619%。,中风险；利润率;资本开支;消费,QQQ,已跳过,,,,,,重复观察,同一股票同一交易日的15分钟重复观察已去重，不重复计入胜率。
2026-07-20,18:16:43,美股,GOOGL,Alphabet Inc.,stock,5,盘中：候选观察,当前 352.33,349.52-354.45,364.67-369.95,343.53,跌破观察区下沿、弱于基准、板块转弱或出现公告/新闻风险,78,65,收盘前仍强于基准且无事件风险时，才进入隔夜观察,AI应用/广告/云；相对基准 1.0533%。,中风险；监管;广告周期;财报跳空,QQQ,已跳过,,,,,,重复观察,同一股票同一交易日的15分钟重复观察已去重，不重复计入胜率。
2026-07-20,18:31:18,美股,AVGO,Broadcom Inc.,stock,1,盘中：强势观察,当前 381.50,378.45-383.79,394.85-400.57,371.96,跌破观察区下沿、弱于基准、板块转弱或出现公告/新闻风险,86,85,收盘前仍强于基准且无事件风险时，才进入隔夜观察,AI芯片/网络；相对基准 1.7296%。,中高风险；大客户预期;财报跳空;估值波动,SMH,已跳过,,,,,,重复观察,同一股票同一交易日的15分钟重复观察已去重，不重复计入胜率。
2026-07-20,18:31:18,美股,MSFT,Microsoft Corporation,stock,2,盘中：强势观察,当前 402.19,398.97-404.60,416.27-422.30,392.14,跌破观察区下沿、弱于基准、板块转弱或出现公告/新闻风险,86,65,收盘前仍强于基准且无事件风险时，才进入隔夜观察,AI云/软件；相对基准 1.4566%。,中风险；监管;财报;AI资本开支担忧,QQQ,已跳过,,,,,,重复观察,同一股票同一交易日的15分钟重复观察已去重，不重复计入胜率。
2026-07-20,18:31:18,美股,MU,"Micron Technology, Inc.",stock,3,盘中：高风险强势观察,当前 888.91,881.80-894.24,920.02-946.69,857.80,跌破观察区下沿、弱于基准、板块转弱或出现公告/新闻风险,84,65,收盘前仍强于基准且无事件风险时，才进入隔夜观察,存储芯片；相对基准 3.5579%。,高风险；周期波动;财报跳空;库存周期,SMH,已跳过,,,,,,重复观察,同一股票同一交易日的15分钟重复观察已去重，不重复计入胜率。
2026-07-20,18:31:18,美股,GOOGL,Alphabet Inc.,stock,4,盘中：候选观察,当前 352.64,349.82-354.76,364.99-370.28,343.83,跌破观察区下沿、弱于基准、板块转弱或出现公告/新闻风险,80,65,收盘前仍强于基准且无事件风险时，才进入隔夜观察,AI应用/广告/云；相对基准 1.0255%。,中风险；监管;广告周期;财报跳空,QQQ,已跳过,,,,,,重复观察,同一股票同一交易日的15分钟重复观察已去重，不重复计入胜率。
2026-07-20,18:31:18,美股,AMZN,"Amazon.com, Inc.",stock,5,盘中：候选观察,当前 250.47,248.47-251.98,259.24-263.00,244.21,跌破观察区下沿、弱于基准、板块转弱或出现公告/新闻风险,80,65,收盘前仍强于基准且无事件风险时，才进入隔夜观察,云/电商/AI资本开支；相对基准 0.6438%。,中风险；利润率;资本开支;消费,QQQ,已跳过,,,,,,重复观察,同一股票同一交易日的15分钟重复观察已去重，不重复计入胜率。
2026-07-20,18:46:21,美股,AVGO,Broadcom Inc.,stock,1,盘中：强势观察,当前 381.48,378.42-383.76,394.83-400.55,371.94,跌破观察区下沿、弱于基准、板块转弱或出现公告/新闻风险,86,85,收盘前仍强于基准且无事件风险时，才进入隔夜观察,AI芯片/网络；相对基准 1.6304%。,中高风险；大客户预期;财报跳空;估值波动,SMH,已跳过,,,,,,重复观察,同一股票同一交易日的15分钟重复观察已去重，不重复计入胜率。
2026-07-20,18:46:21,美股,MSFT,Microsoft Corporation,stock,2,盘中：强势观察,当前 401.39,398.18-403.80,415.44-421.46,391.36,跌破观察区下沿、弱于基准、板块转弱或出现公告/新闻风险,86,65,收盘前仍强于基准且无事件风险时，才进入隔夜观察,AI云/软件；相对基准 1.2686%。,中风险；监管;财报;AI资本开支担忧,QQQ,已跳过,,,,,,重复观察,同一股票同一交易日的15分钟重复观察已去重，不重复计入胜率。
2026-07-20,18:46:21,美股,MU,"Micron Technology, Inc.",stock,3,盘中：高风险强势观察,当前 886.57,879.48-891.89,917.60-944.20,855.54,跌破观察区下沿、弱于基准、板块转弱或出现公告/新闻风险,84,65,收盘前仍强于基准且无事件风险时，才进入隔夜观察,存储芯片；相对基准 3.1898%。,高风险；周期波动;财报跳空;库存周期,SMH,已跳过,,,,,,重复观察,同一股票同一交易日的15分钟重复观察已去重，不重复计入胜率。
2026-07-20,18:46:21,美股,GOOGL,Alphabet Inc.,stock,4,盘中：候选观察,当前 353.39,350.57-355.52,365.76-371.06,344.56,跌破观察区下沿、弱于基准、板块转弱或出现公告/新闻风险,80,65,收盘前仍强于基准且无事件风险时，才进入隔夜观察,AI应用/广告/云；相对基准 1.2569%。,中风险；监管;广告周期;财报跳空,QQQ,已跳过,,,,,,重复观察,同一股票同一交易日的15分钟重复观察已去重，不重复计入胜率。
2026-07-20,18:46:21,美股,AMZN,"Amazon.com, Inc.",stock,5,盘中：候选观察,当前 250.39,248.38-251.89,259.15-262.91,244.13,跌破观察区下沿、弱于基准、板块转弱或出现公告/新闻风险,80,65,收盘前仍强于基准且无事件风险时，才进入隔夜观察,云/电商/AI资本开支；相对基准 0.6238%。,中风险；利润率;资本开支;消费,QQQ,已跳过,,,,,,重复观察,同一股票同一交易日的15分钟重复观察已去重，不重复计入胜率。
2026-07-20,19:01:25,美股,AVGO,Broadcom Inc.,stock,1,盘中：强势观察,当前 382.12,379.06-384.41,395.49-401.23,372.57,跌破观察区下沿、弱于基准、板块转弱或出现公告/新闻风险,90,85,收盘前仍强于基准且无事件风险时，才进入隔夜观察,AI芯片/网络；相对基准 1.6911%。,中高风险；大客户预期;财报跳空;估值波动,SMH,已跳过,,,,,,重复观察,同一股票同一交易日的15分钟重复观察已去重，不重复计入胜率。
2026-07-20,19:01:25,美股,MSFT,Microsoft Corporation,stock,2,盘中：强势观察,当前 401.91,398.69-404.32,415.98-422.01,391.86,跌破观察区下沿、弱于基准、板块转弱或出现公告/新闻风险,86,65,收盘前仍强于基准且无事件风险时，才进入隔夜观察,AI云/软件；相对基准 1.2524%。,中风险；监管;财报;AI资本开支担忧,QQQ,已跳过,,,,,,重复观察,同一股票同一交易日的15分钟重复观察已去重，不重复计入胜率。
2026-07-20,19:01:25,美股,MU,"Micron Technology, Inc.",stock,3,盘中：高风险强势观察,当前 887.50,880.40-892.83,918.56-945.19,856.44,跌破观察区下沿、弱于基准、板块转弱或出现公告/新闻风险,84,65,收盘前仍强于基准且无事件风险时，才进入隔夜观察,存储芯片；相对基准 3.1861%。,高风险；周期波动;财报跳空;库存周期,SMH,已跳过,,,,,,重复观察,同一股票同一交易日的15分钟重复观察已去重，不重复计入胜率。
2026-07-20,19:01:25,美股,AMZN,"Amazon.com, Inc.",stock,4,盘中：候选观察,当前 250.73,248.72-252.23,259.51-263.27,244.46,跌破观察区下沿、弱于基准、板块转弱或出现公告/新闻风险,80,65,收盘前仍强于基准且无事件风险时，才进入隔夜观察,云/电商/AI资本开支；相对基准 0.6139%。,中风险；利润率;资本开支;消费,QQQ,已跳过,,,,,,重复观察,同一股票同一交易日的15分钟重复观察已去重，不重复计入胜率。
2026-07-20,19:01:25,美股,AMD,"Advanced Micro Devices, Inc.",stock,5,盘中：候选观察,当前 513.62,509.51-516.70,531.60-547.00,495.64,跌破观察区下沿、弱于基准、板块转弱或出现公告/新闻风险,79,65,收盘前仍强于基准且无事件风险时，才进入隔夜观察,AI GPU/半导体；相对基准 2.2475%。,高风险；高波动;产品预期;相对弱势风险,SMH,已跳过,,,,,,重复观察,同一股票同一交易日的15分钟重复观察已去重，不重复计入胜率。
2026-07-20,19:16:15,美股,AVGO,Broadcom Inc.,stock,1,盘中：强势观察,当前 381.65,378.60-383.94,395.01-400.73,372.11,跌破观察区下沿、弱于基准、板块转弱或出现公告/新闻风险,86,85,收盘前仍强于基准且无事件风险时，才进入隔夜观察,AI芯片/网络；相对基准 1.5248%。,中高风险；大客户预期;财报跳空;估值波动,SMH,已跳过,,,,,,重复观察,同一股票同一交易日的15分钟重复观察已去重，不重复计入胜率。
2026-07-20,19:16:15,美股,MSFT,Microsoft Corporation,stock,2,盘中：强势观察,当前 401.83,398.62-404.24,415.89-421.92,391.78,跌破观察区下沿、弱于基准、板块转弱或出现公告/新闻风险,86,65,收盘前仍强于基准且无事件风险时，才进入隔夜观察,AI云/软件；相对基准 1.2314%。,中风险；监管;财报;AI资本开支担忧,QQQ,已跳过,,,,,,重复观察,同一股票同一交易日的15分钟重复观察已去重，不重复计入胜率。
2026-07-20,19:16:15,美股,AMZN,"Amazon.com, Inc.",stock,3,盘中：候选观察,当前 250.69,248.69-252.20,259.47-263.23,244.43,跌破观察区下沿、弱于基准、板块转弱或出现公告/新闻风险,80,65,收盘前仍强于基准且无事件风险时，才进入隔夜观察,云/电商/AI资本开支；相对基准 0.599%。,中风险；利润率;资本开支;消费,QQQ,已跳过,,,,,,重复观察,同一股票同一交易日的15分钟重复观察已去重，不重复计入胜率。
2026-07-20,19:16:15,美股,AMD,"Advanced Micro Devices, Inc.",stock,4,盘中：候选观察,当前 515.90,511.77-519.00,533.96-549.43,497.84,跌破观察区下沿、弱于基准、板块转弱或出现公告/新闻风险,79,65,收盘前仍强于基准且无事件风险时，才进入隔夜观察,AI GPU/半导体；相对基准 2.668%。,高风险；高波动;产品预期;相对弱势风险,SMH,已跳过,,,,,,重复观察,同一股票同一交易日的15分钟重复观察已去重，不重复计入胜率。
2026-07-20,19:16:15,美股,MU,"Micron Technology, Inc.",stock,5,盘中：候选观察,当前 882.15,875.09-887.44,913.03-939.49,851.27,跌破观察区下沿、弱于基准、板块转弱或出现公告/新闻风险,79,65,收盘前仍强于基准且无事件风险时，才进入隔夜观察,存储芯片；相对基准 2.5163%。,高风险；周期波动;财报跳空;库存周期,SMH,已复盘,925.35,968.57,+4.90%,+9.80%,数据不足,未触发,模拟执行未进入买入观察区，不计入胜率；继续检验观察区是否过窄。
2026-07-20,19:31:33,美股,MSFT,Microsoft Corporation,stock,1,盘中：强势观察,当前 401.77,398.56-404.18,415.83-421.86,391.73,跌破观察区下沿、弱于基准、板块转弱或出现公告/新闻风险,86,65,收盘前仍强于基准且无事件风险时，才进入隔夜观察,AI云/软件；相对基准 1.4391%。,中风险；监管;财报;AI资本开支担忧,QQQ,已跳过,,,,,,重复观察,同一股票同一交易日的15分钟重复观察已去重，不重复计入胜率。
2026-07-20,19:31:33,美股,AVGO,Broadcom Inc.,stock,2,盘中：强势观察,当前 380.39,377.35-382.67,393.70-399.41,370.88,跌破观察区下沿、弱于基准、板块转弱或出现公告/新闻风险,85,85,收盘前仍强于基准且无事件风险时，才进入隔夜观察,AI芯片/网络；相对基准 1.5049%。,中高风险；大客户预期;财报跳空;估值波动,SMH,已跳过,,,,,,重复观察,同一股票同一交易日的15分钟重复观察已去重，不重复计入胜率。
2026-07-20,19:31:33,美股,AMZN,"Amazon.com, Inc.",stock,3,盘中：候选观察,当前 250.08,248.08-251.58,258.83-262.58,243.83,跌破观察区下沿、弱于基准、板块转弱或出现公告/新闻风险,80,65,收盘前仍强于基准且无事件风险时，才进入隔夜观察,云/电商/AI资本开支；相对基准 0.5732%。,中风险；利润率;资本开支;消费,QQQ,已跳过,,,,,,重复观察,同一股票同一交易日的15分钟重复观察已去重，不重复计入胜率。
2026-07-20,19:31:33,美股,AMD,"Advanced Micro Devices, Inc.",stock,4,盘中：候选观察,当前 515.10,510.98-518.19,533.13-548.58,497.07,跌破观察区下沿、弱于基准、板块转弱或出现公告/新闻风险,79,65,收盘前仍强于基准且无事件风险时，才进入隔夜观察,AI GPU/半导体；相对基准 2.8266%。,高风险；高波动;产品预期;相对弱势风险,SMH,已跳过,,,,,,重复观察,同一股票同一交易日的15分钟重复观察已去重，不重复计入胜率。
2026-07-20,19:31:33,美股,CRM,"Salesforce, Inc.",stock,5,盘中：候选观察,当前 174.77,173.37-175.82,180.89-183.51,170.40,跌破观察区下沿、弱于基准、板块转弱或出现公告/新闻风险,79,30,收盘前仍强于基准且无事件风险时，才进入隔夜观察,企业软件；相对基准 1.7627%。,中风险；业绩指引;估值,QQQ,已跳过,,,,,,重复观察,同一股票同一交易日的15分钟重复观察已去重，不重复计入胜率。
2026-07-20,19:46:18,美股,MSFT,Microsoft Corporation,stock,1,盘中：强势观察,当前 400.09,396.89-402.49,414.09-420.09,390.09,跌破观察区下沿、弱于基准、板块转弱或出现公告/新闻风险,86,65,收盘前仍强于基准且无事件风险时，才进入隔夜观察,AI云/软件；相对基准 1.2126%。,中风险；监管;财报;AI资本开支担忧,QQQ,已跳过,,,,,,重复观察,同一股票同一交易日的15分钟重复观察已去重，不重复计入胜率。
2026-07-20,19:46:18,美股,AVGO,Broadcom Inc.,stock,2,盘中：强势观察,当前 379.14,376.11-381.41,392.41-398.10,369.66,跌破观察区下沿、弱于基准、板块转弱或出现公告/新闻风险,85,85,收盘前仍强于基准且无事件风险时，才进入隔夜观察,AI芯片/网络；相对基准 1.4391%。,中高风险；大客户预期;财报跳空;估值波动,SMH,已跳过,,,,,,重复观察,同一股票同一交易日的15分钟重复观察已去重，不重复计入胜率。
2026-07-20,19:46:18,美股,AMD,"Advanced Micro Devices, Inc.",stock,3,盘中：候选观察,当前 514.09,509.97-517.17,532.08-547.50,496.09,跌破观察区下沿、弱于基准、板块转弱或出现公告/新闻风险,79,65,收盘前仍强于基准且无事件风险时，才进入隔夜观察,AI GPU/半导体；相对基准 2.8931%。,高风险；高波动;产品预期;相对弱势风险,SMH,已跳过,,,,,,重复观察,同一股票同一交易日的15分钟重复观察已去重，不重复计入胜率。
2026-07-20,19:46:18,美股,CRM,"Salesforce, Inc.",stock,4,盘中：候选观察,当前 173.32,171.93-174.36,179.39-181.99,168.99,跌破观察区下沿、弱于基准、板块转弱或出现公告/新闻风险,79,30,收盘前仍强于基准且无事件风险时，才进入隔夜观察,企业软件；相对基准 1.1137%。,中风险；业绩指引;估值,QQQ,已跳过,,,,,,重复观察,同一股票同一交易日的15分钟重复观察已去重，不重复计入胜率。
2026-07-20,19:46:18,美股,GOOGL,Alphabet Inc.,stock,5,盘中：候选观察,当前 350.83,348.02-352.93,363.11-368.37,342.06,跌破观察区下沿、弱于基准、板块转弱或出现公告/新闻风险,75,65,收盘前仍强于基准且无事件风险时，才进入隔夜观察,AI应用/广告/云；相对基准 0.7913%。,中风险；监管;广告周期;财报跳空,QQQ,已跳过,,,,,,重复观察,同一股票同一交易日的15分钟重复观察已去重，不重复计入胜率。
2026-07-20,20:01:21,美股,MSFT,Microsoft Corporation,stock,1,盘中：强势观察,当前 400.88,397.67-403.29,414.91-420.92,390.86,跌破观察区下沿、弱于基准、板块转弱或出现公告/新闻风险,86,65,收盘前仍强于基准且无事件风险时，才进入隔夜观察,AI云/软件；相对基准 1.3354%。,中风险；监管;财报;AI资本开支担忧,QQQ,已跳过,,,,,,重复观察,同一股票同一交易日的15分钟重复观察已去重，不重复计入胜率。
2026-07-20,20:01:21,美股,AVGO,Broadcom Inc.,stock,2,盘中：强势观察,当前 379.41,376.37-381.69,392.69-398.38,369.92,跌破观察区下沿、弱于基准、板块转弱或出现公告/新闻风险,85,85,收盘前仍强于基准且无事件风险时，才进入隔夜观察,AI芯片/网络；相对基准 1.458%。,中高风险；大客户预期;财报跳空;估值波动,SMH,已跳过,,,,,,重复观察,同一股票同一交易日的15分钟重复观察已去重，不重复计入胜率。
2026-07-20,20:01:21,美股,AMD,"Advanced Micro Devices, Inc.",stock,3,盘中：候选观察,当前 513.76,509.65-516.84,531.74-547.15,495.78,跌破观察区下沿、弱于基准、板块转弱或出现公告/新闻风险,79,65,收盘前仍强于基准且无事件风险时，才进入隔夜观察,AI GPU/半导体；相对基准 2.7737%。,高风险；高波动;产品预期;相对弱势风险,SMH,已复盘,525.76,541.80,+2.34%,+5.46%,数据不足,命中,模拟执行后表现有效，保留相对强弱和量价过滤。
2026-07-20,20:01:21,美股,CRM,"Salesforce, Inc.",stock,4,盘中：候选观察,当前 173.78,172.39-174.82,179.86-182.47,169.44,跌破观察区下沿、弱于基准、板块转弱或出现公告/新闻风险,79,30,收盘前仍强于基准且无事件风险时，才进入隔夜观察,企业软件；相对基准 1.3053%。,中风险；业绩指引;估值,QQQ,已跳过,,,,,,重复观察,同一股票同一交易日的15分钟重复观察已去重，不重复计入胜率。
2026-07-20,20:01:21,美股,GOOGL,Alphabet Inc.,stock,5,盘中：候选观察,当前 351.88,349.06-353.99,364.20-369.47,343.08,跌破观察区下沿、弱于基准、板块转弱或出现公告/新闻风险,78,65,收盘前仍强于基准且无事件风险时，才进入隔夜观察,AI应用/广告/云；相对基准 1.0163%。,中风险；监管;广告周期;财报跳空,QQQ,已跳过,,,,,,重复观察,同一股票同一交易日的15分钟重复观察已去重，不重复计入胜率。
2026-07-20,20:16:31,美股,MSFT,Microsoft Corporation,stock,1,盘中：强势观察,当前 400.65,397.45-403.06,414.68-420.69,390.64,跌破观察区下沿、弱于基准、板块转弱或出现公告/新闻风险,86,65,收盘前仍强于基准且无事件风险时，才进入隔夜观察,AI云/软件；相对基准 1.5371%。,中风险；监管;财报;AI资本开支担忧,QQQ,已跳过,,,,,,重复观察,同一股票同一交易日的15分钟重复观察已去重，不重复计入胜率。
2026-07-20,20:16:31,美股,AVGO,Broadcom Inc.,stock,2,盘中：强势观察,当前 378.17,375.14-380.44,391.41-397.08,368.72,跌破观察区下沿、弱于基准、板块转弱或出现公告/新闻风险,82,85,收盘前仍强于基准且无事件风险时，才进入隔夜观察,AI芯片/网络；相对基准 1.6132%。,中高风险；大客户预期;财报跳空;估值波动,SMH,已跳过,,,,,,重复观察,同一股票同一交易日的15分钟重复观察已去重，不重复计入胜率。
2026-07-20,20:16:31,美股,CRM,"Salesforce, Inc.",stock,3,盘中：候选观察,当前 173.25,171.86-174.29,179.31-181.91,168.92,跌破观察区下沿、弱于基准、板块转弱或出现公告/新闻风险,79,30,收盘前仍强于基准且无事件风险时，才进入隔夜观察,企业软件；相对基准 1.2537%。,中风险；业绩指引;估值,QQQ,已跳过,,,,,,重复观察,同一股票同一交易日的15分钟重复观察已去重，不重复计入胜率。
2026-07-20,20:16:31,美股,GOOGL,Alphabet Inc.,stock,4,盘中：候选观察,当前 352.07,349.26-354.19,364.40-369.68,343.27,跌破观察区下沿、弱于基准、板块转弱或出现公告/新闻风险,78,65,收盘前仍强于基准且无事件风险时，才进入隔夜观察,AI应用/广告/云；相对基准 1.3313%。,中风险；监管;广告周期;财报跳空,QQQ,已跳过,,,,,,重复观察,同一股票同一交易日的15分钟重复观察已去重，不重复计入胜率。
2026-07-20,20:16:31,美股,AMZN,"Amazon.com, Inc.",stock,5,盘中：候选观察,当前 249.76,247.76-251.26,258.50-262.25,243.52,跌破观察区下沿、弱于基准、板块转弱或出现公告/新闻风险,77,65,收盘前仍强于基准且无事件风险时，才进入隔夜观察,云/电商/AI资本开支；相对基准 0.8248%。,中风险；利润率;资本开支;消费,QQQ,已跳过,,,,,,重复观察,同一股票同一交易日的15分钟重复观察已去重，不重复计入胜率。
2026-07-20,20:31:32,美股,MSFT,Microsoft Corporation,stock,1,盘中：强势观察,当前 401.19,397.98-403.59,415.23-421.24,391.16,跌破观察区下沿、弱于基准、板块转弱或出现公告/新闻风险,86,65,收盘前仍强于基准且无事件风险时，才进入隔夜观察,AI云/软件；相对基准 1.5537%。,中风险；监管;财报;AI资本开支担忧,QQQ,已跳过,,,,,,重复观察,同一股票同一交易日的15分钟重复观察已去重，不重复计入胜率。
2026-07-20,20:31:32,美股,AVGO,Broadcom Inc.,stock,2,盘中：强势观察,当前 378.75,375.72-381.03,392.01-397.69,369.29,跌破观察区下沿、弱于基准、板块转弱或出现公告/新闻风险,83,85,收盘前仍强于基准且无事件风险时，才进入隔夜观察,AI芯片/网络；相对基准 1.7719%。,中高风险；大客户预期;财报跳空;估值波动,SMH,已跳过,,,,,,重复观察,同一股票同一交易日的15分钟重复观察已去重，不重复计入胜率。
2026-07-20,20:31:32,美股,GOOGL,Alphabet Inc.,stock,3,盘中：候选观察,当前 352.53,349.71-354.65,364.87-370.16,343.72,跌破观察区下沿、弱于基准、板块转弱或出现公告/新闻风险,80,65,收盘前仍强于基准且无事件风险时，才进入隔夜观察,AI应用/广告/云；相对基准 1.3446%。,中风险；监管;广告周期;财报跳空,QQQ,已跳过,,,,,,重复观察,同一股票同一交易日的15分钟重复观察已去重，不重复计入胜率。
2026-07-20,20:31:32,美股,CRM,"Salesforce, Inc.",stock,4,盘中：候选观察,当前 173.39,172.00-174.43,179.46-182.06,169.06,跌破观察区下沿、弱于基准、板块转弱或出现公告/新闻风险,79,30,收盘前仍强于基准且无事件风险时，才进入隔夜观察,企业软件；相对基准 1.2184%。,中风险；业绩指引;估值,QQQ,已跳过,,,,,,重复观察,同一股票同一交易日的15分钟重复观察已去重，不重复计入胜率。
2026-07-20,20:31:32,美股,AMZN,"Amazon.com, Inc.",stock,5,盘中：候选观察,当前 249.73,247.73-251.23,258.47-262.22,243.49,跌破观察区下沿、弱于基准、板块转弱或出现公告/新闻风险,77,65,收盘前仍强于基准且无事件风险时，才进入隔夜观察,云/电商/AI资本开支；相对基准 0.6948%。,中风险；利润率;资本开支;消费,QQQ,已跳过,,,,,,重复观察,同一股票同一交易日的15分钟重复观察已去重，不重复计入胜率。
2026-07-20,20:46:21,美股,MSFT,Microsoft Corporation,stock,1,盘中：强势观察,当前 401.85,398.64-404.26,415.91-421.94,391.80,跌破观察区下沿、弱于基准、板块转弱或出现公告/新闻风险,86,65,收盘前仍强于基准且无事件风险时，才进入隔夜观察,AI云/软件；相对基准 1.7167%。,中风险；监管;财报;AI资本开支担忧,QQQ,已跳过,,,,,,重复观察,同一股票同一交易日的15分钟重复观察已去重，不重复计入胜率。
2026-07-20,20:46:21,美股,AVGO,Broadcom Inc.,stock,2,盘中：强势观察,当前 379.05,376.02-381.32,392.32-398.00,369.57,跌破观察区下沿、弱于基准、板块转弱或出现公告/新闻风险,85,85,收盘前仍强于基准且无事件风险时，才进入隔夜观察,AI芯片/网络；相对基准 1.74%。,中高风险；大客户预期;财报跳空;估值波动,SMH,已跳过,,,,,,重复观察,同一股票同一交易日的15分钟重复观察已去重，不重复计入胜率。
2026-07-20,20:46:21,美股,GOOGL,Alphabet Inc.,stock,3,盘中：候选观察,当前 352.62,349.80-354.74,364.96-370.25,343.80,跌破观察区下沿、弱于基准、板块转弱或出现公告/新闻风险,80,65,收盘前仍强于基准且无事件风险时，才进入隔夜观察,AI应用/广告/云；相对基准 1.3647%。,中风险；监管;广告周期;财报跳空,QQQ,已跳过,,,,,,重复观察,同一股票同一交易日的15分钟重复观察已去重，不重复计入胜率。
2026-07-20,20:46:21,美股,AMZN,"Amazon.com, Inc.",stock,4,盘中：候选观察,当前 249.82,247.82-251.32,258.56-262.31,243.57,跌破观察区下沿、弱于基准、板块转弱或出现公告/新闻风险,80,65,收盘前仍强于基准且无事件风险时，才进入隔夜观察,云/电商/AI资本开支；相对基准 0.7253%。,中风险；利润率;资本开支;消费,QQQ,已跳过,,,,,,重复观察,同一股票同一交易日的15分钟重复观察已去重，不重复计入胜率。
2026-07-20,20:46:21,美股,CRM,"Salesforce, Inc.",stock,5,盘中：候选观察,当前 174.10,172.71-175.14,180.19-182.81,169.75,跌破观察区下沿、弱于基准、板块转弱或出现公告/新闻风险,79,30,收盘前仍强于基准且无事件风险时，才进入隔夜观察,企业软件；相对基准 1.6277%。,中风险；业绩指引;估值,QQQ,已跳过,,,,,,重复观察,同一股票同一交易日的15分钟重复观察已去重，不重复计入胜率。
2026-07-20,21:01:40,美股,MSFT,Microsoft Corporation,stock,1,盘中：强势观察,当前 402.29,399.07-404.70,416.37-422.40,392.23,跌破观察区下沿、弱于基准、板块转弱或出现公告/新闻风险,86,65,收盘前仍强于基准且无事件风险时，才进入隔夜观察,AI云/软件；相对基准 2.0457%。,中风险；监管;财报;AI资本开支担忧,QQQ,已跳过,,,,,,重复观察,同一股票同一交易日的15分钟重复观察已去重，不重复计入胜率。
2026-07-20,21:01:40,美股,AMZN,"Amazon.com, Inc.",stock,2,盘中：强势观察,当前 249.99,247.99-251.49,258.74-262.49,243.74,跌破观察区下沿、弱于基准、板块转弱或出现公告/新闻风险,83,65,收盘前仍强于基准且无事件风险时，才进入隔夜观察,云/电商/AI资本开支；相对基准 1.0114%。,中风险；利润率;资本开支;消费,QQQ,已跳过,,,,,,重复观察,同一股票同一交易日的15分钟重复观察已去重，不重复计入胜率。
2026-07-20,21:01:40,美股,AVGO,Broadcom Inc.,stock,3,盘中：强势观察,当前 378.16,375.13-380.43,391.40-397.07,368.71,跌破观察区下沿、弱于基准、板块转弱或出现公告/新闻风险,82,85,收盘前仍强于基准且无事件风险时，才进入隔夜观察,AI芯片/网络；相对基准 1.5647%。,中高风险；大客户预期;财报跳空;估值波动,SMH,已跳过,,,,,,重复观察,同一股票同一交易日的15分钟重复观察已去重，不重复计入胜率。
2026-07-20,21:01:40,美股,CRM,"Salesforce, Inc.",stock,4,盘中：候选观察,当前 173.77,172.38-174.81,179.85-182.46,169.43,跌破观察区下沿、弱于基准、板块转弱或出现公告/新闻风险,79,30,收盘前仍强于基准且无事件风险时，才进入隔夜观察,企业软件；相对基准 1.6517%。,中风险；业绩指引;估值,QQQ,已跳过,,,,,,重复观察,同一股票同一交易日的15分钟重复观察已去重，不重复计入胜率。
2026-07-20,21:01:40,美股,GOOGL,Alphabet Inc.,stock,5,盘中：候选观察,当前 351.99,349.17-354.10,364.31-369.59,343.19,跌破观察区下沿、弱于基准、板块转弱或出现公告/新闻风险,78,65,收盘前仍强于基准且无事件风险时，才进入隔夜观察,AI应用/广告/云；相对基准 1.4003%。,中风险；监管;广告周期;财报跳空,QQQ,已跳过,,,,,,重复观察,同一股票同一交易日的15分钟重复观察已去重，不重复计入胜率。
2026-07-20,21:16:19,美股,MSFT,Microsoft Corporation,stock,1,盘中：强势观察,当前 402.29,399.07-404.70,416.37-422.40,392.23,跌破观察区下沿、弱于基准、板块转弱或出现公告/新闻风险,86,65,收盘前仍强于基准且无事件风险时，才进入隔夜观察,AI云/软件；相对基准 2.0457%。,中风险；监管;财报;AI资本开支担忧,QQQ,已跳过,,,,,,重复观察,同一股票同一交易日的15分钟重复观察已去重，不重复计入胜率。
2026-07-20,21:16:19,美股,AMZN,"Amazon.com, Inc.",stock,2,盘中：强势观察,当前 249.99,247.99-251.49,258.74-262.49,243.74,跌破观察区下沿、弱于基准、板块转弱或出现公告/新闻风险,83,65,收盘前仍强于基准且无事件风险时，才进入隔夜观察,云/电商/AI资本开支；相对基准 1.0114%。,中风险；利润率;资本开支;消费,QQQ,已跳过,,,,,,重复观察,同一股票同一交易日的15分钟重复观察已去重，不重复计入胜率。
2026-07-20,21:16:19,美股,AVGO,Broadcom Inc.,stock,3,盘中：候选观察,当前 378.16,375.13-380.43,391.40-397.07,368.71,跌破观察区下沿、弱于基准、板块转弱或出现公告/新闻风险,80,85,收盘前仍强于基准且无事件风险时，才进入隔夜观察,AI芯片/网络；相对基准 1.5647%。,中高风险；大客户预期;财报跳空;估值波动,SMH,已跳过,,,,,,重复观察,同一股票同一交易日的15分钟重复观察已去重，不重复计入胜率。
2026-07-20,21:16:19,美股,CRM,"Salesforce, Inc.",stock,4,盘中：候选观察,当前 173.79,172.40-174.83,179.87-182.48,169.45,跌破观察区下沿、弱于基准、板块转弱或出现公告/新闻风险,79,30,收盘前仍强于基准且无事件风险时，才进入隔夜观察,企业软件；相对基准 1.6635%。,中风险；业绩指引;估值,QQQ,已跳过,,,,,,重复观察,同一股票同一交易日的15分钟重复观察已去重，不重复计入胜率。
2026-07-20,21:16:19,美股,GOOGL,Alphabet Inc.,stock,5,盘中：候选观察,当前 351.99,349.17-354.10,364.31-369.59,343.19,跌破观察区下沿、弱于基准、板块转弱或出现公告/新闻风险,78,65,收盘前仍强于基准且无事件风险时，才进入隔夜观察,AI应用/广告/云；相对基准 1.4003%。,中风险；监管;广告周期;财报跳空,QQQ,已跳过,,,,,,重复观察,同一股票同一交易日的15分钟重复观察已去重，不重复计入胜率。
2026-07-20,21:31:33,美股,MSFT,Microsoft Corporation,stock,1,盘中：强势观察,当前 402.29,399.07-404.70,416.37-422.40,392.23,跌破观察区下沿、弱于基准、板块转弱或出现公告/新闻风险,86,65,收盘前仍强于基准且无事件风险时，才进入隔夜观察,AI云/软件；相对基准 2.0457%。,中风险；监管;财报;AI资本开支担忧,QQQ,已跳过,,,,,,重复观察,同一股票同一交易日的15分钟重复观察已去重，不重复计入胜率。
2026-07-20,21:31:33,美股,AMZN,"Amazon.com, Inc.",stock,2,盘中：强势观察,当前 249.99,247.99-251.49,258.74-262.49,243.74,跌破观察区下沿、弱于基准、板块转弱或出现公告/新闻风险,83,65,收盘前仍强于基准且无事件风险时，才进入隔夜观察,云/电商/AI资本开支；相对基准 1.0114%。,中风险；利润率;资本开支;消费,QQQ,已跳过,,,,,,重复观察,同一股票同一交易日的15分钟重复观察已去重，不重复计入胜率。
2026-07-20,21:31:33,美股,AVGO,Broadcom Inc.,stock,3,盘中：强势观察,当前 378.16,375.13-380.43,391.40-397.07,368.71,跌破观察区下沿、弱于基准、板块转弱或出现公告/新闻风险,82,85,收盘前仍强于基准且无事件风险时，才进入隔夜观察,AI芯片/网络；相对基准 1.5647%。,中高风险；大客户预期;财报跳空;估值波动,SMH,已跳过,,,,,,重复观察,同一股票同一交易日的15分钟重复观察已去重，不重复计入胜率。
2026-07-20,21:31:33,美股,CRM,"Salesforce, Inc.",stock,4,盘中：候选观察,当前 173.79,172.40-174.83,179.87-182.48,169.45,跌破观察区下沿、弱于基准、板块转弱或出现公告/新闻风险,79,30,收盘前仍强于基准且无事件风险时，才进入隔夜观察,企业软件；相对基准 1.6635%。,中风险；业绩指引;估值,QQQ,已跳过,,,,,,重复观察,同一股票同一交易日的15分钟重复观察已去重，不重复计入胜率。
2026-07-20,21:31:33,美股,GOOGL,Alphabet Inc.,stock,5,盘中：候选观察,当前 351.99,349.17-354.10,364.31-369.59,343.19,跌破观察区下沿、弱于基准、板块转弱或出现公告/新闻风险,78,65,收盘前仍强于基准且无事件风险时，才进入隔夜观察,AI应用/广告/云；相对基准 1.4003%。,中风险；监管;广告周期;财报跳空,QQQ,已跳过,,,,,,重复观察,同一股票同一交易日的15分钟重复观察已去重，不重复计入胜率。
2026-07-20,21:46:26,美股,MSFT,Microsoft Corporation,stock,1,收盘：强势观察,当前 402.29,399.07-404.70,416.37-422.40,392.23,跌破观察区下沿、弱于基准、板块转弱或出现公告/新闻风险,86,65,收盘前仍强于基准且无事件风险时，才进入隔夜观察,AI云/软件；相对基准 2.0457%。,中风险；监管;财报;AI资本开支担忧,QQQ,已跳过,,,,,,重复观察,同一股票同一交易日的15分钟重复观察已去重，不重复计入胜率。
2026-07-20,21:46:26,美股,AMZN,"Amazon.com, Inc.",stock,2,收盘：强势观察,当前 249.99,247.99-251.49,258.74-262.49,243.74,跌破观察区下沿、弱于基准、板块转弱或出现公告/新闻风险,83,65,收盘前仍强于基准且无事件风险时，才进入隔夜观察,云/电商/AI资本开支；相对基准 1.0114%。,中风险；利润率;资本开支;消费,QQQ,已跳过,,,,,,重复观察,同一股票同一交易日的15分钟重复观察已去重，不重复计入胜率。
2026-07-20,21:46:26,美股,AVGO,Broadcom Inc.,stock,3,收盘：强势观察,当前 378.16,375.13-380.43,391.40-397.07,368.71,跌破观察区下沿、弱于基准、板块转弱或出现公告/新闻风险,82,85,收盘前仍强于基准且无事件风险时，才进入隔夜观察,AI芯片/网络；相对基准 1.5647%。,中高风险；大客户预期;财报跳空;估值波动,SMH,已跳过,,,,,,重复观察,同一股票同一交易日的15分钟重复观察已去重，不重复计入胜率。
2026-07-20,21:46:26,美股,CRM,"Salesforce, Inc.",stock,4,收盘：候选观察,当前 173.79,172.40-174.83,179.87-182.48,169.45,跌破观察区下沿、弱于基准、板块转弱或出现公告/新闻风险,79,30,收盘前仍强于基准且无事件风险时，才进入隔夜观察,企业软件；相对基准 1.6635%。,中风险；业绩指引;估值,QQQ,已跳过,,,,,,重复观察,同一股票同一交易日的15分钟重复观察已去重，不重复计入胜率。
2026-07-20,21:46:26,美股,GOOGL,Alphabet Inc.,stock,5,收盘：候选观察,当前 351.99,349.17-354.10,364.31-369.59,343.19,跌破观察区下沿、弱于基准、板块转弱或出现公告/新闻风险,78,65,收盘前仍强于基准且无事件风险时，才进入隔夜观察,AI应用/广告/云；相对基准 1.4003%。,中风险；监管;广告周期;财报跳空,QQQ,已跳过,,,,,,重复观察,同一股票同一交易日的15分钟重复观察已去重，不重复计入胜率。
2026-07-20,22:01:23,美股,MSFT,Microsoft Corporation,stock,1,收盘：强势观察,当前 402.29,399.07-404.70,416.37-422.40,392.23,跌破观察区下沿、弱于基准、板块转弱或出现公告/新闻风险,86,65,收盘前仍强于基准且无事件风险时，才进入隔夜观察,AI云/软件；相对基准 2.0457%。,中风险；监管;财报;AI资本开支担忧,QQQ,已跳过,,,,,,重复观察,同一股票同一交易日的15分钟重复观察已去重，不重复计入胜率。
2026-07-20,22:01:23,美股,AMZN,"Amazon.com, Inc.",stock,2,收盘：强势观察,当前 249.99,247.99-251.49,258.74-262.49,243.74,跌破观察区下沿、弱于基准、板块转弱或出现公告/新闻风险,83,65,收盘前仍强于基准且无事件风险时，才进入隔夜观察,云/电商/AI资本开支；相对基准 1.0114%。,中风险；利润率;资本开支;消费,QQQ,已跳过,,,,,,重复观察,同一股票同一交易日的15分钟重复观察已去重，不重复计入胜率。
2026-07-20,22:01:23,美股,AVGO,Broadcom Inc.,stock,3,收盘：强势观察,当前 378.16,375.13-380.43,391.40-397.07,368.71,跌破观察区下沿、弱于基准、板块转弱或出现公告/新闻风险,82,85,收盘前仍强于基准且无事件风险时，才进入隔夜观察,AI芯片/网络；相对基准 1.5647%。,中高风险；大客户预期;财报跳空;估值波动,SMH,已跳过,,,,,,重复观察,同一股票同一交易日的15分钟重复观察已去重，不重复计入胜率。
2026-07-20,22:01:23,美股,CRM,"Salesforce, Inc.",stock,4,收盘：候选观察,当前 173.79,172.40-174.83,179.87-182.48,169.45,跌破观察区下沿、弱于基准、板块转弱或出现公告/新闻风险,79,30,收盘前仍强于基准且无事件风险时，才进入隔夜观察,企业软件；相对基准 1.6635%。,中风险；业绩指引;估值,QQQ,已跳过,,,,,,重复观察,同一股票同一交易日的15分钟重复观察已去重，不重复计入胜率。
2026-07-20,22:01:23,美股,GOOGL,Alphabet Inc.,stock,5,收盘：候选观察,当前 351.99,349.17-354.10,364.31-369.59,343.19,跌破观察区下沿、弱于基准、板块转弱或出现公告/新闻风险,78,65,收盘前仍强于基准且无事件风险时，才进入隔夜观察,AI应用/广告/云；相对基准 1.4003%。,中风险；监管;广告周期;财报跳空,QQQ,已跳过,,,,,,重复观察,同一股票同一交易日的15分钟重复观察已去重，不重复计入胜率。
2026-07-20,22:16:38,美股,MSFT,Microsoft Corporation,stock,1,收盘：强势观察,当前 402.29,399.07-404.70,416.37-422.40,392.23,跌破观察区下沿、弱于基准、板块转弱或出现公告/新闻风险,86,65,收盘前仍强于基准且无事件风险时，才进入隔夜观察,AI云/软件；相对基准 2.0457%。,中风险；监管;财报;AI资本开支担忧,QQQ,已跳过,,,,,,重复观察,同一股票同一交易日的15分钟重复观察已去重，不重复计入胜率。
2026-07-20,22:16:38,美股,AMZN,"Amazon.com, Inc.",stock,2,收盘：强势观察,当前 249.99,247.99-251.49,258.74-262.49,243.74,跌破观察区下沿、弱于基准、板块转弱或出现公告/新闻风险,83,65,收盘前仍强于基准且无事件风险时，才进入隔夜观察,云/电商/AI资本开支；相对基准 1.0114%。,中风险；利润率;资本开支;消费,QQQ,已跳过,,,,,,重复观察,同一股票同一交易日的15分钟重复观察已去重，不重复计入胜率。
2026-07-20,22:16:38,美股,AVGO,Broadcom Inc.,stock,3,收盘：强势观察,当前 378.16,375.13-380.43,391.40-397.07,368.71,跌破观察区下沿、弱于基准、板块转弱或出现公告/新闻风险,82,85,收盘前仍强于基准且无事件风险时，才进入隔夜观察,AI芯片/网络；相对基准 1.5647%。,中高风险；大客户预期;财报跳空;估值波动,SMH,已跳过,,,,,,重复观察,同一股票同一交易日的15分钟重复观察已去重，不重复计入胜率。
2026-07-20,22:16:38,美股,CRM,"Salesforce, Inc.",stock,4,收盘：候选观察,当前 173.79,172.40-174.83,179.87-182.48,169.45,跌破观察区下沿、弱于基准、板块转弱或出现公告/新闻风险,79,30,收盘前仍强于基准且无事件风险时，才进入隔夜观察,企业软件；相对基准 1.6635%。,中风险；业绩指引;估值,QQQ,已跳过,,,,,,重复观察,同一股票同一交易日的15分钟重复观察已去重，不重复计入胜率。
2026-07-20,22:16:38,美股,GOOGL,Alphabet Inc.,stock,5,收盘：候选观察,当前 351.99,349.17-354.10,364.31-369.59,343.19,跌破观察区下沿、弱于基准、板块转弱或出现公告/新闻风险,78,65,收盘前仍强于基准且无事件风险时，才进入隔夜观察,AI应用/广告/云；相对基准 1.4003%。,中风险；监管;广告周期;财报跳空,QQQ,已跳过,,,,,,重复观察,同一股票同一交易日的15分钟重复观察已去重，不重复计入胜率。
2026-07-20,22:31:17,美股,MSFT,Microsoft Corporation,stock,1,收盘：强势观察,当前 402.29,399.07-404.70,416.37-422.40,392.23,跌破观察区下沿、弱于基准、板块转弱或出现公告/新闻风险,86,65,收盘前仍强于基准且无事件风险时，才进入隔夜观察,AI云/软件；相对基准 2.0457%。,中风险；监管;财报;AI资本开支担忧,QQQ,已跳过,,,,,,重复观察,同一股票同一交易日的15分钟重复观察已去重，不重复计入胜率。
2026-07-20,22:31:17,美股,AMZN,"Amazon.com, Inc.",stock,2,收盘：强势观察,当前 249.99,247.99-251.49,258.74-262.49,243.74,跌破观察区下沿、弱于基准、板块转弱或出现公告/新闻风险,83,65,收盘前仍强于基准且无事件风险时，才进入隔夜观察,云/电商/AI资本开支；相对基准 1.0114%。,中风险；利润率;资本开支;消费,QQQ,已跳过,,,,,,重复观察,同一股票同一交易日的15分钟重复观察已去重，不重复计入胜率。
2026-07-20,22:31:17,美股,AVGO,Broadcom Inc.,stock,3,收盘：候选观察,当前 378.16,375.13-380.43,391.40-397.07,368.71,跌破观察区下沿、弱于基准、板块转弱或出现公告/新闻风险,80,85,收盘前仍强于基准且无事件风险时，才进入隔夜观察,AI芯片/网络；相对基准 1.5647%。,中高风险；大客户预期;财报跳空;估值波动,SMH,已跳过,,,,,,重复观察,同一股票同一交易日的15分钟重复观察已去重，不重复计入胜率。
2026-07-20,22:31:17,美股,GOOGL,Alphabet Inc.,stock,4,收盘：候选观察,当前 351.99,349.17-354.10,364.31-369.59,343.19,跌破观察区下沿、弱于基准、板块转弱或出现公告/新闻风险,80,65,收盘前仍强于基准且无事件风险时，才进入隔夜观察,AI应用/广告/云；相对基准 1.4003%。,中风险；监管;广告周期;财报跳空,QQQ,已跳过,,,,,,重复观察,同一股票同一交易日的15分钟重复观察已去重，不重复计入胜率。
2026-07-20,22:31:17,美股,CRM,"Salesforce, Inc.",stock,5,收盘：候选观察,当前 173.79,172.40-174.83,179.87-182.48,169.45,跌破观察区下沿、弱于基准、板块转弱或出现公告/新闻风险,79,30,收盘前仍强于基准且无事件风险时，才进入隔夜观察,企业软件；相对基准 1.6635%。,中风险；业绩指引;估值,QQQ,已跳过,,,,,,重复观察,同一股票同一交易日的15分钟重复观察已去重，不重复计入胜率。
2026-07-20,22:46:26,美股,MSFT,Microsoft Corporation,stock,1,收盘：强势观察,当前 402.29,399.07-404.70,416.37-422.40,392.23,跌破观察区下沿、弱于基准、板块转弱或出现公告/新闻风险,86,65,收盘前仍强于基准且无事件风险时，才进入隔夜观察,AI云/软件；相对基准 2.0457%。,中风险；监管;财报;AI资本开支担忧,QQQ,已复盘,398.80,398.70,-0.87%,-0.89%,数据不足,失败,模拟买入后收盘或相对表现不足，降低该条件权重。
2026-07-20,22:46:26,美股,AMZN,"Amazon.com, Inc.",stock,2,收盘：强势观察,当前 249.99,247.99-251.49,258.74-262.49,243.74,跌破观察区下沿、弱于基准、板块转弱或出现公告/新闻风险,83,65,收盘前仍强于基准且无事件风险时，才进入隔夜观察,云/电商/AI资本开支；相对基准 1.0114%。,中风险；利润率;资本开支;消费,QQQ,已复盘,249.12,247.63,-0.35%,-0.94%,数据不足,未触发,模拟执行未进入买入观察区，不计入胜率；继续检验观察区是否过窄。
2026-07-20,22:46:26,美股,AVGO,Broadcom Inc.,stock,3,收盘：强势观察,当前 378.16,375.13-380.43,391.40-397.07,368.71,跌破观察区下沿、弱于基准、板块转弱或出现公告/新闻风险,82,85,收盘前仍强于基准且无事件风险时，才进入隔夜观察,AI芯片/网络；相对基准 1.5647%。,中高风险；大客户预期;财报跳空;估值波动,SMH,已复盘,390.02,385.88,+3.14%,+2.04%,数据不足,未触发,模拟执行未进入买入观察区，不计入胜率；继续检验观察区是否过窄。
2026-07-20,22:46:26,美股,CRM,"Salesforce, Inc.",stock,4,收盘：候选观察,当前 173.79,172.40-174.83,179.87-182.48,169.45,跌破观察区下沿、弱于基准、板块转弱或出现公告/新闻风险,79,30,收盘前仍强于基准且无事件风险时，才进入隔夜观察,企业软件；相对基准 1.6635%。,中风险；业绩指引;估值,QQQ,已复盘,167.06,170.46,-3.87%,-1.92%,数据不足,未触发,模拟执行未进入买入观察区，不计入胜率；继续检验观察区是否过窄。
2026-07-20,22:46:26,美股,GOOGL,Alphabet Inc.,stock,5,收盘：候选观察,当前 351.99,349.17-354.10,364.31-369.59,343.19,跌破观察区下沿、弱于基准、板块转弱或出现公告/新闻风险,78,65,收盘前仍强于基准且无事件风险时，才进入隔夜观察,AI应用/广告/云；相对基准 1.4003%。,中风险；监管;广告周期;财报跳空,QQQ,已复盘,350.83,349.23,-0.33%,-0.78%,数据不足,失败,模拟买入后收盘或相对表现不足，降低该条件权重。
2026-07-21,15:00:49,美股,MU,"Micron Technology, Inc.",stock,1,盘中：高风险强势观察,当前 934.70,927.22-940.31,967.41-995.46,901.99,跌破观察区下沿、弱于基准、板块转弱或出现公告/新闻风险,86,65,收盘前仍强于基准且无事件风险时，才进入隔夜观察,存储芯片；相对基准 4.6505%。,高风险；周期波动;财报跳空;库存周期,SMH,已跳过,,,,,,重复观察,同一股票同一交易日的15分钟重复观察已去重，不重复计入胜率。
2026-07-21,15:00:49,美股,AMAT,"Applied Materials, Inc.",stock,2,盘中：强势观察,当前 561.95,557.45-565.32,581.61-590.04,547.90,跌破观察区下沿、弱于基准、板块转弱或出现公告/新闻风险,83,65,收盘前仍强于基准且无事件风险时，才进入隔夜观察,半导体设备；相对基准 3.5447%。,中风险；订单周期;财报风险,SMH,已跳过,,,,,,重复观察,同一股票同一交易日的15分钟重复观察已去重，不重复计入胜率。
2026-07-21,15:00:49,美股,ORCL,Oracle Corporation,stock,3,盘中：强势观察,当前 126.06,125.05-126.82,130.47-132.36,122.91,跌破观察区下沿、弱于基准、板块转弱或出现公告/新闻风险,82,65,收盘前仍强于基准且无事件风险时，才进入隔夜观察,云/数据库；相对基准 2.5182%。,中高风险；财报跳空;订单预期,QQQ,已跳过,,,,,,重复观察,同一股票同一交易日的15分钟重复观察已去重，不重复计入胜率。
2026-07-21,15:00:49,美股,TSM,Taiwan Semiconductor Manufacturing Company Limited,stock,4,盘中：候选观察,当前 416.68,413.34-419.18,431.26-437.51,406.26,跌破观察区下沿、弱于基准、板块转弱或出现公告/新闻风险,80,65,收盘前仍强于基准且无事件风险时，才进入隔夜观察,半导体制造；相对基准 0.2236%。,中风险；地缘风险;ADR汇率;客户集中,SMH,已跳过,,,,,,重复观察,同一股票同一交易日的15分钟重复观察已去重，不重复计入胜率。
2026-07-21,15:00:49,美股,ASML,ASML Holding N.V.,stock,5,盘中：候选观察,当前 1803.41,1788.99-1814.24,1866.53-1893.59,1758.33,跌破观察区下沿、弱于基准、板块转弱或出现公告/新闻风险,79,65,收盘前仍强于基准且无事件风险时，才进入隔夜观察,半导体设备；相对基准 0.353%。,中风险；出口限制;订单周期;欧洲ADR波动,SMH,已跳过,,,,,,重复观察,同一股票同一交易日的15分钟重复观察已去重，不重复计入胜率。
2026-07-21,15:15:51,美股,AMAT,"Applied Materials, Inc.",stock,1,盘中：强势观察,当前 561.78,557.29-565.15,581.44-589.87,547.74,跌破观察区下沿、弱于基准、板块转弱或出现公告/新闻风险,83,65,收盘前仍强于基准且无事件风险时，才进入隔夜观察,半导体设备；相对基准 4.1853%。,中风险；订单周期;财报风险,SMH,已跳过,,,,,,重复观察,同一股票同一交易日的15分钟重复观察已去重，不重复计入胜率。
2026-07-21,15:15:51,美股,MU,"Micron Technology, Inc.",stock,2,盘中：候选观察,当前 917.08,909.74-922.58,949.18-976.69,884.98,跌破观察区下沿、弱于基准、板块转弱或出现公告/新闻风险,79,65,收盘前仍强于基准且无事件风险时，才进入隔夜观察,存储芯片；相对基准 3.2867%。,高风险；周期波动;财报跳空;库存周期,SMH,已跳过,,,,,,重复观察,同一股票同一交易日的15分钟重复观察已去重，不重复计入胜率。
2026-07-21,15:15:51,美股,ORCL,Oracle Corporation,stock,3,盘中：候选观察,当前 124.95,123.95-125.70,129.32-131.20,121.83,跌破观察区下沿、弱于基准、板块转弱或出现公告/新闻风险,79,65,收盘前仍强于基准且无事件风险时，才进入隔夜观察,云/数据库；相对基准 1.9161%。,中高风险；财报跳空;订单预期,QQQ,已跳过,,,,,,重复观察,同一股票同一交易日的15分钟重复观察已去重，不重复计入胜率。
2026-07-21,15:15:51,美股,TSM,Taiwan Semiconductor Manufacturing Company Limited,stock,4,盘中：候选观察,当前 414.59,411.27-417.08,429.10-435.32,404.23,跌破观察区下沿、弱于基准、板块转弱或出现公告/新闻风险,77,65,收盘前仍强于基准且无事件风险时，才进入隔夜观察,半导体制造；相对基准 0.377%。,中风险；地缘风险;ADR汇率;客户集中,SMH,已跳过,,,,,,重复观察,同一股票同一交易日的15分钟重复观察已去重，不重复计入胜率。
2026-07-21,15:15:51,美股,AMD,"Advanced Micro Devices, Inc.",stock,5,盘中：候选观察,当前 525.07,520.87-528.22,543.45-559.20,506.69,跌破观察区下沿、弱于基准、板块转弱或出现公告/新闻风险,76,65,收盘前仍强于基准且无事件风险时，才进入隔夜观察,AI GPU/半导体；相对基准 1.5916%。,高风险；高波动;产品预期;相对弱势风险,SMH,已跳过,,,,,,重复观察,同一股票同一交易日的15分钟重复观察已去重，不重复计入胜率。
2026-07-21,15:30:57,美股,AMAT,"Applied Materials, Inc.",stock,1,盘中：强势观察,当前 565.71,561.18-569.10,585.51-594.00,551.57,跌破观察区下沿、弱于基准、板块转弱或出现公告/新闻风险,89,65,收盘前仍强于基准且无事件风险时，才进入隔夜观察,半导体设备；相对基准 4.2225%。,中风险；订单周期;财报风险,SMH,已跳过,,,,,,重复观察,同一股票同一交易日的15分钟重复观察已去重，不重复计入胜率。
2026-07-21,15:30:57,美股,AMD,"Advanced Micro Devices, Inc.",stock,2,盘中：高风险强势观察,当前 532.15,527.89-535.34,550.78-566.74,513.52,跌破观察区下沿、弱于基准、板块转弱或出现公告/新闻风险,84,65,收盘前仍强于基准且无事件风险时，才进入隔夜观察,AI GPU/半导体；相对基准 2.2872%。,高风险；高波动;产品预期;相对弱势风险,SMH,已跳过,,,,,,重复观察,同一股票同一交易日的15分钟重复观察已去重，不重复计入胜率。
2026-07-21,15:30:57,美股,MU,"Micron Technology, Inc.",stock,3,盘中：高风险强势观察,当前 929.48,922.05-935.06,962.01-989.90,896.95,跌破观察区下沿、弱于基准、板块转弱或出现公告/新闻风险,84,65,收盘前仍强于基准且无事件风险时，才进入隔夜观察,存储芯片；相对基准 4.0092%。,高风险；周期波动;财报跳空;库存周期,SMH,已跳过,,,,,,重复观察,同一股票同一交易日的15分钟重复观察已去重，不重复计入胜率。
2026-07-21,15:30:57,美股,ORCL,Oracle Corporation,stock,4,盘中：强势观察,当前 125.76,124.75-126.51,130.16-132.05,122.62,跌破观察区下沿、弱于基准、板块转弱或出现公告/新闻风险,82,65,收盘前仍强于基准且无事件风险时，才进入隔夜观察,云/数据库；相对基准 2.1216%。,中高风险；财报跳空;订单预期,QQQ,已跳过,,,,,,重复观察,同一股票同一交易日的15分钟重复观察已去重，不重复计入胜率。
2026-07-21,15:30:57,美股,TSM,Taiwan Semiconductor Manufacturing Company Limited,stock,5,盘中：候选观察,当前 418.18,414.83-420.69,432.82-439.09,407.73,跌破观察区下沿、弱于基准、板块转弱或出现公告/新闻风险,81,65,收盘前仍强于基准且无事件风险时，才进入隔夜观察,半导体制造；相对基准 0.559%。,中风险；地缘风险;ADR汇率;客户集中,SMH,已跳过,,,,,,重复观察,同一股票同一交易日的15分钟重复观察已去重，不重复计入胜率。
2026-07-21,15:46:12,美股,AMAT,"Applied Materials, Inc.",stock,1,盘中：强势观察,当前 565.87,561.34-569.27,585.68-594.16,551.72,跌破观察区下沿、弱于基准、板块转弱或出现公告/新闻风险,89,65,收盘前仍强于基准且无事件风险时，才进入隔夜观察,半导体设备；相对基准 3.9415%。,中风险；订单周期;财报风险,SMH,已跳过,,,,,,重复观察,同一股票同一交易日的15分钟重复观察已去重，不重复计入胜率。
2026-07-21,15:46:12,美股,MU,"Micron Technology, Inc.",stock,2,盘中：高风险强势观察,当前 937.83,930.33-943.46,970.65-998.79,905.01,跌破观察区下沿、弱于基准、板块转弱或出现公告/新闻风险,87,65,收盘前仍强于基准且无事件风险时，才进入隔夜观察,存储芯片；相对基准 4.6623%。,高风险；周期波动;财报跳空;库存周期,SMH,已跳过,,,,,,重复观察,同一股票同一交易日的15分钟重复观察已去重，不重复计入胜率。
2026-07-21,15:46:12,美股,ORCL,Oracle Corporation,stock,3,盘中：强势观察,当前 125.09,124.09-125.85,129.47-131.35,121.97,跌破观察区下沿、弱于基准、板块转弱或出现公告/新闻风险,86,65,收盘前仍强于基准且无事件风险时，才进入隔夜观察,云/数据库；相对基准 1.4645%。,中高风险；财报跳空;订单预期,QQQ,已跳过,,,,,,重复观察,同一股票同一交易日的15分钟重复观察已去重，不重复计入胜率。
2026-07-21,15:46:12,美股,TSM,Taiwan Semiconductor Manufacturing Company Limited,stock,4,盘中：强势观察,当前 418.83,415.48-421.34,433.49-439.77,408.36,跌破观察区下沿、弱于基准、板块转弱或出现公告/新闻风险,83,65,收盘前仍强于基准且无事件风险时，才进入隔夜观察,半导体制造；相对基准 0.4084%。,中风险；地缘风险;ADR汇率;客户集中,SMH,已跳过,,,,,,重复观察,同一股票同一交易日的15分钟重复观察已去重，不重复计入胜率。
2026-07-21,15:46:12,美股,AMD,"Advanced Micro Devices, Inc.",stock,5,盘中：候选观察,当前 529.85,525.61-533.03,548.39-564.29,511.31,跌破观察区下沿、弱于基准、板块转弱或出现公告/新闻风险,81,65,收盘前仍强于基准且无事件风险时，才进入隔夜观察,AI GPU/半导体；相对基准 1.519%。,高风险；高波动;产品预期;相对弱势风险,SMH,已跳过,,,,,,重复观察,同一股票同一交易日的15分钟重复观察已去重，不重复计入胜率。
2026-07-21,16:00:50,美股,MU,"Micron Technology, Inc.",stock,1,盘中：高风险强势观察,当前 947.76,940.18-953.45,980.93-1009.36,914.59,跌破观察区下沿、弱于基准、板块转弱或出现公告/新闻风险,87,65,收盘前仍强于基准且无事件风险时，才进入隔夜观察,存储芯片；相对基准 5.8303%。,高风险；周期波动;财报跳空;库存周期,SMH,已跳过,,,,,,重复观察,同一股票同一交易日的15分钟重复观察已去重，不重复计入胜率。
2026-07-21,16:00:50,美股,AMAT,"Applied Materials, Inc.",stock,2,盘中：强势观察,当前 563.90,559.39-567.28,583.64-592.10,549.80,跌破观察区下沿、弱于基准、板块转弱或出现公告/新闻风险,87,65,收盘前仍强于基准且无事件风险时，才进入隔夜观察,半导体设备；相对基准 3.5874%。,中风险；订单周期;财报风险,SMH,已跳过,,,,,,重复观察,同一股票同一交易日的15分钟重复观察已去重，不重复计入胜率。
2026-07-21,16:00:50,美股,TSM,Taiwan Semiconductor Manufacturing Company Limited,stock,3,盘中：强势观察,当前 419.23,415.88-421.75,433.90-440.19,408.75,跌破观察区下沿、弱于基准、板块转弱或出现公告/新闻风险,83,65,收盘前仍强于基准且无事件风险时，才进入隔夜观察,半导体制造；相对基准 0.5292%。,中风险；地缘风险;ADR汇率;客户集中,SMH,已跳过,,,,,,重复观察,同一股票同一交易日的15分钟重复观察已去重，不重复计入胜率。
2026-07-21,16:00:50,美股,ASML,ASML Holding N.V.,stock,4,盘中：强势观察,当前 1806.86,1792.41-1817.70,1870.10-1897.20,1761.69,跌破观察区下沿、弱于基准、板块转弱或出现公告/新闻风险,83,65,收盘前仍强于基准且无事件风险时，才进入隔夜观察,半导体设备；相对基准 0.2219%。,中风险；出口限制;订单周期;欧洲ADR波动,SMH,已跳过,,,,,,重复观察,同一股票同一交易日的15分钟重复观察已去重，不重复计入胜率。
2026-07-21,16:00:50,美股,ORCL,Oracle Corporation,stock,5,盘中：强势观察,当前 124.86,123.87-125.61,129.24-131.11,121.74,跌破观察区下沿、弱于基准、板块转弱或出现公告/新闻风险,83,65,收盘前仍强于基准且无事件风险时，才进入隔夜观察,云/数据库；相对基准 1.2908%。,中高风险；财报跳空;订单预期,QQQ,已跳过,,,,,,重复观察,同一股票同一交易日的15分钟重复观察已去重，不重复计入胜率。
2026-07-21,16:16:21,美股,AMAT,"Applied Materials, Inc.",stock,1,盘中：强势观察,当前 569.39,564.84-572.81,589.32-597.86,555.16,跌破观察区下沿、弱于基准、板块转弱或出现公告/新闻风险,89,65,收盘前仍强于基准且无事件风险时，才进入隔夜观察,半导体设备；相对基准 4.044%。,中风险；订单周期;财报风险,SMH,已跳过,,,,,,重复观察,同一股票同一交易日的15分钟重复观察已去重，不重复计入胜率。
2026-07-21,16:16:21,美股,MU,"Micron Technology, Inc.",stock,2,盘中：高风险强势观察,当前 952.72,945.10-958.44,986.07-1014.65,919.37,跌破观察区下沿、弱于基准、板块转弱或出现公告/新闻风险,87,65,收盘前仍强于基准且无事件风险时，才进入隔夜观察,存储芯片；相对基准 5.8147%。,高风险；周期波动;财报跳空;库存周期,SMH,已跳过,,,,,,重复观察,同一股票同一交易日的15分钟重复观察已去重，不重复计入胜率。
2026-07-21,16:16:21,美股,AMD,"Advanced Micro Devices, Inc.",stock,3,盘中：高风险强势观察,当前 535.41,531.13-538.63,554.15-570.22,516.68,跌破观察区下沿、弱于基准、板块转弱或出现公告/新闻风险,84,65,收盘前仍强于基准且无事件风险时，才进入隔夜观察,AI GPU/半导体；相对基准 2.056%。,高风险；高波动;产品预期;相对弱势风险,SMH,已跳过,,,,,,重复观察,同一股票同一交易日的15分钟重复观察已去重，不重复计入胜率。
2026-07-21,16:16:21,美股,TSM,Taiwan Semiconductor Manufacturing Company Limited,stock,4,盘中：强势观察,当前 420.60,417.24-423.12,435.32-441.63,410.09,跌破观察区下沿、弱于基准、板块转弱或出现公告/新闻风险,83,65,收盘前仍强于基准且无事件风险时，才进入隔夜观察,半导体制造；相对基准 0.281%。,中风险；地缘风险;ADR汇率;客户集中,SMH,已跳过,,,,,,重复观察,同一股票同一交易日的15分钟重复观察已去重，不重复计入胜率。
2026-07-21,16:16:21,美股,ASML,ASML Holding N.V.,stock,5,盘中：强势观察,当前 1818.46,1803.91-1829.37,1882.11-1909.38,1773.00,跌破观察区下沿、弱于基准、板块转弱或出现公告/新闻风险,83,65,收盘前仍强于基准且无事件风险时，才进入隔夜观察,半导体设备；相对基准 0.3003%。,中风险；出口限制;订单周期;欧洲ADR波动,SMH,已跳过,,,,,,重复观察,同一股票同一交易日的15分钟重复观察已去重，不重复计入胜率。
2026-07-21,16:30:58,美股,AMAT,"Applied Materials, Inc.",stock,1,盘中：强势观察,当前 567.90,563.36-571.31,587.78-596.29,553.70,跌破观察区下沿、弱于基准、板块转弱或出现公告/新闻风险,89,65,收盘前仍强于基准且无事件风险时，才进入隔夜观察,半导体设备；相对基准 3.7918%。,中风险；订单周期;财报风险,SMH,已跳过,,,,,,重复观察,同一股票同一交易日的15分钟重复观察已去重，不重复计入胜率。
2026-07-21,16:30:58,美股,MU,"Micron Technology, Inc.",stock,2,盘中：高风险强势观察,当前 953.77,946.14-959.49,987.15-1015.77,920.39,跌破观察区下沿、弱于基准、板块转弱或出现公告/新闻风险,87,65,收盘前仍强于基准且无事件风险时，才进入隔夜观察,存储芯片；相对基准 5.9682%。,高风险；周期波动;财报跳空;库存周期,SMH,已跳过,,,,,,重复观察,同一股票同一交易日的15分钟重复观察已去重，不重复计入胜率。
2026-07-21,16:30:58,美股,ORCL,Oracle Corporation,stock,3,盘中：强势观察,当前 125.16,124.16-125.91,129.54-131.42,122.03,跌破观察区下沿、弱于基准、板块转弱或出现公告/新闻风险,86,65,收盘前仍强于基准且无事件风险时，才进入隔夜观察,云/数据库；相对基准 1.3126%。,中高风险；财报跳空;订单预期,QQQ,已跳过,,,,,,重复观察,同一股票同一交易日的15分钟重复观察已去重，不重复计入胜率。
2026-07-21,16:30:58,美股,ASML,ASML Holding N.V.,stock,4,盘中：强势观察,当前 1818.90,1804.35-1829.81,1882.56-1909.85,1773.43,跌破观察区下沿、弱于基准、板块转弱或出现公告/新闻风险,85,65,收盘前仍强于基准且无事件风险时，才进入隔夜观察,半导体设备；相对基准 0.3578%。,中风险；出口限制;订单周期;欧洲ADR波动,SMH,已跳过,,,,,,重复观察,同一股票同一交易日的15分钟重复观察已去重，不重复计入胜率。
2026-07-21,16:30:58,美股,AMD,"Advanced Micro Devices, Inc.",stock,5,盘中：高风险强势观察,当前 534.77,530.49-537.98,553.49-569.53,516.05,跌破观察区下沿、弱于基准、板块转弱或出现公告/新闻风险,84,65,收盘前仍强于基准且无事件风险时，才进入隔夜观察,AI GPU/半导体；相对基准 1.96%。,高风险；高波动;产品预期;相对弱势风险,SMH,已跳过,,,,,,重复观察,同一股票同一交易日的15分钟重复观察已去重，不重复计入胜率。
2026-07-21,16:45:58,美股,MU,"Micron Technology, Inc.",stock,1,盘中：高风险强势观察,当前 952.23,944.61-957.94,985.55-1014.12,918.90,跌破观察区下沿、弱于基准、板块转弱或出现公告/新闻风险,87,65,收盘前仍强于基准且无事件风险时，才进入隔夜观察,存储芯片；相对基准 6.076%。,高风险；周期波动;财报跳空;库存周期,SMH,已跳过,,,,,,重复观察,同一股票同一交易日的15分钟重复观察已去重，不重复计入胜率。
2026-07-21,16:45:58,美股,AMAT,"Applied Materials, Inc.",stock,2,盘中：强势观察,当前 562.91,558.41-566.29,582.61-591.06,548.84,跌破观察区下沿、弱于基准、板块转弱或出现公告/新闻风险,86,65,收盘前仍强于基准且无事件风险时，才进入隔夜观察,半导体设备；相对基准 3.1289%。,中风险；订单周期;财报风险,SMH,已跳过,,,,,,重复观察,同一股票同一交易日的15分钟重复观察已去重，不重复计入胜率。
2026-07-21,16:45:58,美股,ORCL,Oracle Corporation,stock,3,盘中：强势观察,当前 125.23,124.23-125.98,129.61-131.49,122.10,跌破观察区下沿、弱于基准、板块转弱或出现公告/新闻风险,86,65,收盘前仍强于基准且无事件风险时，才进入隔夜观察,云/数据库；相对基准 1.4896%。,中高风险；财报跳空;订单预期,QQQ,已跳过,,,,,,重复观察,同一股票同一交易日的15分钟重复观察已去重，不重复计入胜率。
2026-07-21,16:45:58,美股,AMD,"Advanced Micro Devices, Inc.",stock,4,盘中：高风险强势观察,当前 534.19,529.92-537.40,552.89-568.91,515.49,跌破观察区下沿、弱于基准、板块转弱或出现公告/新闻风险,84,65,收盘前仍强于基准且无事件风险时，才进入隔夜观察,AI GPU/半导体；相对基准 2.1313%。,高风险；高波动;产品预期;相对弱势风险,SMH,已跳过,,,,,,重复观察,同一股票同一交易日的15分钟重复观察已去重，不重复计入胜率。
2026-07-21,16:45:58,美股,ASML,ASML Holding N.V.,stock,5,盘中：强势观察,当前 1813.43,1798.92-1824.31,1876.90-1904.10,1768.09,跌破观察区下沿、弱于基准、板块转弱或出现公告/新闻风险,83,65,收盘前仍强于基准且无事件风险时，才进入隔夜观察,半导体设备；相对基准 0.3295%。,中风险；出口限制;订单周期;欧洲ADR波动,SMH,已跳过,,,,,,重复观察,同一股票同一交易日的15分钟重复观察已去重，不重复计入胜率。
2026-07-21,17:01:02,美股,MU,"Micron Technology, Inc.",stock,1,盘中：高风险强势观察,当前 953.27,945.65-958.99,986.64-1015.24,919.91,跌破观察区下沿、弱于基准、板块转弱或出现公告/新闻风险,87,65,收盘前仍强于基准且无事件风险时，才进入隔夜观察,存储芯片；相对基准 6.1472%。,高风险；周期波动;财报跳空;库存周期,SMH,已跳过,,,,,,重复观察,同一股票同一交易日的15分钟重复观察已去重，不重复计入胜率。
2026-07-21,17:01:02,美股,ORCL,Oracle Corporation,stock,2,盘中：强势观察,当前 125.13,124.13-125.88,129.51-131.39,122.00,跌破观察区下沿、弱于基准、板块转弱或出现公告/新闻风险,86,65,收盘前仍强于基准且无事件风险时，才进入隔夜观察,云/数据库；相对基准 1.3942%。,中高风险；财报跳空;订单预期,QQQ,已跳过,,,,,,重复观察,同一股票同一交易日的15分钟重复观察已去重，不重复计入胜率。
2026-07-21,17:01:02,美股,AMD,"Advanced Micro Devices, Inc.",stock,3,盘中：高风险强势观察,当前 532.25,527.99-535.44,550.88-566.85,513.62,跌破观察区下沿、弱于基准、板块转弱或出现公告/新闻风险,84,65,收盘前仍强于基准且无事件风险时，才进入隔夜观察,AI GPU/半导体；相对基准 1.6959%。,高风险；高波动;产品预期;相对弱势风险,SMH,已跳过,,,,,,重复观察,同一股票同一交易日的15分钟重复观察已去重，不重复计入胜率。
2026-07-21,17:01:02,美股,TSM,Taiwan Semiconductor Manufacturing Company Limited,stock,4,盘中：强势观察,当前 419.90,416.55-422.42,434.60-440.90,409.41,跌破观察区下沿、弱于基准、板块转弱或出现公告/新闻风险,83,65,收盘前仍强于基准且无事件风险时，才进入隔夜观察,半导体制造；相对基准 0.3767%。,中风险；地缘风险;ADR汇率;客户集中,SMH,已跳过,,,,,,重复观察,同一股票同一交易日的15分钟重复观察已去重，不重复计入胜率。
2026-07-21,17:01:02,美股,ASML,ASML Holding N.V.,stock,5,盘中：强势观察,当前 1810.97,1796.49-1821.84,1874.36-1901.52,1765.70,跌破观察区下沿、弱于基准、板块转弱或出现公告/新闻风险,83,65,收盘前仍强于基准且无事件风险时，才进入隔夜观察,半导体设备；相对基准 0.1383%。,中风险；出口限制;订单周期;欧洲ADR波动,SMH,已跳过,,,,,,重复观察,同一股票同一交易日的15分钟重复观察已去重，不重复计入胜率。
2026-07-21,17:15:59,美股,AMAT,"Applied Materials, Inc.",stock,1,盘中：强势观察,当前 565.14,560.62-568.53,584.92-593.40,551.01,跌破观察区下沿、弱于基准、板块转弱或出现公告/新闻风险,88,65,收盘前仍强于基准且无事件风险时，才进入隔夜观察,半导体设备；相对基准 3.1916%。,中风险；订单周期;财报风险,SMH,已跳过,,,,,,重复观察,同一股票同一交易日的15分钟重复观察已去重，不重复计入胜率。
2026-07-21,17:15:59,美股,MU,"Micron Technology, Inc.",stock,2,盘中：高风险强势观察,当前 969.64,961.88-975.46,1003.58-1032.67,935.70,跌破观察区下沿、弱于基准、板块转弱或出现公告/新闻风险,87,65,收盘前仍强于基准且无事件风险时，才进入隔夜观察,存储芯片；相对基准 7.7267%。,高风险；周期波动;财报跳空;库存周期,SMH,已跳过,,,,,,重复观察,同一股票同一交易日的15分钟重复观察已去重，不重复计入胜率。
2026-07-21,17:15:59,美股,ORCL,Oracle Corporation,stock,3,盘中：强势观察,当前 125.23,124.23-125.98,129.61-131.49,122.10,跌破观察区下沿、弱于基准、板块转弱或出现公告/新闻风险,86,65,收盘前仍强于基准且无事件风险时，才进入隔夜观察,云/数据库；相对基准 1.3143%。,中高风险；财报跳空;订单预期,QQQ,已跳过,,,,,,重复观察,同一股票同一交易日的15分钟重复观察已去重，不重复计入胜率。
2026-07-21,17:15:59,美股,AMD,"Advanced Micro Devices, Inc.",stock,4,盘中：高风险强势观察,当前 534.12,529.85-537.32,552.81-568.84,515.43,跌破观察区下沿、弱于基准、板块转弱或出现公告/新闻风险,84,65,收盘前仍强于基准且无事件风险时，才进入隔夜观察,AI GPU/半导体；相对基准 1.7559%。,高风险；高波动;产品预期;相对弱势风险,SMH,已跳过,,,,,,重复观察,同一股票同一交易日的15分钟重复观察已去重，不重复计入胜率。
2026-07-21,17:15:59,美股,TSM,Taiwan Semiconductor Manufacturing Company Limited,stock,5,盘中：强势观察,当前 421.56,418.19-424.09,436.32-442.64,411.03,跌破观察区下沿、弱于基准、板块转弱或出现公告/新闻风险,83,65,收盘前仍强于基准且无事件风险时，才进入隔夜观察,半导体制造；相对基准 0.4779%。,中风险；地缘风险;ADR汇率;客户集中,SMH,已跳过,,,,,,重复观察,同一股票同一交易日的15分钟重复观察已去重，不重复计入胜率。
2026-07-21,17:31:00,美股,AMAT,"Applied Materials, Inc.",stock,1,盘中：强势观察,当前 568.39,563.84-571.80,588.28-596.81,554.18,跌破观察区下沿、弱于基准、板块转弱或出现公告/新闻风险,89,65,收盘前仍强于基准且无事件风险时，才进入隔夜观察,半导体设备；相对基准 3.783%。,中风险；订单周期;财报风险,SMH,已跳过,,,,,,重复观察,同一股票同一交易日的15分钟重复观察已去重，不重复计入胜率。
2026-07-21,17:31:00,美股,MU,"Micron Technology, Inc.",stock,2,盘中：高风险强势观察,当前 970.50,962.74-976.32,1004.47-1033.58,936.53,跌破观察区下沿、弱于基准、板块转弱或出现公告/新闻风险,87,65,收盘前仍强于基准且无事件风险时，才进入隔夜观察,存储芯片；相对基准 7.7993%。,高风险；周期波动;财报跳空;库存周期,SMH,已跳过,,,,,,重复观察,同一股票同一交易日的15分钟重复观察已去重，不重复计入胜率。
2026-07-21,17:31:00,美股,ORCL,Oracle Corporation,stock,3,盘中：强势观察,当前 125.19,124.19-125.94,129.57-131.45,122.06,跌破观察区下沿、弱于基准、板块转弱或出现公告/新闻风险,86,65,收盘前仍强于基准且无事件风险时，才进入隔夜观察,云/数据库；相对基准 1.3057%。,中高风险；财报跳空;订单预期,QQQ,已跳过,,,,,,重复观察,同一股票同一交易日的15分钟重复观察已去重，不重复计入胜率。
2026-07-21,17:31:00,美股,ASML,ASML Holding N.V.,stock,4,盘中：强势观察,当前 1819.26,1804.71-1830.18,1882.93-1910.22,1773.78,跌破观察区下沿、弱于基准、板块转弱或出现公告/新闻风险,85,65,收盘前仍强于基准且无事件风险时，才进入隔夜观察,半导体设备；相对基准 0.2765%。,中风险；出口限制;订单周期;欧洲ADR波动,SMH,已跳过,,,,,,重复观察,同一股票同一交易日的15分钟重复观察已去重，不重复计入胜率。
2026-07-21,17:31:00,美股,AMD,"Advanced Micro Devices, Inc.",stock,5,盘中：高风险强势观察,当前 537.62,533.32-540.85,556.44-572.57,518.81,跌破观察区下沿、弱于基准、板块转弱或出现公告/新闻风险,84,65,收盘前仍强于基准且无事件风险时，才进入隔夜观察,AI GPU/半导体；相对基准 2.4251%。,高风险；高波动;产品预期;相对弱势风险,SMH,已跳过,,,,,,重复观察,同一股票同一交易日的15分钟重复观察已去重，不重复计入胜率。
2026-07-21,17:46:14,美股,AMAT,"Applied Materials, Inc.",stock,1,盘中：强势观察,当前 569.96,565.40-573.37,589.90-598.45,555.71,跌破观察区下沿、弱于基准、板块转弱或出现公告/新闻风险,89,65,收盘前仍强于基准且无事件风险时，才进入隔夜观察,半导体设备；相对基准 4.0216%。,中风险；订单周期;财报风险,SMH,已跳过,,,,,,重复观察,同一股票同一交易日的15分钟重复观察已去重，不重复计入胜率。
2026-07-21,17:46:14,美股,MU,"Micron Technology, Inc.",stock,2,盘中：高风险强势观察,当前 974.00,966.21-979.85,1008.10-1037.32,939.91,跌破观察区下沿、弱于基准、板块转弱或出现公告/新闻风险,87,65,收盘前仍强于基准且无事件风险时，才进入隔夜观察,存储芯片；相对基准 8.1452%。,高风险；周期波动;财报跳空;库存周期,SMH,已跳过,,,,,,重复观察,同一股票同一交易日的15分钟重复观察已去重，不重复计入胜率。
2026-07-21,17:46:14,美股,ORCL,Oracle Corporation,stock,3,盘中：强势观察,当前 126.28,125.26-127.03,130.69-132.59,123.12,跌破观察区下沿、弱于基准、板块转弱或出现公告/新闻风险,86,65,收盘前仍强于基准且无事件风险时，才进入隔夜观察,云/数据库；相对基准 2.1837%。,中高风险；财报跳空;订单预期,QQQ,已跳过,,,,,,重复观察,同一股票同一交易日的15分钟重复观察已去重，不重复计入胜率。
2026-07-21,17:46:14,美股,AMD,"Advanced Micro Devices, Inc.",stock,4,盘中：高风险强势观察,当前 540.77,536.44-544.01,559.70-575.92,521.84,跌破观察区下沿、弱于基准、板块转弱或出现公告/新闻风险,84,65,收盘前仍强于基准且无事件风险时，才进入隔夜观察,AI GPU/半导体；相对基准 2.9906%。,高风险；高波动;产品预期;相对弱势风险,SMH,已跳过,,,,,,重复观察,同一股票同一交易日的15分钟重复观察已去重，不重复计入胜率。
2026-07-21,17:46:14,美股,TSM,Taiwan Semiconductor Manufacturing Company Limited,stock,5,盘中：强势观察,当前 422.51,419.13-425.05,437.30-443.64,411.95,跌破观察区下沿、弱于基准、板块转弱或出现公告/新闻风险,83,65,收盘前仍强于基准且无事件风险时，才进入隔夜观察,半导体制造；相对基准 0.6282%。,中风险；地缘风险;ADR汇率;客户集中,SMH,已跳过,,,,,,重复观察,同一股票同一交易日的15分钟重复观察已去重，不重复计入胜率。
2026-07-21,18:01:09,美股,AMAT,"Applied Materials, Inc.",stock,1,盘中：强势观察,当前 570.57,566.01-573.99,590.54-599.10,556.31,跌破观察区下沿、弱于基准、板块转弱或出现公告/新闻风险,91,65,收盘前仍强于基准且无事件风险时，才进入隔夜观察,半导体设备；相对基准 3.9883%。,中风险；订单周期;财报风险,SMH,已跳过,,,,,,重复观察,同一股票同一交易日的15分钟重复观察已去重，不重复计入胜率。
2026-07-21,18:01:09,美股,AMD,"Advanced Micro Devices, Inc.",stock,2,盘中：高风险强势观察,当前 542.25,537.91-545.50,561.23-577.50,523.27,跌破观察区下沿、弱于基准、板块转弱或出现公告/新闻风险,87,65,收盘前仍强于基准且无事件风险时，才进入隔夜观察,AI GPU/半导体；相对基准 3.1342%。,高风险；高波动;产品预期;相对弱势风险,SMH,已跳过,,,,,,重复观察,同一股票同一交易日的15分钟重复观察已去重，不重复计入胜率。
2026-07-21,18:01:09,美股,MU,"Micron Technology, Inc.",stock,3,盘中：高风险强势观察,当前 980.45,972.61-986.33,1014.77-1044.18,946.13,跌破观察区下沿、弱于基准、板块转弱或出现公告/新闻风险,87,65,收盘前仍强于基准且无事件风险时，才进入隔夜观察,存储芯片；相对基准 8.7396%。,高风险；周期波动;财报跳空;库存周期,SMH,已跳过,,,,,,重复观察,同一股票同一交易日的15分钟重复观察已去重，不重复计入胜率。
2026-07-21,18:01:09,美股,ORCL,Oracle Corporation,stock,4,盘中：强势观察,当前 126.24,125.23-127.00,130.66-132.55,123.08,跌破观察区下沿、弱于基准、板块转弱或出现公告/新闻风险,86,65,收盘前仍强于基准且无事件风险时，才进入隔夜观察,云/数据库；相对基准 2.0674%。,中高风险；财报跳空;订单预期,QQQ,已跳过,,,,,,重复观察,同一股票同一交易日的15分钟重复观察已去重，不重复计入胜率。
2026-07-21,18:01:09,美股,TSM,Taiwan Semiconductor Manufacturing Company Limited,stock,5,盘中：强势观察,当前 422.59,419.21-425.13,437.38-443.72,412.03,跌破观察区下沿、弱于基准、板块转弱或出现公告/新闻风险,83,65,收盘前仍强于基准且无事件风险时，才进入隔夜观察,半导体制造；相对基准 0.4965%。,中风险；地缘风险;ADR汇率;客户集中,SMH,已跳过,,,,,,重复观察,同一股票同一交易日的15分钟重复观察已去重，不重复计入胜率。
2026-07-21,18:16:00,美股,AMAT,"Applied Materials, Inc.",stock,1,盘中：强势观察,当前 570.85,566.29-574.28,590.83-599.40,556.58,跌破观察区下沿、弱于基准、板块转弱或出现公告/新闻风险,91,65,收盘前仍强于基准且无事件风险时，才进入隔夜观察,半导体设备；相对基准 3.9106%。,中风险；订单周期;财报风险,SMH,已跳过,,,,,,重复观察,同一股票同一交易日的15分钟重复观察已去重，不重复计入胜率。
2026-07-21,18:16:00,美股,MU,"Micron Technology, Inc.",stock,2,盘中：高风险强势观察,当前 976.25,968.44-982.10,1010.41-1039.70,942.08,跌破观察区下沿、弱于基准、板块转弱或出现公告/新闻风险,87,65,收盘前仍强于基准且无事件风险时，才进入隔夜观察,存储芯片；相对基准 8.1222%。,高风险；周期波动;财报跳空;库存周期,SMH,已跳过,,,,,,重复观察,同一股票同一交易日的15分钟重复观察已去重，不重复计入胜率。
2026-07-21,18:16:00,美股,ORCL,Oracle Corporation,stock,3,盘中：强势观察,当前 126.22,125.21-126.97,130.63-132.53,123.06,跌破观察区下沿、弱于基准、板块转弱或出现公告/新闻风险,86,65,收盘前仍强于基准且无事件风险时，才进入隔夜观察,云/数据库；相对基准 2.0784%。,中高风险；财报跳空;订单预期,QQQ,已跳过,,,,,,重复观察,同一股票同一交易日的15分钟重复观察已去重，不重复计入胜率。
2026-07-21,18:16:00,美股,ASML,ASML Holding N.V.,stock,4,盘中：强势观察,当前 1821.83,1807.26-1832.76,1885.59-1912.92,1776.28,跌破观察区下沿、弱于基准、板块转弱或出现公告/新闻风险,85,65,收盘前仍强于基准且无事件风险时，才进入隔夜观察,半导体设备；相对基准 0.0834%。,中风险；出口限制;订单周期;欧洲ADR波动,SMH,已复盘,1767.48,1803.14,-2.98%,-1.03%,数据不足,失败,模拟买入后收盘或相对表现不足，降低该条件权重。
2026-07-21,18:16:00,美股,AMD,"Advanced Micro Devices, Inc.",stock,5,盘中：高风险强势观察,当前 540.92,536.60-544.17,559.86-576.09,521.99,跌破观察区下沿、弱于基准、板块转弱或出现公告/新闻风险,84,65,收盘前仍强于基准且无事件风险时，才进入隔夜观察,AI GPU/半导体；相对基准 2.7395%。,高风险；高波动;产品预期;相对弱势风险,SMH,已跳过,,,,,,重复观察,同一股票同一交易日的15分钟重复观察已去重，不重复计入胜率。
2026-07-21,18:31:13,美股,AMAT,"Applied Materials, Inc.",stock,1,盘中：强势观察,当前 570.18,565.62-573.61,590.14-598.69,555.93,跌破观察区下沿、弱于基准、板块转弱或出现公告/新闻风险,89,65,收盘前仍强于基准且无事件风险时，才进入隔夜观察,半导体设备；相对基准 3.7362%。,中风险；订单周期;财报风险,SMH,已跳过,,,,,,重复观察,同一股票同一交易日的15分钟重复观察已去重，不重复计入胜率。
2026-07-21,18:31:13,美股,AMD,"Advanced Micro Devices, Inc.",stock,2,盘中：高风险强势观察,当前 544.25,539.90-547.52,563.30-579.63,525.20,跌破观察区下沿、弱于基准、板块转弱或出现公告/新闻风险,87,65,收盘前仍强于基准且无事件风险时，才进入隔夜观察,AI GPU/半导体；相对基准 3.3524%。,高风险；高波动;产品预期;相对弱势风险,SMH,已跳过,,,,,,重复观察,同一股票同一交易日的15分钟重复观察已去重，不重复计入胜率。
2026-07-21,18:31:13,美股,MU,"Micron Technology, Inc.",stock,3,盘中：高风险强势观察,当前 977.21,969.39-983.07,1011.41-1040.73,943.01,跌破观察区下沿、弱于基准、板块转弱或出现公告/新闻风险,87,65,收盘前仍强于基准且无事件风险时，才进入隔夜观察,存储芯片；相对基准 8.1863%。,高风险；周期波动;财报跳空;库存周期,SMH,已跳过,,,,,,重复观察,同一股票同一交易日的15分钟重复观察已去重，不重复计入胜率。
2026-07-21,18:31:13,美股,ORCL,Oracle Corporation,stock,4,盘中：强势观察,当前 125.84,124.83-126.60,130.24-132.13,122.69,跌破观察区下沿、弱于基准、板块转弱或出现公告/新闻风险,86,65,收盘前仍强于基准且无事件风险时，才进入隔夜观察,云/数据库；相对基准 1.7335%。,中高风险；财报跳空;订单预期,QQQ,已跳过,,,,,,重复观察,同一股票同一交易日的15分钟重复观察已去重，不重复计入胜率。
2026-07-21,18:31:13,美股,TSM,Taiwan Semiconductor Manufacturing Company Limited,stock,5,盘中：强势观察,当前 425.05,421.65-427.60,439.93-446.30,414.42,跌破观察区下沿、弱于基准、板块转弱或出现公告/新闻风险,85,65,收盘前仍强于基准且无事件风险时，才进入隔夜观察,半导体制造；相对基准 0.9291%。,中风险；地缘风险;ADR汇率;客户集中,SMH,已跳过,,,,,,重复观察,同一股票同一交易日的15分钟重复观察已去重，不重复计入胜率。
2026-07-21,18:46:00,美股,AMAT,"Applied Materials, Inc.",stock,1,盘中：强势观察,当前 567.77,563.23-571.18,587.65-596.16,553.58,跌破观察区下沿、弱于基准、板块转弱或出现公告/新闻风险,89,65,收盘前仍强于基准且无事件风险时，才进入隔夜观察,半导体设备；相对基准 3.3582%。,中风险；订单周期;财报风险,SMH,已跳过,,,,,,重复观察,同一股票同一交易日的15分钟重复观察已去重，不重复计入胜率。
2026-07-21,18:46:00,美股,AMD,"Advanced Micro Devices, Inc.",stock,2,盘中：高风险强势观察,当前 543.00,538.66-546.26,562.00-578.29,524.00,跌破观察区下沿、弱于基准、板块转弱或出现公告/新闻风险,87,65,收盘前仍强于基准且无事件风险时，才进入隔夜观察,AI GPU/半导体；相对基准 3.1847%。,高风险；高波动;产品预期;相对弱势风险,SMH,已跳过,,,,,,重复观察,同一股票同一交易日的15分钟重复观察已去重，不重复计入胜率。
2026-07-21,18:46:00,美股,MU,"Micron Technology, Inc.",stock,3,盘中：高风险强势观察,当前 973.17,965.38-979.01,1007.23-1036.42,939.11,跌破观察区下沿、弱于基准、板块转弱或出现公告/新闻风险,87,65,收盘前仍强于基准且无事件风险时，才进入隔夜观察,存储芯片；相对基准 7.7999%。,高风险；周期波动;财报跳空;库存周期,SMH,已跳过,,,,,,重复观察,同一股票同一交易日的15分钟重复观察已去重，不重复计入胜率。
2026-07-21,18:46:00,美股,ORCL,Oracle Corporation,stock,4,盘中：强势观察,当前 126.07,125.06-126.83,130.48-132.37,122.92,跌破观察区下沿、弱于基准、板块转弱或出现公告/新闻风险,86,65,收盘前仍强于基准且无事件风险时，才进入隔夜观察,云/数据库；相对基准 1.9531%。,中高风险；财报跳空;订单预期,QQQ,已跳过,,,,,,重复观察,同一股票同一交易日的15分钟重复观察已去重，不重复计入胜率。
2026-07-21,18:46:00,美股,TSM,Taiwan Semiconductor Manufacturing Company Limited,stock,5,盘中：强势观察,当前 424.29,420.90-426.84,439.14-445.50,413.68,跌破观察区下沿、弱于基准、板块转弱或出现公告/新闻风险,85,65,收盘前仍强于基准且无事件风险时，才进入隔夜观察,半导体制造；相对基准 0.8207%。,中风险；地缘风险;ADR汇率;客户集中,SMH,已跳过,,,,,,重复观察,同一股票同一交易日的15分钟重复观察已去重，不重复计入胜率。
2026-07-21,19:01:06,美股,AMAT,"Applied Materials, Inc.",stock,1,盘中：强势观察,当前 567.09,562.55-570.49,586.94-595.44,552.91,跌破观察区下沿、弱于基准、板块转弱或出现公告/新闻风险,89,65,收盘前仍强于基准且无事件风险时，才进入隔夜观察,半导体设备；相对基准 3.2511%。,中风险；订单周期;财报风险,SMH,已跳过,,,,,,重复观察,同一股票同一交易日的15分钟重复观察已去重，不重复计入胜率。
2026-07-21,19:01:06,美股,AMD,"Advanced Micro Devices, Inc.",stock,2,盘中：高风险强势观察,当前 542.77,538.43-546.03,561.77-578.05,523.77,跌破观察区下沿、弱于基准、板块转弱或出现公告/新闻风险,87,65,收盘前仍强于基准且无事件风险时，才进入隔夜观察,AI GPU/半导体；相对基准 3.1622%。,高风险；高波动;产品预期;相对弱势风险,SMH,已跳过,,,,,,重复观察,同一股票同一交易日的15分钟重复观察已去重，不重复计入胜率。
2026-07-21,19:01:06,美股,MU,"Micron Technology, Inc.",stock,3,盘中：高风险强势观察,当前 975.58,967.78-981.43,1009.73-1038.99,941.43,跌破观察区下沿、弱于基准、板块转弱或出现公告/新闻风险,87,65,收盘前仍强于基准且无事件风险时，才进入隔夜观察,存储芯片；相对基准 8.1017%。,高风险；周期波动;财报跳空;库存周期,SMH,已跳过,,,,,,重复观察,同一股票同一交易日的15分钟重复观察已去重，不重复计入胜率。
2026-07-21,19:01:06,美股,ORCL,Oracle Corporation,stock,4,盘中：强势观察,当前 127.16,126.14-127.92,131.61-133.52,123.98,跌破观察区下沿、弱于基准、板块转弱或出现公告/新闻风险,86,65,收盘前仍强于基准且无事件风险时，才进入隔夜观察,云/数据库；相对基准 2.8009%。,中高风险；财报跳空;订单预期,QQQ,已跳过,,,,,,重复观察,同一股票同一交易日的15分钟重复观察已去重，不重复计入胜率。
2026-07-21,19:01:06,美股,TSM,Taiwan Semiconductor Manufacturing Company Limited,stock,5,盘中：强势观察,当前 423.95,420.56-426.49,438.79-445.15,413.35,跌破观察区下沿、弱于基准、板块转弱或出现公告/新闻风险,85,65,收盘前仍强于基准且无事件风险时，才进入隔夜观察,半导体制造；相对基准 0.7594%。,中风险；地缘风险;ADR汇率;客户集中,SMH,已跳过,,,,,,重复观察,同一股票同一交易日的15分钟重复观察已去重，不重复计入胜率。
2026-07-21,19:16:02,美股,AMAT,"Applied Materials, Inc.",stock,1,盘中：强势观察,当前 568.92,564.37-572.33,588.83-597.37,554.70,跌破观察区下沿、弱于基准、板块转弱或出现公告/新闻风险,89,65,收盘前仍强于基准且无事件风险时，才进入隔夜观察,半导体设备；相对基准 3.6583%。,中风险；订单周期;财报风险,SMH,已跳过,,,,,,重复观察,同一股票同一交易日的15分钟重复观察已去重，不重复计入胜率。
2026-07-21,19:16:02,美股,MU,"Micron Technology, Inc.",stock,2,盘中：高风险强势观察,当前 976.76,968.95-982.62,1010.95-1040.25,942.57,跌破观察区下沿、弱于基准、板块转弱或出现公告/新闻风险,87,65,收盘前仍强于基准且无事件风险时，才进入隔夜观察,存储芯片；相对基准 8.2971%。,高风险；周期波动;财报跳空;库存周期,SMH,已跳过,,,,,,重复观察,同一股票同一交易日的15分钟重复观察已去重，不重复计入胜率。
2026-07-21,19:16:02,美股,ORCL,Oracle Corporation,stock,3,盘中：强势观察,当前 126.50,125.48-127.25,130.92-132.82,123.33,跌破观察区下沿、弱于基准、板块转弱或出现公告/新闻风险,86,65,收盘前仍强于基准且无事件风险时，才进入隔夜观察,云/数据库；相对基准 2.286%。,中高风险；财报跳空;订单预期,QQQ,已跳过,,,,,,重复观察,同一股票同一交易日的15分钟重复观察已去重，不重复计入胜率。
2026-07-21,19:16:02,美股,TSM,Taiwan Semiconductor Manufacturing Company Limited,stock,4,盘中：强势观察,当前 423.55,420.16-426.09,438.37-444.73,412.96,跌破观察区下沿、弱于基准、板块转弱或出现公告/新闻风险,85,65,收盘前仍强于基准且无事件风险时，才进入隔夜观察,半导体制造；相对基准 0.719%。,中风险；地缘风险;ADR汇率;客户集中,SMH,已跳过,,,,,,重复观察,同一股票同一交易日的15分钟重复观察已去重，不重复计入胜率。
2026-07-21,19:16:02,美股,AMD,"Advanced Micro Devices, Inc.",stock,5,盘中：高风险强势观察,当前 541.60,537.27-544.85,560.56-576.80,522.64,跌破观察区下沿、弱于基准、板块转弱或出现公告/新闻风险,84,65,收盘前仍强于基准且无事件风险时，才进入隔夜观察,AI GPU/半导体；相对基准 2.989%。,高风险；高波动;产品预期;相对弱势风险,SMH,已跳过,,,,,,重复观察,同一股票同一交易日的15分钟重复观察已去重，不重复计入胜率。
2026-07-21,19:31:24,美股,AMAT,"Applied Materials, Inc.",stock,1,盘中：强势观察,当前 566.24,561.71-569.64,586.06-594.55,552.08,跌破观察区下沿、弱于基准、板块转弱或出现公告/新闻风险,88,65,收盘前仍强于基准且无事件风险时，才进入隔夜观察,半导体设备；相对基准 3.2451%。,中风险；订单周期;财报风险,SMH,已跳过,,,,,,重复观察,同一股票同一交易日的15分钟重复观察已去重，不重复计入胜率。
2026-07-21,19:31:24,美股,AMD,"Advanced Micro Devices, Inc.",stock,2,盘中：高风险强势观察,当前 542.62,538.27-545.87,561.61-577.88,523.62,跌破观察区下沿、弱于基准、板块转弱或出现公告/新闻风险,87,65,收盘前仍强于基准且无事件风险时，才进入隔夜观察,AI GPU/半导体；相对基准 3.2871%。,高风险；高波动;产品预期;相对弱势风险,SMH,已跳过,,,,,,重复观察,同一股票同一交易日的15分钟重复观察已去重，不重复计入胜率。
2026-07-21,19:31:24,美股,MU,"Micron Technology, Inc.",stock,3,盘中：高风险强势观察,当前 971.65,963.88-977.48,1005.66-1034.81,937.64,跌破观察区下沿、弱于基准、板块转弱或出现公告/新闻风险,87,65,收盘前仍强于基准且无事件风险时，才进入隔夜观察,存储芯片；相对基准 7.8033%。,高风险；周期波动;财报跳空;库存周期,SMH,已跳过,,,,,,重复观察,同一股票同一交易日的15分钟重复观察已去重，不重复计入胜率。
2026-07-21,19:31:24,美股,ORCL,Oracle Corporation,stock,4,盘中：强势观察,当前 127.06,126.04-127.82,131.50-133.41,123.88,跌破观察区下沿、弱于基准、板块转弱或出现公告/新闻风险,86,65,收盘前仍强于基准且无事件风险时，才进入隔夜观察,云/数据库；相对基准 2.8121%。,中高风险；财报跳空;订单预期,QQQ,已跳过,,,,,,重复观察,同一股票同一交易日的15分钟重复观察已去重，不重复计入胜率。
2026-07-21,19:31:24,美股,TSM,Taiwan Semiconductor Manufacturing Company Limited,stock,5,盘中：强势观察,当前 423.50,420.11-426.04,438.32-444.68,412.91,跌破观察区下沿、弱于基准、板块转弱或出现公告/新闻风险,85,65,收盘前仍强于基准且无事件风险时，才进入隔夜观察,半导体制造；相对基准 0.8032%。,中风险；地缘风险;ADR汇率;客户集中,SMH,已跳过,,,,,,重复观察,同一股票同一交易日的15分钟重复观察已去重，不重复计入胜率。
2026-07-21,19:46:00,美股,AMAT,"Applied Materials, Inc.",stock,1,盘中：强势观察,当前 567.04,562.51-570.45,586.89-595.40,552.87,跌破观察区下沿、弱于基准、板块转弱或出现公告/新闻风险,89,65,收盘前仍强于基准且无事件风险时，才进入隔夜观察,半导体设备；相对基准 3.1165%。,中风险；订单周期;财报风险,SMH,已复盘,550.09,554.11,-2.99%,-2.28%,数据不足,失败,模拟买入后收盘或相对表现不足，降低该条件权重。
2026-07-21,19:46:00,美股,AMD,"Advanced Micro Devices, Inc.",stock,2,盘中：高风险强势观察,当前 545.87,541.50-549.14,564.97-581.35,526.76,跌破观察区下沿、弱于基准、板块转弱或出现公告/新闻风险,87,65,收盘前仍强于基准且无事件风险时，才进入隔夜观察,AI GPU/半导体；相对基准 3.6513%。,高风险；高波动;产品预期;相对弱势风险,SMH,已复盘,537.00,552.68,-1.62%,+1.25%,数据不足,未触发,模拟执行未进入买入观察区，不计入胜率；继续检验观察区是否过窄。
2026-07-21,19:46:00,美股,MU,"Micron Technology, Inc.",stock,3,盘中：高风险强势观察,当前 974.52,966.72-980.37,1008.63-1037.86,940.41,跌破观察区下沿、弱于基准、板块转弱或出现公告/新闻风险,87,65,收盘前仍强于基准且无事件风险时，才进入隔夜观察,存储芯片；相对基准 7.8531%。,高风险；周期波动;财报跳空;库存周期,SMH,已复盘,946.00,959.25,-2.93%,-1.57%,数据不足,未触发,模拟执行未进入买入观察区，不计入胜率；继续检验观察区是否过窄。
2026-07-21,19:46:00,美股,ORCL,Oracle Corporation,stock,4,盘中：强势观察,当前 127.06,126.04-127.82,131.51-133.41,123.88,跌破观察区下沿、弱于基准、板块转弱或出现公告/新闻风险,86,65,收盘前仍强于基准且无事件风险时，才进入隔夜观察,云/数据库；相对基准 2.6983%。,中高风险；财报跳空;订单预期,QQQ,已复盘,126.18,125.93,-0.69%,-0.89%,数据不足,未触发,模拟执行未进入买入观察区，不计入胜率；继续检验观察区是否过窄。
2026-07-21,19:46:00,美股,TSM,Taiwan Semiconductor Manufacturing Company Limited,stock,5,盘中：强势观察,当前 423.98,420.59-426.52,438.82-445.18,413.38,跌破观察区下沿、弱于基准、板块转弱或出现公告/新闻风险,85,65,收盘前仍强于基准且无事件风险时，才进入隔夜观察,半导体制造；相对基准 0.6407%。,中风险；地缘风险;ADR汇率;客户集中,SMH,已复盘,414.90,421.11,-2.14%,-0.68%,数据不足,未触发,模拟执行未进入买入观察区，不计入胜率；继续检验观察区是否过窄。
2026-07-21,19:02:31,美股,TSM,Taiwan Semiconductor Manufacturing Company Limited,stock,1,盘中：强势观察,当前 424.76,421.36-427.31,439.63-446.00,414.14,跌破观察区下沿、弱于基准、板块转弱或出现公告/新闻风险,88,65,收盘前仍强于基准且无事件风险时，才进入隔夜观察,半导体制造；相对基准 1.0735%。,中风险；地缘风险;ADR汇率;客户集中,SMH,已跳过,,,,,,重复观察,同一股票同一交易日的15分钟重复观察已去重，不重复计入胜率。
2026-07-21,19:02:31,美股,AMD,"Advanced Micro Devices, Inc.",stock,2,盘中：高风险强势观察,当前 542.06,537.72-545.31,561.03-577.29,523.09,跌破观察区下沿、弱于基准、板块转弱或出现公告/新闻风险,87,65,收盘前仍强于基准且无事件风险时，才进入隔夜观察,AI GPU/半导体；相对基准 3.134%。,高风险；高波动;产品预期;相对弱势风险,SMH,已跳过,,,,,,重复观察,同一股票同一交易日的15分钟重复观察已去重，不重复计入胜率。
2026-07-21,19:02:31,美股,MU,"Micron Technology, Inc.",stock,3,盘中：高风险强势观察,当前 970.92,963.15-976.75,1004.90-1034.03,936.94,跌破观察区下沿、弱于基准、板块转弱或出现公告/新闻风险,87,65,收盘前仍强于基准且无事件风险时，才进入隔夜观察,存储芯片；相对基准 7.6761%。,高风险；周期波动;财报跳空;库存周期,SMH,已跳过,,,,,,重复观察,同一股票同一交易日的15分钟重复观察已去重，不重复计入胜率。
2026-07-21,19:02:31,美股,ORCL,Oracle Corporation,stock,4,盘中：强势观察,当前 126.12,125.11-126.88,130.53-132.43,122.97,跌破观察区下沿、弱于基准、板块转弱或出现公告/新闻风险,86,65,收盘前仍强于基准且无事件风险时，才进入隔夜观察,云/数据库；相对基准 2.0626%。,中高风险；财报跳空;订单预期,QQQ,已跳过,,,,,,重复观察,同一股票同一交易日的15分钟重复观察已去重，不重复计入胜率。
2026-07-21,19:02:31,美股,AMAT,"Applied Materials, Inc.",stock,5,盘中：强势观察,当前 564.20,559.69-567.59,583.95-592.41,550.10,跌破观察区下沿、弱于基准、板块转弱或出现公告/新闻风险,83,65,收盘前仍强于基准且无事件风险时，才进入隔夜观察,半导体设备；相对基准 2.8142%。,中风险；订单周期;财报风险,SMH,已跳过,,,,,,重复观察,同一股票同一交易日的15分钟重复观察已去重，不重复计入胜率。
2026-07-21,19:08:02,美股,TSM,Taiwan Semiconductor Manufacturing Company Limited,stock,1,盘中：强势观察,当前 424.58,421.18-427.13,439.44-445.81,413.97,跌破观察区下沿、弱于基准、板块转弱或出现公告/新闻风险,88,65,收盘前仍强于基准且无事件风险时，才进入隔夜观察,半导体制造；相对基准 1.0986%。,中风险；地缘风险;ADR汇率;客户集中,SMH,已跳过,,,,,,重复观察,同一股票同一交易日的15分钟重复观察已去重，不重复计入胜率。
2026-07-21,19:08:02,美股,AMD,"Advanced Micro Devices, Inc.",stock,2,盘中：高风险强势观察,当前 541.80,537.47-545.05,560.76-577.02,522.84,跌破观察区下沿、弱于基准、板块转弱或出现公告/新闻风险,87,65,收盘前仍强于基准且无事件风险时，才进入隔夜观察,AI GPU/半导体；相对基准 3.1522%。,高风险；高波动;产品预期;相对弱势风险,SMH,已跳过,,,,,,重复观察,同一股票同一交易日的15分钟重复观察已去重，不重复计入胜率。
2026-07-21,19:08:02,美股,MU,"Micron Technology, Inc.",stock,3,盘中：高风险强势观察,当前 968.57,960.82-974.38,1002.47-1031.53,934.67,跌破观察区下沿、弱于基准、板块转弱或出现公告/新闻风险,87,65,收盘前仍强于基准且无事件风险时，才进入隔夜观察,存储芯片；相对基准 7.4743%。,高风险；周期波动;财报跳空;库存周期,SMH,已跳过,,,,,,重复观察,同一股票同一交易日的15分钟重复观察已去重，不重复计入胜率。
2026-07-21,19:08:02,美股,ORCL,Oracle Corporation,stock,4,盘中：强势观察,当前 126.28,125.27-127.04,130.70-132.59,123.12,跌破观察区下沿、弱于基准、板块转弱或出现公告/新闻风险,86,65,收盘前仍强于基准且无事件风险时，才进入隔夜观察,云/数据库；相对基准 2.1951%。,中高风险；财报跳空;订单预期,QQQ,已跳过,,,,,,重复观察,同一股票同一交易日的15分钟重复观察已去重，不重复计入胜率。
2026-07-21,19:08:02,美股,AMAT,"Applied Materials, Inc.",stock,5,盘中：强势观察,当前 564.08,559.56-567.46,583.82-592.28,549.97,跌破观察区下沿、弱于基准、板块转弱或出现公告/新闻风险,83,65,收盘前仍强于基准且无事件风险时，才进入隔夜观察,半导体设备；相对基准 2.8602%。,中风险；订单周期;财报风险,SMH,已跳过,,,,,,重复观察,同一股票同一交易日的15分钟重复观察已去重，不重复计入胜率。
2026-07-22,15:09:42,美股,AVGO,Broadcom Inc.,stock,1,盘中：强势观察,当前 392.06,388.92-394.41,405.78-411.66,382.26,跌破观察区下沿、弱于基准、板块转弱或出现公告/新闻风险,85,85,收盘前仍强于基准且无事件风险时，才进入隔夜观察,AI芯片/网络；相对基准 0.4738%。,中高风险；大客户预期;财报跳空;估值波动,SMH,已跳过,,,,,,重复观察,同一股票同一交易日的15分钟重复观察已去重，不重复计入胜率。
2026-07-22,15:09:42,美股,NVDA,NVIDIA Corporation,stock,2,盘中：高风险强势观察,当前 211.73,210.04-213.00,219.14-225.49,204.32,跌破观察区下沿、弱于基准、板块转弱或出现公告/新闻风险,82,65,收盘前仍强于基准且无事件风险时，才进入隔夜观察,AI芯片/加速器；相对基准 1.1771%。,高风险；高估值;新闻/财报跳空;高波动,SMH,已跳过,,,,,,重复观察,同一股票同一交易日的15分钟重复观察已去重，不重复计入胜率。
2026-07-22,15:09:42,美股,AMD,"Advanced Micro Devices, Inc.",stock,3,盘中：高风险强势观察,当前 557.77,553.31-561.12,577.29-594.03,538.25,跌破观察区下沿、弱于基准、板块转弱或出现公告/新闻风险,82,65,收盘前仍强于基准且无事件风险时，才进入隔夜观察,AI GPU/半导体；相对基准 1.4855%。,高风险；高波动;产品预期;相对弱势风险,SMH,已跳过,,,,,,重复观察,同一股票同一交易日的15分钟重复观察已去重，不重复计入胜率。
2026-07-22,15:09:42,美股,GOOGL,Alphabet Inc.,stock,4,盘中：候选观察,当前 348.33,345.55-350.43,360.53-365.75,339.63,跌破观察区下沿、弱于基准、板块转弱或出现公告/新闻风险,74,65,收盘前仍强于基准且无事件风险时，才进入隔夜观察,AI应用/广告/云；相对基准 0.3915%。,中风险；监管;广告周期;财报跳空,QQQ,已跳过,,,,,,重复观察,同一股票同一交易日的15分钟重复观察已去重，不重复计入胜率。
2026-07-22,16:51:15,美股,AVGO,Broadcom Inc.,stock,1,盘中：强势观察,当前 395.55,392.39-397.92,409.39-415.33,385.66,跌破观察区下沿、弱于基准、板块转弱或出现公告/新闻风险,88,85,收盘前仍强于基准且无事件风险时，才进入隔夜观察,AI芯片/网络；相对基准 1.3862%。,中高风险；大客户预期;财报跳空;估值波动,SMH,已跳过,,,,,,重复观察,同一股票同一交易日的15分钟重复观察已去重，不重复计入胜率。
2026-07-22,16:51:15,美股,NVDA,NVIDIA Corporation,stock,2,盘中：高风险强势观察,当前 213.59,211.88-214.87,221.07-227.47,206.11,跌破观察区下沿、弱于基准、板块转弱或出现公告/新闻风险,84,65,收盘前仍强于基准且无事件风险时，才进入隔夜观察,AI芯片/加速器；相对基准 2.0839%。,高风险；高估值;新闻/财报跳空;高波动,SMH,已跳过,,,,,,重复观察,同一股票同一交易日的15分钟重复观察已去重，不重复计入胜率。
2026-07-22,16:51:15,美股,AMD,"Advanced Micro Devices, Inc.",stock,3,盘中：高风险强势观察,当前 555.15,550.71-558.48,574.58-591.23,535.72,跌破观察区下沿、弱于基准、板块转弱或出现公告/新闻风险,82,65,收盘前仍强于基准且无事件风险时，才进入隔夜观察,AI GPU/半导体；相对基准 1.0137%。,高风险；高波动;产品预期;相对弱势风险,SMH,已跳过,,,,,,重复观察,同一股票同一交易日的15分钟重复观察已去重，不重复计入胜率。
2026-07-22,16:51:15,美股,GOOGL,Alphabet Inc.,stock,4,盘中：候选观察,当前 348.36,345.57-350.45,360.55-365.78,339.65,跌破观察区下沿、弱于基准、板块转弱或出现公告/新闻风险,74,65,收盘前仍强于基准且无事件风险时，才进入隔夜观察,AI应用/广告/云；相对基准 0.4156%。,中风险；监管;广告周期;财报跳空,QQQ,已复盘,321.13,318.01,-7.82%,-8.71%,数据不足,未触发,模拟执行未进入买入观察区，不计入胜率；继续检验观察区是否过窄。
2026-07-22,18:16:09,美股,AVGO,Broadcom Inc.,stock,1,盘中：强势观察,当前 396.24,393.07-398.62,410.11-416.05,386.33,跌破观察区下沿、弱于基准、板块转弱或出现公告/新闻风险,88,85,收盘前仍强于基准且无事件风险时，才进入隔夜观察,AI芯片/网络；相对基准 1.5784%。,中高风险；大客户预期;财报跳空;估值波动,SMH,已跳过,,,,,,重复观察,同一股票同一交易日的15分钟重复观察已去重，不重复计入胜率。
2026-07-22,18:16:09,美股,NVDA,NVIDIA Corporation,stock,2,盘中：高风险强势观察,当前 213.54,211.84-214.83,221.02-227.43,206.07,跌破观察区下沿、弱于基准、板块转弱或出现公告/新闻风险,84,65,收盘前仍强于基准且无事件风险时，才进入隔夜观察,AI芯片/加速器；相对基准 2.0758%。,高风险；高估值;新闻/财报跳空;高波动,SMH,已跳过,,,,,,重复观察,同一股票同一交易日的15分钟重复观察已去重，不重复计入胜率。
2026-07-22,18:16:09,美股,AMD,"Advanced Micro Devices, Inc.",stock,3,盘中：候选观察,当前 553.95,549.51-557.27,573.33-589.95,534.56,跌破观察区下沿、弱于基准、板块转弱或出现公告/新闻风险,79,65,收盘前仍强于基准且无事件风险时，才进入隔夜观察,AI GPU/半导体；相对基准 0.806%。,高风险；高波动;产品预期;相对弱势风险,SMH,已跳过,,,,,,重复观察,同一股票同一交易日的15分钟重复观察已去重，不重复计入胜率。
2026-07-22,20:00:02,美股,AVGO,Broadcom Inc.,stock,1,盘中：强势观察,当前 397.06,393.88-399.44,410.96-416.91,387.13,跌破观察区下沿、弱于基准、板块转弱或出现公告/新闻风险,88,85,收盘前仍强于基准且无事件风险时，才进入隔夜观察,AI芯片/网络；相对基准 2.1741%。,中高风险；大客户预期;财报跳空;估值波动,SMH,已复盘,392.19,391.69,-1.23%,-1.35%,数据不足,未触发,模拟执行未进入买入观察区，不计入胜率；继续检验观察区是否过窄。
2026-07-22,20:00:02,美股,NVDA,NVIDIA Corporation,stock,2,盘中：高风险强势观察,当前 212.16,210.46-213.43,219.58-225.95,204.73,跌破观察区下沿、弱于基准、板块转弱或出现公告/新闻风险,82,65,收盘前仍强于基准且无事件风险时，才进入隔夜观察,AI芯片/加速器；相对基准 1.7889%。,高风险；高估值;新闻/财报跳空;高波动,SMH,已复盘,209.40,208.22,-1.30%,-1.86%,数据不足,未触发,模拟执行未进入买入观察区，不计入胜率；继续检验观察区是否过窄。
2026-07-22,20:00:02,美股,AMD,"Advanced Micro Devices, Inc.",stock,3,盘中：候选观察,当前 552.68,548.26-556.00,572.02-588.60,533.34,跌破观察区下沿、弱于基准、板块转弱或出现公告/新闻风险,79,65,收盘前仍强于基准且无事件风险时，才进入隔夜观察,AI GPU/半导体；相对基准 0.9572%。,高风险；高波动;产品预期;相对弱势风险,SMH,已复盘,544.74,538.65,-1.44%,-2.54%,数据不足,未触发,模拟执行未进入买入观察区，不计入胜率；继续检验观察区是否过窄。
2026-07-23,15:18:44,美股,AMAT,"Applied Materials, Inc.",stock,1,盘中：强势观察,当前 563.87,559.36-567.25,583.61-592.06,549.77,跌破观察区下沿、弱于基准、板块转弱或出现公告/新闻风险,85,65,收盘前仍强于基准且无事件风险时，才进入隔夜观察,半导体设备；相对基准 3.4064%。,中风险；订单周期;财报风险,SMH,已跳过,,,,,,重复观察,同一股票同一交易日的15分钟重复观察已去重，不重复计入胜率。
2026-07-23,15:18:44,美股,MU,"Micron Technology, Inc.",stock,2,盘中：高风险强势观察,当前 987.18,979.28-993.10,1021.73-1051.35,952.63,跌破观察区下沿、弱于基准、板块转弱或出现公告/新闻风险,84,65,收盘前仍强于基准且无事件风险时，才进入隔夜观察,存储芯片；相对基准 4.4971%。,高风险；周期波动;财报跳空;库存周期,SMH,已跳过,,,,,,重复观察,同一股票同一交易日的15分钟重复观察已去重，不重复计入胜率。
2026-07-23,15:18:44,美股,LRCX,Lam Research Corporation,stock,3,盘中：边缘观察,当前 319.50,316.94-321.42,330.68-335.48,311.51,跌破观察区下沿、弱于基准、板块转弱或出现公告/新闻风险,73,65,收盘前仍强于基准且无事件风险时，才进入隔夜观察,半导体设备；相对基准 1.6759%。,中风险；订单周期;财报风险,SMH,已跳过,,,,,,重复观察,同一股票同一交易日的15分钟重复观察已去重，不重复计入胜率。
2026-07-23,15:18:44,美股,KLAC,KLA Corporation,stock,4,盘中：边缘观察,当前 214.91,213.19-216.20,222.43-225.66,209.54,跌破观察区下沿、弱于基准、板块转弱或出现公告/新闻风险,73,65,收盘前仍强于基准且无事件风险时，才进入隔夜观察,半导体设备/检测；相对基准 1.7126%。,中风险；估值;财报风险,SMH,已跳过,,,,,,重复观察,同一股票同一交易日的15分钟重复观察已去重，不重复计入胜率。
2026-07-23,17:01:20,美股,MU,"Micron Technology, Inc.",stock,1,盘中：高风险强势观察,当前 995.39,987.43-1001.37,1030.23-1060.10,960.56,跌破观察区下沿、弱于基准、板块转弱或出现公告/新闻风险,86,65,收盘前仍强于基准且无事件风险时，才进入隔夜观察,存储芯片；相对基准 4.82%。,高风险；周期波动;财报跳空;库存周期,SMH,已跳过,,,,,,重复观察,同一股票同一交易日的15分钟重复观察已去重，不重复计入胜率。
2026-07-23,17:01:20,美股,AMAT,"Applied Materials, Inc.",stock,2,盘中：强势观察,当前 564.67,560.16-568.06,584.44-592.91,550.56,跌破观察区下沿、弱于基准、板块转弱或出现公告/新闻风险,85,65,收盘前仍强于基准且无事件风险时，才进入隔夜观察,半导体设备；相对基准 3.0184%。,中风险；订单周期;财报风险,SMH,已跳过,,,,,,重复观察,同一股票同一交易日的15分钟重复观察已去重，不重复计入胜率。
2026-07-23,17:01:20,美股,ASML,ASML Holding N.V.,stock,3,盘中：候选观察,当前 1806.28,1791.82-1817.11,1869.49-1896.59,1761.12,跌破观察区下沿、弱于基准、板块转弱或出现公告/新闻风险,77,65,收盘前仍强于基准且无事件风险时，才进入隔夜观察,半导体设备；相对基准 1.3218%。,中风险；出口限制;订单周期;欧洲ADR波动,SMH,已复盘,1788.46,1755.52,-0.99%,-2.81%,数据不足,失败,模拟买入后收盘或相对表现不足，降低该条件权重。
2026-07-23,17:01:20,美股,KLAC,KLA Corporation,stock,4,盘中：候选观察,当前 216.38,214.64-217.67,223.95-227.19,210.97,跌破观察区下沿、弱于基准、板块转弱或出现公告/新闻风险,75,65,收盘前仍强于基准且无事件风险时，才进入隔夜观察,半导体设备/检测；相对基准 1.8617%。,中风险；估值;财报风险,SMH,已跳过,,,,,,重复观察,同一股票同一交易日的15分钟重复观察已去重，不重复计入胜率。
2026-07-23,17:01:20,美股,LRCX,Lam Research Corporation,stock,5,盘中：边缘观察,当前 321.02,318.45-322.95,332.26-337.07,312.99,跌破观察区下沿、弱于基准、板块转弱或出现公告/新闻风险,73,65,收盘前仍强于基准且无事件风险时，才进入隔夜观察,半导体设备；相对基准 1.6186%。,中风险；订单周期;财报风险,SMH,已复盘,312.62,304.56,-2.62%,-5.13%,数据不足,未触发,模拟执行未进入买入观察区，不计入胜率；继续检验观察区是否过窄。
2026-07-23,18:20:52,美股,MU,"Micron Technology, Inc.",stock,1,盘中：高风险强势观察,当前 990.21,982.29-996.15,1024.87-1054.57,955.55,跌破观察区下沿、弱于基准、板块转弱或出现公告/新闻风险,86,65,收盘前仍强于基准且无事件风险时，才进入隔夜观察,存储芯片；相对基准 4.9663%。,高风险；周期波动;财报跳空;库存周期,SMH,已跳过,,,,,,重复观察,同一股票同一交易日的15分钟重复观察已去重，不重复计入胜率。
2026-07-23,18:20:52,美股,AMAT,"Applied Materials, Inc.",stock,2,盘中：候选观察,当前 557.71,553.25-561.06,577.23-585.60,543.77,跌破观察区下沿、弱于基准、板块转弱或出现公告/新闻风险,75,65,收盘前仍强于基准且无事件风险时，才进入隔夜观察,半导体设备；相对基准 2.4477%。,中风险；订单周期;财报风险,SMH,已跳过,,,,,,重复观察,同一股票同一交易日的15分钟重复观察已去重，不重复计入胜率。
2026-07-23,19:57:13,美股,KLAC,KLA Corporation,stock,1,盘中：强势观察,当前 217.12,215.38-218.42,224.71-227.97,211.69,跌破观察区下沿、弱于基准、板块转弱或出现公告/新闻风险,86,65,收盘前仍强于基准且无事件风险时，才进入隔夜观察,半导体设备/检测；相对基准 2.6391%。,中风险；估值;财报风险,SMH,已复盘,214.86,210.09,-1.04%,-3.24%,数据不足,未触发,模拟执行未进入买入观察区，不计入胜率；继续检验观察区是否过窄。
2026-07-23,19:57:13,美股,MU,"Micron Technology, Inc.",stock,2,盘中：高风险强势观察,当前 981.27,973.42-987.16,1015.61-1045.05,946.93,跌破观察区下沿、弱于基准、板块转弱或出现公告/新闻风险,82,65,收盘前仍强于基准且无事件风险时，才进入隔夜观察,存储芯片；相对基准 3.7806%。,高风险；周期波动;财报跳空;库存周期,SMH,已复盘,959.03,917.67,-2.27%,-6.48%,数据不足,未触发,模拟执行未进入买入观察区，不计入胜率；继续检验观察区是否过窄。
2026-07-23,19:57:13,美股,AMAT,"Applied Materials, Inc.",stock,3,盘中：强势观察,当前 560.24,555.76-563.60,579.85-588.25,546.23,跌破观察区下沿、弱于基准、板块转弱或出现公告/新闻风险,82,65,收盘前仍强于基准且无事件风险时，才进入隔夜观察,半导体设备；相对基准 2.6506%。,中风险；订单周期;财报风险,SMH,已复盘,556.21,535.67,-0.72%,-4.39%,数据不足,失败,模拟买入后收盘或相对表现不足，降低该条件权重。
2026-07-24,15:02:08,美股,AAPL,Apple Inc.,stock,1,盘中：强势观察,当前 329.87,327.23-331.85,341.42-346.36,321.62,跌破观察区下沿、弱于基准、板块转弱或出现公告/新闻风险,82,30,收盘前仍强于基准且无事件风险时，才进入隔夜观察,消费电子/大科技；相对基准 3.1579%。,中风险；产品周期;中国市场;监管,QQQ,已跳过,,,,,,重复观察,同一股票同一交易日的15分钟重复观察已去重，不重复计入胜率。
2026-07-24,15:02:08,美股,CRM,"Salesforce, Inc.",stock,2,盘中：候选观察,当前 162.29,160.99-163.26,167.97-170.40,158.23,跌破观察区下沿、弱于基准、板块转弱或出现公告/新闻风险,80,30,收盘前仍强于基准且无事件风险时，才进入隔夜观察,企业软件；相对基准 4.021%。,中风险；业绩指引;估值,QQQ,已跳过,,,,,,重复观察,同一股票同一交易日的15分钟重复观察已去重，不重复计入胜率。
2026-07-24,15:02:08,美股,GOOGL,Alphabet Inc.,stock,3,盘中：候选观察,当前 320.26,317.70-322.18,331.47-336.27,312.25,跌破观察区下沿、弱于基准、板块转弱或出现公告/新闻风险,77,65,收盘前仍强于基准且无事件风险时，才进入隔夜观察,AI应用/广告/云；相对基准 1.4145%。,中风险；监管;广告周期;财报跳空,QQQ,已跳过,,,,,,重复观察,同一股票同一交易日的15分钟重复观察已去重，不重复计入胜率。
2026-07-24,15:02:08,美股,MSFT,Microsoft Corporation,stock,4,盘中：候选观察,当前 383.97,380.90-386.27,397.41-403.17,374.37,跌破观察区下沿、弱于基准、板块转弱或出现公告/新闻风险,75,65,收盘前仍强于基准且无事件风险时，才进入隔夜观察,AI云/软件；相对基准 1.2318%。,中风险；监管;财报;AI资本开支担忧,QQQ,已跳过,,,,,,重复观察,同一股票同一交易日的15分钟重复观察已去重，不重复计入胜率。
2026-07-24,15:02:08,美股,NVDA,NVIDIA Corporation,stock,5,盘中：候选观察,当前 209.43,207.75-210.69,216.76-223.04,202.10,跌破观察区下沿、弱于基准、板块转弱或出现公告/新闻风险,74,65,收盘前仍强于基准且无事件风险时，才进入隔夜观察,AI芯片/加速器；相对基准 2.559%。,高风险；高估值;新闻/财报跳空;高波动,SMH,已跳过,,,,,,重复观察,同一股票同一交易日的15分钟重复观察已去重，不重复计入胜率。
2026-07-24,16:53:48,美股,AAPL,Apple Inc.,stock,1,盘中：强势观察,当前 332.77,330.11-334.77,344.42-349.41,324.46,跌破观察区下沿、弱于基准、板块转弱或出现公告/新闻风险,84,30,收盘前仍强于基准且无事件风险时，才进入隔夜观察,消费电子/大科技；相对基准 3.9304%。,中风险；产品周期;中国市场;监管,QQQ,已跳过,,,,,,重复观察,同一股票同一交易日的15分钟重复观察已去重，不重复计入胜率。
2026-07-24,16:53:48,美股,CRM,"Salesforce, Inc.",stock,2,盘中：候选观察,当前 162.60,161.30-163.58,168.30-170.74,158.54,跌破观察区下沿、弱于基准、板块转弱或出现公告/新闻风险,79,30,收盘前仍强于基准且无事件风险时，才进入隔夜观察,企业软件；相对基准 4.0912%。,中风险；业绩指引;估值,QQQ,已跳过,,,,,,重复观察,同一股票同一交易日的15分钟重复观察已去重，不重复计入胜率。
2026-07-24,16:53:48,美股,NVDA,NVIDIA Corporation,stock,3,盘中：候选观察,当前 209.91,208.23-211.16,217.25-223.55,202.56,跌破观察区下沿、弱于基准、板块转弱或出现公告/新闻风险,75,65,收盘前仍强于基准且无事件风险时，才进入隔夜观察,AI芯片/加速器；相对基准 2.5445%。,高风险；高估值;新闻/财报跳空;高波动,SMH,已复盘,208.11,196.80,-0.86%,-6.25%,数据不足,未触发,模拟执行未进入买入观察区，不计入胜率；继续检验观察区是否过窄。
2026-07-24,16:53:48,美股,MSFT,Microsoft Corporation,stock,4,盘中：候选观察,当前 383.97,380.90-386.27,397.41-403.17,374.37,跌破观察区下沿、弱于基准、板块转弱或出现公告/新闻风险,75,65,收盘前仍强于基准且无事件风险时，才进入隔夜观察,AI云/软件；相对基准 1.1012%。,中风险；监管;财报;AI资本开支担忧,QQQ,已跳过,,,,,,重复观察,同一股票同一交易日的15分钟重复观察已去重，不重复计入胜率。
2026-07-24,16:53:48,美股,GOOGL,Alphabet Inc.,stock,5,盘中：边缘观察,当前 319.17,316.62-321.09,330.34-335.13,311.19,跌破观察区下沿、弱于基准、板块转弱或出现公告/新闻风险,71,65,收盘前仍强于基准且无事件风险时，才进入隔夜观察,AI应用/广告/云；相对基准 0.9408%。,中风险；监管;广告周期;财报跳空,QQQ,已跳过,,,,,,重复观察,同一股票同一交易日的15分钟重复观察已去重，不重复计入胜率。
2026-07-24,18:25:13,美股,AAPL,Apple Inc.,stock,1,盘中：强势观察,当前 332.40,329.74-334.39,344.03-349.02,324.09,跌破观察区下沿、弱于基准、板块转弱或出现公告/新闻风险,84,30,收盘前仍强于基准且无事件风险时，才进入隔夜观察,消费电子/大科技；相对基准 4.1439%。,中风险；产品周期;中国市场;监管,QQQ,已跳过,,,,,,重复观察,同一股票同一交易日的15分钟重复观察已去重，不重复计入胜率。
2026-07-24,18:25:13,美股,CRM,"Salesforce, Inc.",stock,2,盘中：候选观察,当前 163.33,162.02-164.31,169.05-171.50,159.25,跌破观察区下沿、弱于基准、板块转弱或出现公告/新闻风险,80,30,收盘前仍强于基准且无事件风险时，才进入隔夜观察,企业软件；相对基准 4.8833%。,中风险；业绩指引;估值,QQQ,已跳过,,,,,,重复观察,同一股票同一交易日的15分钟重复观察已去重，不重复计入胜率。
2026-07-24,18:25:13,美股,GOOGL,Alphabet Inc.,stock,3,盘中：候选观察,当前 320.16,317.60-322.08,331.37-336.17,312.16,跌破观察区下沿、弱于基准、板块转弱或出现公告/新闻风险,77,65,收盘前仍强于基准且无事件风险时，才进入隔夜观察,AI应用/广告/云；相对基准 1.5825%。,中风险；监管;广告周期;财报跳空,QQQ,已跳过,,,,,,重复观察,同一股票同一交易日的15分钟重复观察已去重，不重复计入胜率。
2026-07-24,18:25:13,美股,MSFT,Microsoft Corporation,stock,4,盘中：候选观察,当前 384.16,381.09-386.46,397.61-403.37,374.56,跌破观察区下沿、弱于基准、板块转弱或出现公告/新闻风险,75,65,收盘前仍强于基准且无事件风险时，才进入隔夜观察,AI云/软件；相对基准 1.4811%。,中风险；监管;财报;AI资本开支担忧,QQQ,已复盘,390.75,389.73,+1.72%,+1.45%,数据不足,未触发,模拟执行未进入买入观察区，不计入胜率；继续检验观察区是否过窄。
2026-07-24,19:57:48,美股,AAPL,Apple Inc.,stock,1,盘中：强势观察,当前 333.20,330.53-335.20,344.86-349.86,324.87,跌破观察区下沿、弱于基准、板块转弱或出现公告/新闻风险,84,30,收盘前仍强于基准且无事件风险时，才进入隔夜观察,消费电子/大科技；相对基准 4.7481%。,中风险；产品周期;中国市场;监管,QQQ,已复盘,334.90,335.79,+0.51%,+0.78%,数据不足,命中,模拟执行后表现有效，保留相对强弱和量价过滤。
2026-07-24,19:57:48,美股,CRM,"Salesforce, Inc.",stock,2,盘中：强势观察,当前 163.61,162.30-164.59,169.34-171.79,159.52,跌破观察区下沿、弱于基准、板块转弱或出现公告/新闻风险,84,30,收盘前仍强于基准且无事件风险时，才进入隔夜观察,企业软件；相对基准 5.4172%。,中风险；业绩指引;估值,QQQ,已复盘,168.00,173.98,+2.68%,+6.34%,数据不足,未触发,模拟执行未进入买入观察区，不计入胜率；继续检验观察区是否过窄。
2026-07-24,19:57:48,美股,GOOGL,Alphabet Inc.,stock,3,盘中：候选观察,当前 319.76,317.20-321.68,330.95-335.75,311.77,跌破观察区下沿、弱于基准、板块转弱或出现公告/新闻风险,77,65,收盘前仍强于基准且无事件风险时，才进入隔夜观察,AI应用/广告/云；相对基准 1.8121%。,中风险；监管;广告周期;财报跳空,QQQ,已复盘,327.00,327.39,+2.26%,+2.39%,数据不足,未触发,模拟执行未进入买入观察区，不计入胜率；继续检验观察区是否过窄。
2026-07-27,15:48:54,美股,ORCL,Oracle Corporation,stock,1,盘中：强势观察,当前 119.62,118.66-120.34,123.81-125.60,116.63,跌破观察区下沿、弱于基准、板块转弱或出现公告/新闻风险,88,65,收盘前仍强于基准且无事件风险时，才进入隔夜观察,云/数据库；相对基准 4.9669%。,中高风险；财报跳空;订单预期,QQQ,已跳过,,,,,,重复观察,同一股票同一交易日的15分钟重复观察已去重，不重复计入胜率。
2026-07-27,15:48:54,美股,MSFT,Microsoft Corporation,stock,2,盘中：强势观察,当前 391.33,388.20-393.68,405.03-410.90,381.55,跌破观察区下沿、弱于基准、板块转弱或出现公告/新闻风险,86,65,收盘前仍强于基准且无事件风险时，才进入隔夜观察,AI云/软件；相对基准 3.4647%。,中风险；监管;财报;AI资本开支担忧,QQQ,已跳过,,,,,,重复观察,同一股票同一交易日的15分钟重复观察已去重，不重复计入胜率。
2026-07-27,15:48:54,美股,GOOGL,Alphabet Inc.,stock,3,盘中：强势观察,当前 327.69,325.06-329.65,339.15-344.07,319.49,跌破观察区下沿、弱于基准、板块转弱或出现公告/新闻风险,86,65,收盘前仍强于基准且无事件风险时，才进入隔夜观察,AI应用/广告/云；相对基准 3.4253%。,中风险；监管;广告周期;财报跳空,QQQ,已跳过,,,,,,重复观察,同一股票同一交易日的15分钟重复观察已去重，不重复计入胜率。
2026-07-27,15:48:54,美股,PLTR,Palantir Technologies Inc.,stock,4,盘中：候选观察,当前 129.66,128.62-130.43,134.19-138.08,125.12,跌破观察区下沿、弱于基准、板块转弱或出现公告/新闻风险,80,30,收盘前仍强于基准且无事件风险时，才进入隔夜观察,AI软件/数据分析；相对基准 6.4197%。,高风险；估值;财报跳空;高波动,QQQ,已跳过,,,,,,重复观察,同一股票同一交易日的15分钟重复观察已去重，不重复计入胜率。
2026-07-27,15:48:54,美股,CRM,"Salesforce, Inc.",stock,5,盘中：候选观察,当前 173.66,172.27-174.70,179.74-182.34,169.32,跌破观察区下沿、弱于基准、板块转弱或出现公告/新闻风险,80,30,收盘前仍强于基准且无事件风险时，才进入隔夜观察,企业软件；相对基准 7.0507%。,中风险；业绩指引;估值,QQQ,已跳过,,,,,,重复观察,同一股票同一交易日的15分钟重复观察已去重，不重复计入胜率。
2026-07-27,17:49:39,美股,ORCL,Oracle Corporation,stock,1,盘中：强势观察,当前 120.22,119.25-120.94,124.42-126.23,117.21,跌破观察区下沿、弱于基准、板块转弱或出现公告/新闻风险,88,65,收盘前仍强于基准且无事件风险时，才进入隔夜观察,云/数据库；相对基准 5.4091%。,中高风险；财报跳空;订单预期,QQQ,已跳过,,,,,,重复观察,同一股票同一交易日的15分钟重复观察已去重，不重复计入胜率。
2026-07-27,17:49:39,美股,MSFT,Microsoft Corporation,stock,2,盘中：强势观察,当前 392.30,389.16-394.65,406.03-411.92,382.49,跌破观察区下沿、弱于基准、板块转弱或出现公告/新闻风险,87,65,收盘前仍强于基准且无事件风险时，才进入隔夜观察,AI云/软件；相对基准 3.6423%。,中风险；监管;财报;AI资本开支担忧,QQQ,已跳过,,,,,,重复观察,同一股票同一交易日的15分钟重复观察已去重，不重复计入胜率。
2026-07-27,17:49:39,美股,CRM,"Salesforce, Inc.",stock,3,盘中：强势观察,当前 176.23,174.82-177.29,182.40-185.04,171.82,跌破观察区下沿、弱于基准、板块转弱或出现公告/新闻风险,84,30,收盘前仍强于基准且无事件风险时，才进入隔夜观察,企业软件；相对基准 8.5458%。,中风险；业绩指引;估值,QQQ,已跳过,,,,,,重复观察,同一股票同一交易日的15分钟重复观察已去重，不重复计入胜率。
2026-07-27,17:49:39,美股,GOOGL,Alphabet Inc.,stock,4,盘中：候选观察,当前 326.49,323.87-328.44,337.91-342.81,318.32,跌破观察区下沿、弱于基准、板块转弱或出现公告/新闻风险,80,65,收盘前仍强于基准且无事件风险时，才进入隔夜观察,AI应用/广告/云；相对基准 2.9747%。,中风险；监管;广告周期;财报跳空,QQQ,已跳过,,,,,,重复观察,同一股票同一交易日的15分钟重复观察已去重，不重复计入胜率。
2026-07-27,17:49:39,美股,PLTR,Palantir Technologies Inc.,stock,5,盘中：候选观察,当前 131.91,130.85-132.70,136.52-140.48,127.29,跌破观察区下沿、弱于基准、板块转弱或出现公告/新闻风险,80,30,收盘前仍强于基准且无事件风险时，才进入隔夜观察,AI软件/数据分析；相对基准 8.1748%。,高风险；估值;财报跳空;高波动,QQQ,已跳过,,,,,,重复观察,同一股票同一交易日的15分钟重复观察已去重，不重复计入胜率。
2026-07-27,19:47:08,美股,ORCL,Oracle Corporation,stock,1,盘中：强势观察,当前 119.69,118.73-120.41,123.88-125.67,116.70,跌破观察区下沿、弱于基准、板块转弱或出现公告/新闻风险,88,65,收盘前仍强于基准且无事件风险时，才进入隔夜观察,云/数据库；相对基准 4.4994%。,中高风险；财报跳空;订单预期,QQQ,已复盘,118.18,121.19,-1.26%,+1.25%,数据不足,未触发,模拟执行未进入买入观察区，不计入胜率；继续检验观察区是否过窄。
2026-07-27,19:47:08,美股,GOOGL,Alphabet Inc.,stock,2,盘中：强势观察,当前 327.39,324.77-329.35,338.85-343.76,319.21,跌破观察区下沿、弱于基准、板块转弱或出现公告/新闻风险,83,65,收盘前仍强于基准且无事件风险时，才进入隔夜观察,AI应用/广告/云；相对基准 2.8047%。,中风险；监管;广告周期;财报跳空,QQQ,已复盘,327.90,335.67,+0.16%,+2.53%,数据不足,未触发,模拟执行未进入买入观察区，不计入胜率；继续检验观察区是否过窄。
2026-07-27,19:47:08,美股,CRM,"Salesforce, Inc.",stock,3,盘中：强势观察,当前 173.98,172.59-175.02,180.07-182.68,169.63,跌破观察区下沿、弱于基准、板块转弱或出现公告/新闻风险,83,30,收盘前仍强于基准且无事件风险时，才进入隔夜观察,企业软件；相对基准 6.7179%。,中风险；业绩指引;估值,QQQ,已复盘,176.90,182.58,+1.68%,+4.94%,数据不足,未触发,模拟执行未进入买入观察区，不计入胜率；继续检验观察区是否过窄。
2026-07-27,19:47:08,美股,PLTR,Palantir Technologies Inc.,stock,4,盘中：候选观察,当前 130.90,129.85-131.69,135.48-139.41,126.32,跌破观察区下沿、弱于基准、板块转弱或出现公告/新闻风险,80,30,收盘前仍强于基准且无事件风险时，才进入隔夜观察,AI软件/数据分析；相对基准 6.9041%。,高风险；估值;财报跳空;高波动,QQQ,已复盘,125.82,123.09,-3.88%,-5.97%,数据不足,未触发,模拟执行未进入买入观察区，不计入胜率；继续检验观察区是否过窄。
2026-07-27,19:47:08,美股,MSFT,Microsoft Corporation,stock,5,盘中：候选观察,当前 389.73,386.61-392.07,403.37-409.22,379.99,跌破观察区下沿、弱于基准、板块转弱或出现公告/新闻风险,78,65,收盘前仍强于基准且无事件风险时，才进入隔夜观察,AI云/软件；相对基准 2.5158%。,中风险；监管;财报;AI资本开支担忧,QQQ,已复盘,393.16,397.56,+0.88%,+2.01%,数据不足,命中,模拟执行后表现有效，保留相对强弱和量价过滤。
2026-07-28,15:27:45,美股,MSFT,Microsoft Corporation,stock,1,盘中：强势观察,当前 400.00,396.80-402.41,414.01-420.01,390.00,跌破观察区下沿、弱于基准、板块转弱或出现公告/新闻风险,89,65,收盘前仍强于基准且无事件风险时，才进入隔夜观察,AI云/软件；相对基准 3.5605%。,中风险；监管;财报;AI资本开支担忧,QQQ,已跳过,,,,,,重复观察,同一股票同一交易日的15分钟重复观察已去重，不重复计入胜率。
2026-07-28,15:27:45,美股,GOOGL,Alphabet Inc.,stock,2,盘中：强势观察,当前 332.35,329.69-334.34,343.98-348.96,324.04,跌破观察区下沿、弱于基准、板块转弱或出现公告/新闻风险,86,65,收盘前仍强于基准且无事件风险时，才进入隔夜观察,AI应用/广告/云；相对基准 2.5294%。,中风险；监管;广告周期;财报跳空,QQQ,已跳过,,,,,,重复观察,同一股票同一交易日的15分钟重复观察已去重，不重复计入胜率。
2026-07-28,15:27:45,美股,CRM,"Salesforce, Inc.",stock,3,盘中：强势观察,当前 184.19,182.71-185.29,190.63-193.39,179.58,跌破观察区下沿、弱于基准、板块转弱或出现公告/新闻风险,84,30,收盘前仍强于基准且无事件风险时，才进入隔夜观察,企业软件；相对基准 6.8553%。,中风险；业绩指引;估值,QQQ,已跳过,,,,,,重复观察,同一股票同一交易日的15分钟重复观察已去重，不重复计入胜率。
2026-07-28,15:27:45,美股,NVDA,NVIDIA Corporation,stock,4,盘中：候选观察,当前 197.42,195.84-198.60,204.33-210.25,190.51,跌破观察区下沿、弱于基准、板块转弱或出现公告/新闻风险,79,65,收盘前仍强于基准且无事件风险时，才进入隔夜观察,AI芯片/加速器；相对基准 3.7518%。,高风险；高估值;新闻/财报跳空;高波动,SMH,已跳过,,,,,,重复观察,同一股票同一交易日的15分钟重复观察已去重，不重复计入胜率。
2026-07-28,15:27:45,美股,ORCL,Oracle Corporation,stock,5,盘中：候选观察,当前 120.32,119.36-121.04,124.53-126.34,117.31,跌破观察区下沿、弱于基准、板块转弱或出现公告/新闻风险,78,65,收盘前仍强于基准且无事件风险时，才进入隔夜观察,云/数据库；相对基准 1.1082%。,中高风险；财报跳空;订单预期,QQQ,已跳过,,,,,,重复观察,同一股票同一交易日的15分钟重复观察已去重，不重复计入胜率。
2026-07-28,17:03:16,美股,MSFT,Microsoft Corporation,stock,1,盘中：强势观察,当前 398.65,395.47-401.05,412.61-418.59,388.69,跌破观察区下沿、弱于基准、板块转弱或出现公告/新闻风险,86,65,收盘前仍强于基准且无事件风险时，才进入隔夜观察,AI云/软件；相对基准 2.9336%。,中风险；监管;财报;AI资本开支担忧,QQQ,已跳过,,,,,,重复观察,同一股票同一交易日的15分钟重复观察已去重，不重复计入胜率。
2026-07-28,17:03:16,美股,GOOGL,Alphabet Inc.,stock,2,盘中：强势观察,当前 334.36,331.69-336.37,346.06-351.08,326.00,跌破观察区下沿、弱于基准、板块转弱或出现公告/新闻风险,86,65,收盘前仍强于基准且无事件风险时，才进入隔夜观察,AI应用/广告/云；相对基准 2.8664%。,中风险；监管;广告周期;财报跳空,QQQ,已跳过,,,,,,重复观察,同一股票同一交易日的15分钟重复观察已去重，不重复计入胜率。
2026-07-28,17:03:16,美股,ORCL,Oracle Corporation,stock,3,盘中：强势观察,当前 121.21,120.24-121.94,125.45-127.27,118.18,跌破观察区下沿、弱于基准、板块转弱或出现公告/新闻风险,84,65,收盘前仍强于基准且无事件风险时，才进入隔夜观察,云/数据库；相对基准 1.5705%。,中高风险；财报跳空;订单预期,QQQ,已跳过,,,,,,重复观察,同一股票同一交易日的15分钟重复观察已去重，不重复计入胜率。
2026-07-28,17:03:16,美股,CRM,"Salesforce, Inc.",stock,4,盘中：强势观察,当前 183.56,182.09-184.66,189.98-192.73,178.97,跌破观察区下沿、弱于基准、板块转弱或出现公告/新闻风险,84,30,收盘前仍强于基准且无事件风险时，才进入隔夜观察,企业软件；相对基准 6.2123%。,中风险；业绩指引;估值,QQQ,已跳过,,,,,,重复观察,同一股票同一交易日的15分钟重复观察已去重，不重复计入胜率。
2026-07-28,17:03:16,美股,AVGO,Broadcom Inc.,stock,5,盘中：强势观察,当前 383.56,380.49-385.86,396.98-402.74,373.97,跌破观察区下沿、弱于基准、板块转弱或出现公告/新闻风险,82,85,收盘前仍强于基准且无事件风险时，才进入隔夜观察,AI芯片/网络；相对基准 2.7794%。,中高风险；大客户预期;财报跳空;估值波动,SMH,已复盘,379.20,377.51,-1.14%,-1.58%,数据不足,未触发,模拟执行未进入买入观察区，不计入胜率；继续检验观察区是否过窄。
2026-07-28,18:49:34,美股,GOOGL,Alphabet Inc.,stock,1,盘中：强势观察,当前 335.67,332.98-337.68,347.42-352.45,327.28,跌破观察区下沿、弱于基准、板块转弱或出现公告/新闻风险,89,65,收盘前仍强于基准且无事件风险时，才进入隔夜观察,AI应用/广告/云；相对基准 3.6444%。,中风险；监管;广告周期;财报跳空,QQQ,已复盘,334.52,336.21,-0.34%,+0.16%,数据不足,命中,模拟执行后表现有效，保留相对强弱和量价过滤。
2026-07-28,18:49:34,美股,MSFT,Microsoft Corporation,stock,2,盘中：强势观察,当前 397.56,394.37-399.94,411.47-417.43,387.62,跌破观察区下沿、弱于基准、板块转弱或出现公告/新闻风险,88,65,收盘前仍强于基准且无事件风险时，才进入隔夜观察,AI云/软件；相对基准 3.0277%。,中风险；监管;财报;AI资本开支担忧,QQQ,已复盘,393.40,395.28,-1.05%,-0.57%,数据不足,失败,模拟买入后收盘或相对表现不足，降低该条件权重。
2026-07-28,18:49:34,美股,ORCL,Oracle Corporation,stock,3,盘中：强势观察,当前 121.19,120.22-121.92,125.43-127.25,118.16,跌破观察区下沿、弱于基准、板块转弱或出现公告/新闻风险,84,65,收盘前仍强于基准且无事件风险时，才进入隔夜观察,云/数据库；相对基准 1.9306%。,中高风险；财报跳空;订单预期,QQQ,已复盘,119.42,119.35,-1.46%,-1.52%,数据不足,未触发,模拟执行未进入买入观察区，不计入胜率；继续检验观察区是否过窄。
2026-07-28,18:49:34,美股,CRM,"Salesforce, Inc.",stock,4,盘中：强势观察,当前 182.58,181.12-183.68,188.97-191.71,178.02,跌破观察区下沿、弱于基准、板块转弱或出现公告/新闻风险,84,30,收盘前仍强于基准且无事件风险时，才进入隔夜观察,企业软件；相对基准 6.0275%。,中风险；业绩指引;估值,QQQ,已复盘,182.01,189.81,-0.31%,+3.96%,数据不足,未触发,模拟执行未进入买入观察区，不计入胜率；继续检验观察区是否过窄。
2026-07-28,18:49:34,美股,NVDA,NVIDIA Corporation,stock,5,盘中：候选观察,当前 197.07,195.50-198.26,203.97-209.88,190.18,跌破观察区下沿、弱于基准、板块转弱或出现公告/新闻风险,79,65,收盘前仍强于基准且无事件风险时，才进入隔夜观察,AI芯片/加速器；相对基准 3.815%。,高风险；高估值;新闻/财报跳空;高波动,SMH,已复盘,195.85,192.03,-0.62%,-2.56%,数据不足,未触发,模拟执行未进入买入观察区，不计入胜率；继续检验观察区是否过窄。
2026-07-29,15:32:42,美股,CRM,"Salesforce, Inc.",stock,1,盘中：强势观察,当前 187.41,185.91-188.53,193.97-196.78,182.72,跌破观察区下沿、弱于基准、板块转弱或出现公告/新闻风险,84,30,收盘前仍强于基准且无事件风险时，才进入隔夜观察,企业软件；相对基准 4.4953%。,中风险；业绩指引;估值,QQQ,已跳过,,,,,,重复观察,同一股票同一交易日的15分钟重复观察已去重，不重复计入胜率。
2026-07-29,15:32:42,美股,MSFT,Microsoft Corporation,stock,2,盘中：候选观察,当前 394.74,391.58-397.11,408.56-414.48,384.87,跌破观察区下沿、弱于基准、板块转弱或出现公告/新闻风险,78,65,收盘前仍强于基准且无事件风险时，才进入隔夜观察,AI云/软件；相对基准 1.5925%。,中风险；监管;财报;AI资本开支担忧,QQQ,已跳过,,,,,,重复观察,同一股票同一交易日的15分钟重复观察已去重，不重复计入胜率。
2026-07-29,15:32:42,美股,GOOGL,Alphabet Inc.,stock,3,盘中：候选观察,当前 334.15,331.48-336.15,345.85-350.86,325.80,跌破观察区下沿、弱于基准、板块转弱或出现公告/新闻风险,75,65,收盘前仍强于基准且无事件风险时，才进入隔夜观察,AI应用/广告/云；相对基准 1.371%。,中风险；监管;广告周期;财报跳空,QQQ,已跳过,,,,,,重复观察,同一股票同一交易日的15分钟重复观察已去重，不重复计入胜率。
2026-07-29,16:40:38,美股,CRM,"Salesforce, Inc.",stock,1,盘中：强势观察,当前 187.76,186.26-188.89,194.34-197.15,183.07,跌破观察区下沿、弱于基准、板块转弱或出现公告/新闻风险,84,30,收盘前仍强于基准且无事件风险时，才进入隔夜观察,企业软件；相对基准 4.8774%。,中风险；业绩指引;估值,QQQ,已跳过,,,,,,重复观察,同一股票同一交易日的15分钟重复观察已去重，不重复计入胜率。
2026-07-29,16:40:38,美股,MSFT,Microsoft Corporation,stock,2,盘中：候选观察,当前 394.77,391.62-397.14,408.59-414.51,384.91,跌破观察区下沿、弱于基准、板块转弱或出现公告/新闻风险,78,65,收盘前仍强于基准且无事件风险时，才进入隔夜观察,AI云/软件；相对基准 1.7879%。,中风险；监管;财报;AI资本开支担忧,QQQ,已跳过,,,,,,重复观察,同一股票同一交易日的15分钟重复观察已去重，不重复计入胜率。
2026-07-29,16:40:38,美股,GOOGL,Alphabet Inc.,stock,3,盘中：候选观察,当前 335.18,332.50-337.19,346.91-351.94,326.80,跌破观察区下沿、弱于基准、板块转弱或出现公告/新闻风险,78,65,收盘前仍强于基准且无事件风险时，才进入隔夜观察,AI应用/广告/云；相对基准 1.8661%。,中风险；监管;广告周期;财报跳空,QQQ,已跳过,,,,,,重复观察,同一股票同一交易日的15分钟重复观察已去重，不重复计入胜率。
2026-07-29,17:58:43,美股,GOOGL,Alphabet Inc.,stock,1,盘中：强势观察,当前 337.75,335.05-339.78,349.57-354.64,329.31,跌破观察区下沿、弱于基准、板块转弱或出现公告/新闻风险,84,65,收盘前仍强于基准且无事件风险时，才进入隔夜观察,AI应用/广告/云；相对基准 2.0367%。,中风险；监管;广告周期;财报跳空,QQQ,已跳过,,,,,,重复观察,同一股票同一交易日的15分钟重复观察已去重，不重复计入胜率。
2026-07-29,17:58:43,美股,CRM,"Salesforce, Inc.",stock,2,盘中：强势观察,当前 188.81,187.29-189.94,195.41-198.25,184.08,跌破观察区下沿、弱于基准、板块转弱或出现公告/新闻风险,84,30,收盘前仍强于基准且无事件风险时，才进入隔夜观察,企业软件；相对基准 4.8509%。,中风险；业绩指引;估值,QQQ,已跳过,,,,,,重复观察,同一股票同一交易日的15分钟重复观察已去重，不重复计入胜率。
2026-07-29,17:58:43,美股,MSFT,Microsoft Corporation,stock,3,盘中：候选观察,当前 396.30,393.12-398.67,410.17-416.11,386.39,跌破观察区下沿、弱于基准、板块转弱或出现公告/新闻风险,78,65,收盘前仍强于基准且无事件风险时，才进入隔夜观察,AI云/软件；相对基准 1.5748%。,中风险；监管;财报;AI资本开支担忧,QQQ,已跳过,,,,,,重复观察,同一股票同一交易日的15分钟重复观察已去重，不重复计入胜率。
2026-07-29,17:58:43,美股,PLTR,Palantir Technologies Inc.,stock,4,盘中：候选观察,当前 125.37,124.37-126.12,129.76-133.52,120.98,跌破观察区下沿、弱于基准、板块转弱或出现公告/新闻风险,75,30,收盘前仍强于基准且无事件风险时，才进入隔夜观察,AI软件/数据分析；相对基准 2.3156%。,高风险；估值;财报跳空;高波动,QQQ,已复盘,121.14,121.83,-3.37%,-2.83%,数据不足,未触发,模拟执行未进入买入观察区，不计入胜率；继续检验观察区是否过窄。
2026-07-29,17:58:43,美股,META,"Meta Platforms, Inc.",stock,5,盘中：边缘观察,当前 593.63,588.88-597.19,614.41-623.31,578.79,跌破观察区下沿、弱于基准、板块转弱或出现公告/新闻风险,73,65,收盘前仍强于基准且无事件风险时，才进入隔夜观察,AI应用/社交广告；相对基准 0.8632%。,中高风险；监管;广告周期;资本开支,QQQ,已复盘,525.74,532.47,-11.44%,-10.30%,数据不足,未触发,模拟执行未进入买入观察区，不计入胜率；继续检验观察区是否过窄。
2026-07-29,19:37:43,美股,CRM,"Salesforce, Inc.",stock,1,盘中：强势观察,当前 189.81,188.29-190.95,196.45-199.30,185.06,跌破观察区下沿、弱于基准、板块转弱或出现公告/新闻风险,84,30,收盘前仍强于基准且无事件风险时，才进入隔夜观察,企业软件；相对基准 5.6962%。,中风险；业绩指引;估值,QQQ,已复盘,180.99,180.08,-4.65%,-5.13%,数据不足,未触发,模拟执行未进入买入观察区，不计入胜率；继续检验观察区是否过窄。
2026-07-29,19:37:43,美股,MSFT,Microsoft Corporation,stock,2,盘中：候选观察,当前 395.28,392.12-397.65,409.11-415.04,385.40,跌破观察区下沿、弱于基准、板块转弱或出现公告/新闻风险,77,65,收盘前仍强于基准且无事件风险时，才进入隔夜观察,AI云/软件；相对基准 1.6084%。,中风险；监管;财报;AI资本开支担忧,QQQ,已复盘,438.50,456.12,+10.93%,+15.39%,数据不足,命中,模拟执行后表现有效，保留相对强弱和量价过滤。
2026-07-29,19:37:43,美股,GOOGL,Alphabet Inc.,stock,3,盘中：候选观察,当前 336.21,333.52-338.23,347.98-353.02,327.80,跌破观察区下沿、弱于基准、板块转弱或出现公告/新闻风险,77,65,收盘前仍强于基准且无事件风险时，才进入隔夜观察,AI应用/广告/云；相对基准 1.8669%。,中风险；监管;广告周期;财报跳空,QQQ,已复盘,334.20,334.59,-0.60%,-0.48%,数据不足,失败,模拟买入后收盘或相对表现不足，降低该条件权重。
2026-07-30,15:18:41,美股,AMAT,"Applied Materials, Inc.",stock,1,盘中：强势观察,当前 498.51,494.52-501.50,515.96-523.44,486.05,跌破观察区下沿、弱于基准、板块转弱或出现公告/新闻风险,90,65,收盘前仍强于基准且无事件风险时，才进入隔夜观察,半导体设备；相对基准 7.8124%。,中风险；订单周期;财报风险,SMH,已跳过,,,,,,重复观察,同一股票同一交易日的15分钟重复观察已去重，不重复计入胜率。
2026-07-30,15:18:41,美股,MSFT,Microsoft Corporation,stock,2,盘中：强势观察,当前 444.57,441.01-447.24,460.13-466.80,433.46,跌破观察区下沿、弱于基准、板块转弱或出现公告/新闻风险,90,65,收盘前仍强于基准且无事件风险时，才进入隔夜观察,AI云/软件；相对基准 11.2627%。,中风险；监管;财报;AI资本开支担忧,QQQ,已跳过,,,,,,重复观察,同一股票同一交易日的15分钟重复观察已去重，不重复计入胜率。
2026-07-30,15:18:41,美股,AMZN,"Amazon.com, Inc.",stock,3,盘中：强势观察,当前 236.82,234.93-238.24,245.11-248.66,230.90,跌破观察区下沿、弱于基准、板块转弱或出现公告/新闻风险,88,65,收盘前仍强于基准且无事件风险时，才进入隔夜观察,云/电商/AI资本开支；相对基准 1.9151%。,中风险；利润率;资本开支;消费,QQQ,已跳过,,,,,,重复观察,同一股票同一交易日的15分钟重复观察已去重，不重复计入胜率。
2026-07-30,15:18:41,美股,ORCL,Oracle Corporation,stock,4,盘中：强势观察,当前 124.90,123.90-125.65,129.27-131.15,121.78,跌破观察区下沿、弱于基准、板块转弱或出现公告/新闻风险,88,65,收盘前仍强于基准且无事件风险时，才进入隔夜观察,云/数据库；相对基准 3.5092%。,中高风险；财报跳空;订单预期,QQQ,已跳过,,,,,,重复观察,同一股票同一交易日的15分钟重复观察已去重，不重复计入胜率。
2026-07-30,15:18:41,美股,MU,"Micron Technology, Inc.",stock,5,盘中：高风险强势观察,当前 849.98,843.18-855.08,879.73-905.23,820.23,跌破观察区下沿、弱于基准、板块转弱或出现公告/新闻风险,87,65,收盘前仍强于基准且无事件风险时，才进入隔夜观察,存储芯片；相对基准 8.6107%。,高风险；周期波动;财报跳空;库存周期,SMH,已复盘,919.65,835.13,+8.20%,-1.75%,数据不足,未触发,模拟执行未进入买入观察区，不计入胜率；继续检验观察区是否过窄。
2026-07-30,17:05:20,美股,AMAT,"Applied Materials, Inc.",stock,1,盘中：强势观察,当前 501.13,497.13-504.14,518.67-526.19,488.61,跌破观察区下沿、弱于基准、板块转弱或出现公告/新闻风险,91,65,收盘前仍强于基准且无事件风险时，才进入隔夜观察,半导体设备；相对基准 8.0479%。,中风险；订单周期;财报风险,SMH,已跳过,,,,,,重复观察,同一股票同一交易日的15分钟重复观察已去重，不重复计入胜率。
2026-07-30,17:05:20,美股,MSFT,Microsoft Corporation,stock,2,盘中：强势观察,当前 455.90,452.25-458.64,471.86-478.69,444.50,跌破观察区下沿、弱于基准、板块转弱或出现公告/新闻风险,91,65,收盘前仍强于基准且无事件风险时，才进入隔夜观察,AI云/软件；相对基准 13.6802%。,中风险；监管;财报;AI资本开支担忧,QQQ,已跳过,,,,,,重复观察,同一股票同一交易日的15分钟重复观察已去重，不重复计入胜率。
2026-07-30,17:05:20,美股,TSM,Taiwan Semiconductor Manufacturing Company Limited,stock,3,盘中：强势观察,当前 403.90,400.67-406.32,418.04-424.09,393.80,跌破观察区下沿、弱于基准、板块转弱或出现公告/新闻风险,88,65,收盘前仍强于基准且无事件风险时，才进入隔夜观察,半导体制造；相对基准 1.0287%。,中风险；地缘风险;ADR汇率;客户集中,SMH,已跳过,,,,,,重复观察,同一股票同一交易日的15分钟重复观察已去重，不重复计入胜率。
2026-07-30,17:05:20,美股,AMZN,"Amazon.com, Inc.",stock,4,盘中：强势观察,当前 238.66,236.75-240.09,247.01-250.59,232.69,跌破观察区下沿、弱于基准、板块转弱或出现公告/新闻风险,88,65,收盘前仍强于基准且无事件风险时，才进入隔夜观察,云/电商/AI资本开支；相对基准 2.2433%。,中风险；利润率;资本开支;消费,QQQ,已跳过,,,,,,重复观察,同一股票同一交易日的15分钟重复观察已去重，不重复计入胜率。
2026-07-30,17:05:20,美股,ORCL,Oracle Corporation,stock,5,盘中：强势观察,当前 126.11,125.11-126.87,130.53-132.42,122.96,跌破观察区下沿、弱于基准、板块转弱或出现公告/新闻风险,88,65,收盘前仍强于基准且无事件风险时，才进入隔夜观察,云/数据库；相对基准 4.0575%。,中高风险；财报跳空;订单预期,QQQ,已跳过,,,,,,重复观察,同一股票同一交易日的15分钟重复观察已去重，不重复计入胜率。
2026-07-30,18:49:48,美股,MSFT,Microsoft Corporation,stock,1,盘中：强势观察,当前 456.12,452.48-458.86,472.09-478.93,444.72,跌破观察区下沿、弱于基准、板块转弱或出现公告/新闻风险,91,65,收盘前仍强于基准且无事件风险时，才进入隔夜观察,AI云/软件；相对基准 13.6985%。,中风险；监管;财报;AI资本开支担忧,QQQ,已复盘,449.58,461.61,-1.43%,+1.20%,数据不足,未触发,模拟执行未进入买入观察区，不计入胜率；继续检验观察区是否过窄。
2026-07-30,18:49:48,美股,AMAT,"Applied Materials, Inc.",stock,2,盘中：强势观察,当前 497.15,493.17-500.13,514.55-522.01,484.72,跌破观察区下沿、弱于基准、板块转弱或出现公告/新闻风险,90,65,收盘前仍强于基准且无事件风险时，才进入隔夜观察,半导体设备；相对基准 7.5851%。,中风险；订单周期;财报风险,SMH,已复盘,532.88,516.31,+7.19%,+3.85%,数据不足,命中,模拟执行后表现有效，保留相对强弱和量价过滤。
2026-07-30,18:49:48,美股,ORCL,Oracle Corporation,stock,3,盘中：强势观察,当前 126.34,125.33-127.10,130.76-132.66,123.18,跌破观察区下沿、弱于基准、板块转弱或出现公告/新闻风险,89,65,收盘前仍强于基准且无事件风险时，才进入隔夜观察,云/数据库；相对基准 4.2093%。,中高风险；财报跳空;订单预期,QQQ,已复盘,130.07,128.74,+2.95%,+1.90%,数据不足,未触发,模拟执行未进入买入观察区，不计入胜率；继续检验观察区是否过窄。
2026-07-30,18:49:48,美股,TSM,Taiwan Semiconductor Manufacturing Company Limited,stock,4,盘中：强势观察,当前 402.99,399.76-405.40,417.09-423.13,392.91,跌破观察区下沿、弱于基准、板块转弱或出现公告/新闻风险,88,65,收盘前仍强于基准且无事件风险时，才进入隔夜观察,半导体制造；相对基准 1.2347%。,中风险；地缘风险;ADR汇率;客户集中,SMH,已复盘,419.50,405.63,+4.10%,+0.66%,数据不足,未触发,模拟执行未进入买入观察区，不计入胜率；继续检验观察区是否过窄。
2026-07-30,18:49:48,美股,AMZN,"Amazon.com, Inc.",stock,5,盘中：强势观察,当前 237.39,235.49-238.81,245.70-249.26,231.45,跌破观察区下沿、弱于基准、板块转弱或出现公告/新闻风险,88,65,收盘前仍强于基准且无事件风险时，才进入隔夜观察,云/电商/AI资本开支；相对基准 1.6432%。,中风险；利润率;资本开支;消费,QQQ,已复盘,264.98,270.86,+11.62%,+14.10%,数据不足,未触发,模拟执行未进入买入观察区，不计入胜率；继续检验观察区是否过窄。
2026-07-31,15:24:52,美股,GOOGL,Alphabet Inc.,stock,1,盘中：强势观察,当前 349.82,347.02-351.92,362.06-367.31,341.07,跌破观察区下沿、弱于基准、板块转弱或出现公告/新闻风险,91,65,收盘前仍强于基准且无事件风险时，才进入隔夜观察,AI应用/广告/云；相对基准 4.934%。,中风险；监管;广告周期;财报跳空,QQQ,已跳过,,,,,,重复观察,同一股票同一交易日的15分钟重复观察已去重，不重复计入胜率。
2026-07-31,15:24:52,美股,AMZN,"Amazon.com, Inc.",stock,2,盘中：强势观察,当前 270.00,267.84-271.62,279.45-283.50,263.25,跌破观察区下沿、弱于基准、板块转弱或出现公告/新闻风险,91,65,收盘前仍强于基准且无事件风险时，才进入隔夜观察,云/电商/AI资本开支；相对基准 14.7404%。,中风险；利润率;资本开支;消费,QQQ,已跳过,,,,,,重复观察,同一股票同一交易日的15分钟重复观察已去重，不重复计入胜率。
2026-07-31,15:24:52,美股,MSFT,Microsoft Corporation,stock,3,盘中：强势观察,当前 457.39,453.73-460.13,473.40-480.26,445.96,跌破观察区下沿、弱于基准、板块转弱或出现公告/新闻风险,85,65,收盘前仍强于基准且无事件风险时，才进入隔夜观察,AI云/软件；相对基准 1.4851%。,中风险；监管;财报;AI资本开支担忧,QQQ,已跳过,,,,,,重复观察,同一股票同一交易日的15分钟重复观察已去重，不重复计入胜率。
2026-07-31,15:24:52,美股,KLAC,KLA Corporation,stock,4,盘中：候选观察,当前 183.84,182.36-184.94,190.27-193.03,179.24,跌破观察区下沿、弱于基准、板块转弱或出现公告/新闻风险,74,65,收盘前仍强于基准且无事件风险时，才进入隔夜观察,半导体设备/检测；相对基准 1.7127%。,中风险；估值;财报风险,SMH,已跳过,,,,,,重复观察,同一股票同一交易日的15分钟重复观察已去重，不重复计入胜率。
2026-07-31,15:24:52,美股,AMAT,"Applied Materials, Inc.",stock,5,盘中：边缘观察,当前 510.09,506.01-513.15,527.94-535.59,497.34,跌破观察区下沿、弱于基准、板块转弱或出现公告/新闻风险,72,65,收盘前仍强于基准且无事件风险时，才进入隔夜观察,半导体设备；相对基准 1.4271%。,中风险；订单周期;财报风险,SMH,已跳过,,,,,,重复观察,同一股票同一交易日的15分钟重复观察已去重，不重复计入胜率。
2026-07-31,17:07:36,美股,GOOGL,Alphabet Inc.,stock,1,盘中：强势观察,当前 352.93,350.11-355.05,365.28-370.58,344.11,跌破观察区下沿、弱于基准、板块转弱或出现公告/新闻风险,91,65,收盘前仍强于基准且无事件风险时，才进入隔夜观察,AI应用/广告/云；相对基准 5.2442%。,中风险；监管;广告周期;财报跳空,QQQ,已跳过,,,,,,重复观察,同一股票同一交易日的15分钟重复观察已去重，不重复计入胜率。
2026-07-31,17:07:36,美股,AMZN,"Amazon.com, Inc.",stock,2,盘中：强势观察,当前 271.12,268.95-272.75,280.61-284.68,264.34,跌破观察区下沿、弱于基准、板块转弱或出现公告/新闻风险,91,65,收盘前仍强于基准且无事件风险时，才进入隔夜观察,云/电商/AI资本开支；相对基准 14.5942%。,中风险；利润率;资本开支;消费,QQQ,已跳过,,,,,,重复观察,同一股票同一交易日的15分钟重复观察已去重，不重复计入胜率。
2026-07-31,17:07:36,美股,MSFT,Microsoft Corporation,stock,3,盘中：强势观察,当前 461.55,457.86-464.32,477.70-484.63,450.01,跌破观察区下沿、弱于基准、板块转弱或出现公告/新闻风险,86,65,收盘前仍强于基准且无事件风险时，才进入隔夜观察,AI云/软件；相对基准 1.7855%。,中风险；监管;财报;AI资本开支担忧,QQQ,已跳过,,,,,,重复观察,同一股票同一交易日的15分钟重复观察已去重，不重复计入胜率。
2026-07-31,17:07:36,美股,META,"Meta Platforms, Inc.",stock,4,盘中：候选观察,当前 548.66,544.27-551.95,567.86-576.09,534.94,跌破观察区下沿、弱于基准、板块转弱或出现公告/新闻风险,81,65,收盘前仍强于基准且无事件风险时，才进入隔夜观察,AI应用/社交广告；相对基准 1.2554%。,中高风险；监管;广告周期;资本开支,QQQ,已跳过,,,,,,重复观察,同一股票同一交易日的15分钟重复观察已去重，不重复计入胜率。
2026-07-31,17:07:36,美股,AMAT,"Applied Materials, Inc.",stock,5,盘中：候选观察,当前 518.37,514.22-521.48,536.51-544.29,505.41,跌破观察区下沿、弱于基准、板块转弱或出现公告/新闻风险,80,65,收盘前仍强于基准且无事件风险时，才进入隔夜观察,半导体设备；相对基准 2.3675%。,中风险；订单周期;财报风险,SMH,已复盘,498.86,516.44,-3.76%,-0.37%,数据不足,失败,模拟买入后收盘或相对表现不足，降低该条件权重。
2026-07-31,18:47:17,美股,GOOGL,Alphabet Inc.,stock,1,盘中：强势观察,当前 355.36,352.52-357.49,367.80-373.13,346.48,跌破观察区下沿、弱于基准、板块转弱或出现公告/新闻风险,91,65,收盘前仍强于基准且无事件风险时，才进入隔夜观察,AI应用/广告/云；相对基准 5.7751%。,中风险；监管;广告周期;财报跳空,QQQ,已复盘,365.00,373.76,+2.71%,+5.18%,数据不足,未触发,模拟执行未进入买入观察区，不计入胜率；继续检验观察区是否过窄。
2026-07-31,18:47:17,美股,AMZN,"Amazon.com, Inc.",stock,2,盘中：强势观察,当前 270.86,268.69-272.49,280.34-284.40,264.09,跌破观察区下沿、弱于基准、板块转弱或出现公告/新闻风险,91,65,收盘前仍强于基准且无事件风险时，才进入隔夜观察,云/电商/AI资本开支；相对基准 14.2864%。,中风险；利润率;资本开支;消费,QQQ,已复盘,279.12,285.25,+3.05%,+5.31%,数据不足,命中,模拟执行后表现有效，保留相对强弱和量价过滤。
2026-07-31,18:47:17,美股,MSFT,Microsoft Corporation,stock,3,盘中：强势观察,当前 461.61,457.91-464.37,477.76-484.69,450.06,跌破观察区下沿、弱于基准、板块转弱或出现公告/新闻风险,86,65,收盘前仍强于基准且无事件风险时，才进入隔夜观察,AI云/软件；相对基准 1.6003%。,中风险；监管;财报;AI资本开支担忧,QQQ,已复盘,478.37,488.04,+3.63%,+5.73%,数据不足,命中,模拟执行后表现有效，保留相对强弱和量价过滤。
2026-07-31,18:47:17,美股,KLAC,KLA Corporation,stock,4,盘中：强势观察,当前 186.67,185.18-187.79,193.20-196.00,182.00,跌破观察区下沿、弱于基准、板块转弱或出现公告/新闻风险,83,65,收盘前仍强于基准且无事件风险时，才进入隔夜观察,半导体设备/检测；相对基准 2.4674%。,中风险；估值;财报风险,SMH,已复盘,177.97,182.18,-4.66%,-2.41%,数据不足,未触发,模拟执行未进入买入观察区，不计入胜率；继续检验观察区是否过窄。
2026-07-31,18:47:17,美股,META,"Meta Platforms, Inc.",stock,5,盘中：强势观察,当前 550.78,546.38-554.09,570.06-578.32,537.02,跌破观察区下沿、弱于基准、板块转弱或出现公告/新闻风险,83,65,收盘前仍强于基准且无事件风险时，才进入隔夜观察,AI应用/社交广告；相对基准 1.4523%。,中高风险；监管;广告周期;资本开支,QQQ,已复盘,564.05,592.12,+2.41%,+7.51%,数据不足,未触发,模拟执行未进入买入观察区，不计入胜率；继续检验观察区是否过窄。
2026-08-03,15:49:09,美股,GOOGL,Alphabet Inc.,stock,1,盘中：强势观察,当前 375.28,372.28-377.53,388.41-394.04,365.90,跌破观察区下沿、弱于基准、板块转弱或出现公告/新闻风险,91,65,收盘前仍强于基准且无事件风险时，才进入隔夜观察,AI应用/广告/云；相对基准 4.0516%。,中风险；监管;广告周期;财报跳空,QQQ,已跳过,,,,,,重复观察,同一股票同一交易日的15分钟重复观察已去重，不重复计入胜率。
2026-08-03,15:49:09,美股,AMZN,"Amazon.com, Inc.",stock,2,盘中：强势观察,当前 285.36,283.08-287.07,295.35-299.63,278.23,跌破观察区下沿、弱于基准、板块转弱或出现公告/新闻风险,91,65,收盘前仍强于基准且无事件风险时，才进入隔夜观察,云/电商/AI资本开支；相对基准 3.7484%。,中风险；利润率;资本开支;消费,QQQ,已跳过,,,,,,重复观察,同一股票同一交易日的15分钟重复观察已去重，不重复计入胜率。
2026-08-03,15:49:09,美股,MSFT,Microsoft Corporation,stock,3,盘中：强势观察,当前 486.16,482.27-489.08,503.18-510.47,474.01,跌破观察区下沿、弱于基准、板块转弱或出现公告/新闻风险,90,65,收盘前仍强于基准且无事件风险时，才进入隔夜观察,AI云/软件；相对基准 3.2879%。,中风险；监管;财报;AI资本开支担忧,QQQ,已跳过,,,,,,重复观察,同一股票同一交易日的15分钟重复观察已去重，不重复计入胜率。
2026-08-03,15:49:09,美股,META,"Meta Platforms, Inc.",stock,4,盘中：强势观察,当前 593.87,589.12-597.43,614.66-623.56,579.02,跌破观察区下沿、弱于基准、板块转弱或出现公告/新闻风险,89,65,收盘前仍强于基准且无事件风险时，才进入隔夜观察,AI应用/社交广告；相对基准 5.3493%。,中高风险；监管;广告周期;资本开支,QQQ,已跳过,,,,,,重复观察,同一股票同一交易日的15分钟重复观察已去重，不重复计入胜率。
2026-08-03,15:49:09,美股,ORCL,Oracle Corporation,stock,5,盘中：强势观察,当前 137.11,136.01-137.93,141.91-143.97,133.68,跌破观察区下沿、弱于基准、板块转弱或出现公告/新闻风险,89,65,收盘前仍强于基准且无事件风险时，才进入隔夜观察,云/数据库；相对基准 4.2492%。,中高风险；财报跳空;订单预期,QQQ,已跳过,,,,,,重复观察,同一股票同一交易日的15分钟重复观察已去重，不重复计入胜率。
2026-08-03,17:59:27,美股,MSFT,Microsoft Corporation,stock,1,盘中：强势观察,当前 488.32,484.41-491.25,505.41-512.74,476.11,跌破观察区下沿、弱于基准、板块转弱或出现公告/新闻风险,91,65,收盘前仍强于基准且无事件风险时，才进入隔夜观察,AI云/软件；相对基准 3.2541%。,中风险；监管;财报;AI资本开支担忧,QQQ,已跳过,,,,,,重复观察,同一股票同一交易日的15分钟重复观察已去重，不重复计入胜率。
2026-08-03,17:59:27,美股,GOOGL,Alphabet Inc.,stock,2,盘中：强势观察,当前 374.19,371.20-376.44,387.29-392.90,364.84,跌破观察区下沿、弱于基准、板块转弱或出现公告/新闻风险,91,65,收盘前仍强于基准且无事件风险时，才进入隔夜观察,AI应用/广告/云；相对基准 3.247%。,中风险；监管;广告周期;财报跳空,QQQ,已跳过,,,,,,重复观察,同一股票同一交易日的15分钟重复观察已去重，不重复计入胜率。
2026-08-03,17:59:27,美股,META,"Meta Platforms, Inc.",stock,3,盘中：强势观察,当前 590.50,585.77-594.04,611.16-620.02,575.73,跌破观察区下沿、弱于基准、板块转弱或出现公告/新闻风险,89,65,收盘前仍强于基准且无事件风险时，才进入隔夜观察,AI应用/社交广告；相对基准 4.2445%。,中高风险；监管;广告周期;资本开支,QQQ,已跳过,,,,,,重复观察,同一股票同一交易日的15分钟重复观察已去重，不重复计入胜率。
2026-08-03,17:59:27,美股,ORCL,Oracle Corporation,stock,4,盘中：强势观察,当前 140.14,139.02-140.98,145.04-147.15,136.64,跌破观察区下沿、弱于基准、板块转弱或出现公告/新闻风险,89,65,收盘前仍强于基准且无事件风险时，才进入隔夜观察,云/数据库；相对基准 6.0837%。,中高风险；财报跳空;订单预期,QQQ,已跳过,,,,,,重复观察,同一股票同一交易日的15分钟重复观察已去重，不重复计入胜率。
2026-08-03,17:59:27,美股,AMZN,"Amazon.com, Inc.",stock,5,盘中：强势观察,当前 283.69,281.42-285.39,293.62-297.87,276.60,跌破观察区下沿、弱于基准、板块转弱或出现公告/新闻风险,87,65,收盘前仍强于基准且无事件风险时，才进入隔夜观察,云/电商/AI资本开支；相对基准 2.6349%。,中风险；利润率;资本开支;消费,QQQ,已跳过,,,,,,重复观察,同一股票同一交易日的15分钟重复观察已去重，不重复计入胜率。
2026-08-03,19:50:56,美股,MSFT,Microsoft Corporation,stock,1,盘中：强势观察,当前 488.04,484.14-490.97,505.12-512.44,475.84,跌破观察区下沿、弱于基准、板块转弱或出现公告/新闻风险,91,65,收盘前仍强于基准且无事件风险时，才进入隔夜观察,AI云/软件；相对基准 3.1998%。,中风险；监管;财报;AI资本开支担忧,QQQ,已复盘,484.22,496.36,-0.78%,+1.70%,数据不足,未触发,模拟执行未进入买入观察区，不计入胜率；继续检验观察区是否过窄。
2026-08-03,19:50:56,美股,GOOGL,Alphabet Inc.,stock,2,盘中：强势观察,当前 373.76,370.77-376.00,386.84-392.45,364.42,跌破观察区下沿、弱于基准、板块转弱或出现公告/新闻风险,91,65,收盘前仍强于基准且无事件风险时，才进入隔夜观察,AI应用/广告/云；相对基准 3.1321%。,中风险；监管;广告周期;财报跳空,QQQ,已复盘,367.65,379.49,-1.64%,+1.53%,数据不足,命中,模拟执行后表现有效，保留相对强弱和量价过滤。
2026-08-03,19:50:56,美股,AMZN,"Amazon.com, Inc.",stock,3,盘中：强势观察,当前 285.25,282.97-286.96,295.23-299.51,278.12,跌破观察区下沿、弱于基准、板块转弱或出现公告/新闻风险,91,65,收盘前仍强于基准且无事件风险时，才进入隔夜观察,云/电商/AI资本开支；相对基准 3.2152%。,中风险；利润率;资本开支;消费,QQQ,已复盘,276.06,277.12,-3.22%,-2.85%,数据不足,未触发,模拟执行未进入买入观察区，不计入胜率；继续检验观察区是否过窄。
2026-08-03,19:50:56,美股,META,"Meta Platforms, Inc.",stock,4,盘中：强势观察,当前 592.12,587.38-595.67,612.84-621.73,577.32,跌破观察区下沿、弱于基准、板块转弱或出现公告/新闻风险,89,65,收盘前仍强于基准且无事件风险时，才进入隔夜观察,AI应用/社交广告；相对基准 4.5423%。,中高风险；监管;广告周期;资本开支,QQQ,已复盘,581.16,588.60,-1.85%,-0.59%,数据不足,未触发,模拟执行未进入买入观察区，不计入胜率；继续检验观察区是否过窄。
2026-08-03,19:50:56,美股,ORCL,Oracle Corporation,stock,5,盘中：强势观察,当前 141.48,140.35-142.33,146.43-148.55,137.94,跌破观察区下沿、弱于基准、板块转弱或出现公告/新闻风险,89,65,收盘前仍强于基准且无事件风险时，才进入隔夜观察,云/数据库；相对基准 7.1214%。,中高风险；财报跳空;订单预期,QQQ,已复盘,141.01,146.91,-0.33%,+3.84%,数据不足,未触发,模拟执行未进入买入观察区，不计入胜率；继续检验观察区是否过窄。
2026-08-04,15:30:41,美股,LRCX,Lam Research Corporation,stock,1,盘中：强势观察,当前 312.80,310.30-314.68,323.75-328.44,304.98,跌破观察区下沿、弱于基准、板块转弱或出现公告/新闻风险,88,65,收盘前仍强于基准且无事件风险时，才进入隔夜观察,半导体设备；相对基准 1.5232%。,中风险；订单周期;财报风险,SMH,已跳过,,,,,,重复观察,同一股票同一交易日的15分钟重复观察已去重，不重复计入胜率。
2026-08-04,15:30:41,美股,AVGO,Broadcom Inc.,stock,2,盘中：强势观察,当前 412.52,409.22-415.00,426.96-433.15,402.21,跌破观察区下沿、弱于基准、板块转弱或出现公告/新闻风险,87,85,收盘前仍强于基准且无事件风险时，才进入隔夜观察,AI芯片/网络；相对基准 0.5232%。,中高风险；大客户预期;财报跳空;估值波动,SMH,已跳过,,,,,,重复观察,同一股票同一交易日的15分钟重复观察已去重，不重复计入胜率。
2026-08-04,15:30:41,美股,MU,"Micron Technology, Inc.",stock,3,盘中：高风险强势观察,当前 895.00,887.84-900.37,926.32-953.17,863.67,跌破观察区下沿、弱于基准、板块转弱或出现公告/新闻风险,87,65,收盘前仍强于基准且无事件风险时，才进入隔夜观察,存储芯片；相对基准 3.2452%。,高风险；周期波动;财报跳空;库存周期,SMH,已跳过,,,,,,重复观察,同一股票同一交易日的15分钟重复观察已去重，不重复计入胜率。
2026-08-04,15:30:41,美股,AMD,"Advanced Micro Devices, Inc.",stock,4,盘中：高风险强势观察,当前 518.93,514.78-522.04,537.09-552.66,500.77,跌破观察区下沿、弱于基准、板块转弱或出现公告/新闻风险,84,65,收盘前仍强于基准且无事件风险时，才进入隔夜观察,AI GPU/半导体；相对基准 2.4243%。,高风险；高波动;产品预期;相对弱势风险,SMH,已跳过,,,,,,重复观察,同一股票同一交易日的15分钟重复观察已去重，不重复计入胜率。
2026-08-04,15:30:41,美股,KLAC,KLA Corporation,stock,5,盘中：强势观察,当前 194.12,192.57-195.29,200.92-203.83,189.27,跌破观察区下沿、弱于基准、板块转弱或出现公告/新闻风险,84,65,收盘前仍强于基准且无事件风险时，才进入隔夜观察,半导体设备/检测；相对基准 1.5733%。,中风险；估值;财报风险,SMH,已跳过,,,,,,重复观察,同一股票同一交易日的15分钟重复观察已去重，不重复计入胜率。
2026-08-04,17:14:58,美股,AVGO,Broadcom Inc.,stock,1,盘中：强势观察,当前 417.83,414.49-420.34,432.46-438.73,407.39,跌破观察区下沿、弱于基准、板块转弱或出现公告/新闻风险,90,85,收盘前仍强于基准且无事件风险时，才进入隔夜观察,AI芯片/网络；相对基准 1.0832%。,中高风险；大客户预期;财报跳空;估值波动,SMH,已跳过,,,,,,重复观察,同一股票同一交易日的15分钟重复观察已去重，不重复计入胜率。
2026-08-04,17:14:58,美股,LRCX,Lam Research Corporation,stock,2,盘中：强势观察,当前 314.95,312.43-316.84,325.97-330.70,307.08,跌破观察区下沿、弱于基准、板块转弱或出现公告/新闻风险,88,65,收盘前仍强于基准且无事件风险时，才进入隔夜观察,半导体设备；相对基准 1.4591%。,中风险；订单周期;财报风险,SMH,已跳过,,,,,,重复观察,同一股票同一交易日的15分钟重复观察已去重，不重复计入胜率。
2026-08-04,17:14:58,美股,AMD,"Advanced Micro Devices, Inc.",stock,3,盘中：高风险强势观察,当前 525.97,521.76-529.13,544.38-560.16,507.56,跌破观察区下沿、弱于基准、板块转弱或出现公告/新闻风险,87,65,收盘前仍强于基准且无事件风险时，才进入隔夜观察,AI GPU/半导体；相对基准 3.0831%。,高风险；高波动;产品预期;相对弱势风险,SMH,已跳过,,,,,,重复观察,同一股票同一交易日的15分钟重复观察已去重，不重复计入胜率。
2026-08-04,17:14:58,美股,ORCL,Oracle Corporation,stock,4,盘中：强势观察,当前 148.04,146.86-148.93,153.22-155.44,144.34,跌破观察区下沿、弱于基准、板块转弱或出现公告/新闻风险,86,65,收盘前仍强于基准且无事件风险时，才进入隔夜观察,云/数据库；相对基准 1.2548%。,中高风险；财报跳空;订单预期,QQQ,已复盘,145.00,144.09,-2.05%,-2.67%,数据不足,未触发,模拟执行未进入买入观察区，不计入胜率；继续检验观察区是否过窄。
2026-08-04,17:14:58,美股,MU,"Micron Technology, Inc.",stock,5,盘中：高风险强势观察,当前 895.54,888.38-900.91,926.88-953.75,864.20,跌破观察区下沿、弱于基准、板块转弱或出现公告/新闻风险,84,65,收盘前仍强于基准且无事件风险时，才进入隔夜观察,存储芯片；相对基准 2.5165%。,高风险；周期波动;财报跳空;库存周期,SMH,已跳过,,,,,,重复观察,同一股票同一交易日的15分钟重复观察已去重，不重复计入胜率。
2026-08-04,18:58:32,美股,AVGO,Broadcom Inc.,stock,1,盘中：强势观察,当前 420.05,416.69-422.57,434.75-441.05,409.55,跌破观察区下沿、弱于基准、板块转弱或出现公告/新闻风险,90,85,收盘前仍强于基准且无事件风险时，才进入隔夜观察,AI芯片/网络；相对基准 1.2757%。,中高风险；大客户预期;财报跳空;估值波动,SMH,已复盘,422.34,421.12,+0.55%,+0.26%,数据不足,未触发,模拟执行未进入买入观察区，不计入胜率；继续检验观察区是否过窄。
2026-08-04,18:58:32,美股,LRCX,Lam Research Corporation,stock,2,盘中：强势观察,当前 316.23,313.70-318.13,327.30-332.04,308.32,跌破观察区下沿、弱于基准、板块转弱或出现公告/新闻风险,88,65,收盘前仍强于基准且无事件风险时，才进入隔夜观察,半导体设备；相对基准 1.5214%。,中风险；订单周期;财报风险,SMH,已复盘,317.19,311.88,+0.30%,-1.38%,数据不足,失败,模拟买入后收盘或相对表现不足，降低该条件权重。
2026-08-04,18:58:32,美股,KLAC,KLA Corporation,stock,3,盘中：强势观察,当前 195.80,194.23-196.97,202.65-205.59,190.91,跌破观察区下沿、弱于基准、板块转弱或出现公告/新闻风险,88,65,收盘前仍强于基准且无事件风险时，才进入隔夜观察,半导体设备/检测；相对基准 1.3238%。,中风险；估值;财报风险,SMH,已复盘,195.46,193.22,-0.17%,-1.32%,数据不足,失败,模拟买入后收盘或相对表现不足，降低该条件权重。
2026-08-04,18:58:32,美股,AMD,"Advanced Micro Devices, Inc.",stock,4,盘中：高风险强势观察,当前 528.21,523.98-531.38,546.70-562.54,509.72,跌破观察区下沿、弱于基准、板块转弱或出现公告/新闻风险,87,65,收盘前仍强于基准且无事件风险时，才进入隔夜观察,AI GPU/半导体；相对基准 3.1731%。,高风险；高波动;产品预期;相对弱势风险,SMH,已复盘,484.49,487.49,-8.28%,-7.71%,数据不足,未触发,模拟执行未进入买入观察区，不计入胜率；继续检验观察区是否过窄。
2026-08-04,18:58:32,美股,MU,"Micron Technology, Inc.",stock,5,盘中：高风险强势观察,当前 894.82,887.66-900.18,926.13-952.98,863.50,跌破观察区下沿、弱于基准、板块转弱或出现公告/新闻风险,84,65,收盘前仍强于基准且无事件风险时，才进入隔夜观察,存储芯片；相对基准 2.0569%。,高风险；周期波动;财报跳空;库存周期,SMH,已复盘,885.30,916.50,-1.06%,+2.42%,数据不足,未触发,模拟执行未进入买入观察区，不计入胜率；继续检验观察区是否过窄。
2026-08-05,15:22:07,美股,NVDA,NVIDIA Corporation,stock,1,盘中：高风险强势观察,当前 219.60,217.85-220.92,227.29-233.88,211.92,跌破观察区下沿、弱于基准、板块转弱或出现公告/新闻风险,86,65,收盘前仍强于基准且无事件风险时，才进入隔夜观察,AI芯片/加速器；相对基准 4.0717%。,高风险；高估值;新闻/财报跳空;高波动,SMH,已跳过,,,,,,重复观察,同一股票同一交易日的15分钟重复观察已去重，不重复计入胜率。
2026-08-05,15:22:07,美股,MU,"Micron Technology, Inc.",stock,2,盘中：高风险强势观察,当前 918.38,911.04-923.90,950.53-978.08,886.24,跌破观察区下沿、弱于基准、板块转弱或出现公告/新闻风险,85,65,收盘前仍强于基准且无事件风险时，才进入隔夜观察,存储芯片；相对基准 3.3358%。,高风险；周期波动;财报跳空;库存周期,SMH,已跳过,,,,,,重复观察,同一股票同一交易日的15分钟重复观察已去重，不重复计入胜率。
2026-08-05,15:22:07,美股,AVGO,Broadcom Inc.,stock,3,盘中：候选观察,当前 420.72,417.35-423.24,435.45-441.76,410.20,跌破观察区下沿、弱于基准、板块转弱或出现公告/新闻风险,74,85,收盘前仍强于基准且无事件风险时，才进入隔夜观察,AI芯片/网络；相对基准 1.0673%。,中高风险；大客户预期;财报跳空;估值波动,SMH,已跳过,,,,,,重复观察,同一股票同一交易日的15分钟重复观察已去重，不重复计入胜率。
2026-08-05,17:04:51,美股,NVDA,NVIDIA Corporation,stock,1,盘中：高风险强势观察,当前 220.87,219.10-222.20,228.60-235.23,213.14,跌破观察区下沿、弱于基准、板块转弱或出现公告/新闻风险,87,65,收盘前仍强于基准且无事件风险时，才进入隔夜观察,AI芯片/加速器；相对基准 4.1961%。,高风险；高估值;新闻/财报跳空;高波动,SMH,已跳过,,,,,,重复观察,同一股票同一交易日的15分钟重复观察已去重，不重复计入胜率。
2026-08-05,17:04:51,美股,MU,"Micron Technology, Inc.",stock,2,盘中：高风险强势观察,当前 922.23,914.85-927.76,954.51-982.17,889.95,跌破观察区下沿、弱于基准、板块转弱或出现公告/新闻风险,87,65,收盘前仍强于基准且无事件风险时，才进入隔夜观察,存储芯片；相对基准 3.294%。,高风险；周期波动;财报跳空;库存周期,SMH,已跳过,,,,,,重复观察,同一股票同一交易日的15分钟重复观察已去重，不重复计入胜率。
2026-08-05,17:04:51,美股,INTC,Intel Corporation,stock,3,盘中：候选观察,当前 102.00,101.18-102.61,105.57-108.63,98.43,跌破观察区下沿、弱于基准、板块转弱或出现公告/新闻风险,75,30,收盘前仍强于基准且无事件风险时，才进入隔夜观察,半导体制造/CPU；相对基准 1.1129%。,高风险；转型风险;财报跳空;高波动,SMH,已跳过,,,,,,重复观察,同一股票同一交易日的15分钟重复观察已去重，不重复计入胜率。
2026-08-05,17:04:51,美股,AVGO,Broadcom Inc.,stock,4,盘中：边缘观察,当前 420.73,417.36-423.25,435.46-441.77,410.21,跌破观察区下沿、弱于基准、板块转弱或出现公告/新闻风险,71,85,收盘前仍强于基准且无事件风险时，才进入隔夜观察,AI芯片/网络；相对基准 0.5972%。,中高风险；大客户预期;财报跳空;估值波动,SMH,已跳过,,,,,,重复观察,同一股票同一交易日的15分钟重复观察已去重，不重复计入胜率。
2026-08-05,18:56:03,美股,NVDA,NVIDIA Corporation,stock,1,盘中：高风险强势观察,当前 221.40,219.63-222.73,229.15-235.79,213.65,跌破观察区下沿、弱于基准、板块转弱或出现公告/新闻风险,87,65,收盘前仍强于基准且无事件风险时，才进入隔夜观察,AI芯片/加速器；相对基准 4.5625%。,高风险；高估值;新闻/财报跳空;高波动,SMH,已复盘,221.53,217.92,+0.06%,-1.57%,数据不足,未触发,模拟执行未进入买入观察区，不计入胜率；继续检验观察区是否过窄。
2026-08-05,18:56:03,美股,MU,"Micron Technology, Inc.",stock,2,盘中：高风险强势观察,当前 916.50,909.17-922.00,948.58-976.07,884.42,跌破观察区下沿、弱于基准、板块转弱或出现公告/新闻风险,82,65,收盘前仍强于基准且无事件风险时，才进入隔夜观察,存储芯片；相对基准 2.7685%。,高风险；周期波动;财报跳空;库存周期,SMH,已复盘,843.11,907.97,-8.01%,-0.93%,数据不足,未触发,模拟执行未进入买入观察区，不计入胜率；继续检验观察区是否过窄。
2026-08-05,18:56:03,美股,INTC,Intel Corporation,stock,3,盘中：候选观察,当前 102.03,101.22-102.65,105.61-108.67,98.46,跌破观察区下沿、弱于基准、板块转弱或出现公告/新闻风险,75,30,收盘前仍强于基准且无事件风险时，才进入隔夜观察,半导体制造/CPU；相对基准 1.264%。,高风险；转型风险;财报跳空;高波动,SMH,已复盘,98.22,101.44,-3.73%,-0.58%,数据不足,未触发,模拟执行未进入买入观察区，不计入胜率；继续检验观察区是否过窄。
2026-08-05,18:56:03,美股,AVGO,Broadcom Inc.,stock,4,盘中：边缘观察,当前 421.12,417.76-423.65,435.86-442.18,410.60,跌破观察区下沿、弱于基准、板块转弱或出现公告/新闻风险,71,85,收盘前仍强于基准且无事件风险时，才进入隔夜观察,AI芯片/网络；相对基准 0.8081%。,中高风险；大客户预期;财报跳空;估值波动,SMH,已复盘,420.55,423.28,-0.14%,+0.51%,数据不足,未触发,模拟执行未进入买入观察区，不计入胜率；继续检验观察区是否过窄。
2026-08-06,15:25:04,美股,MSFT,Microsoft Corporation,stock,1,盘中：强势观察,当前 495.84,491.87-498.82,513.19-520.63,483.44,跌破观察区下沿、弱于基准、板块转弱或出现公告/新闻风险,86,65,收盘前仍强于基准且无事件风险时，才进入隔夜观察,AI云/软件；相对基准 1.8118%。,中风险；监管;财报;AI资本开支担忧,QQQ,已复盘,499.21,499.99,+0.68%,+0.84%,-0.33%,未触发,模拟执行未进入买入观察区，不计入胜率；继续检验观察区是否过窄。
2026-08-06,15:25:04,美股,ASML,ASML Holding N.V.,stock,2,盘中：强势观察,当前 1725.00,1711.20-1735.35,1785.37-1811.25,1681.88,跌破观察区下沿、弱于基准、板块转弱或出现公告/新闻风险,82,65,收盘前仍强于基准且无事件风险时，才进入隔夜观察,半导体设备；相对基准 1.4396%。,中风险；出口限制;订单周期;欧洲ADR波动,SMH,已复盘,1759.58,1740.99,+2.00%,+0.93%,-1.03%,未触发,模拟执行未进入买入观察区，不计入胜率；继续检验观察区是否过窄。
2026-08-06,15:25:04,美股,AMD,"Advanced Micro Devices, Inc.",stock,3,盘中：候选观察,当前 491.03,487.10-493.98,508.22-522.95,473.84,跌破观察区下沿、弱于基准、板块转弱或出现公告/新闻风险,79,65,收盘前仍强于基准且无事件风险时，才进入隔夜观察,AI GPU/半导体；相对基准 0.515%。,高风险；高波动;产品预期;相对弱势风险,SMH,已复盘,497.94,483.36,+1.41%,-1.56%,-3.52%,未触发,模拟执行未进入买入观察区，不计入胜率；继续检验观察区是否过窄。
2026-08-06,15:25:04,美股,MU,"Micron Technology, Inc.",stock,4,盘中：候选观察,当前 907.97,900.70-913.41,939.74-966.98,876.19,跌破观察区下沿、弱于基准、板块转弱或出现公告/新闻风险,79,65,收盘前仍强于基准且无事件风险时，才进入隔夜观察,存储芯片；相对基准 0.3063%。,高风险；周期波动;财报跳空;库存周期,SMH,已复盘,904.65,877.57,-0.37%,-3.35%,-5.31%,未触发,模拟执行未进入买入观察区，不计入胜率；继续检验观察区是否过窄。
2026-08-06,15:25:04,美股,LRCX,Lam Research Corporation,stock,5,盘中：候选观察,当前 312.09,309.59-313.96,323.01-327.69,304.29,跌破观察区下沿、弱于基准、板块转弱或出现公告/新闻风险,79,65,收盘前仍强于基准且无事件风险时，才进入隔夜观察,半导体设备；相对基准 0.1712%。,中风险；订单周期;财报风险,SMH,已复盘,309.63,311.35,-0.79%,-0.24%,-2.20%,失败,模拟买入后收盘或相对表现不足，降低该条件权重。
2026-08-10,03:13:21,A股,600519,贵州茅台,stock,1,盘中：强势观察,当前 1348.69,1337.90-1356.78,1395.89-1416.12,1314.97,跌破观察区下沿、弱于基准、板块转弱或出现公告/新闻风险,88,40,隔夜降权：只做观察，不作为自动模拟买入；需次日重新确认强于基准和尾盘承接。,消费/白酒；相对基准 3.4122%。,低风险；消费预期;外资权重波动,沪深300,已跳过,,,,,,重复观察,同一股票同一交易日的15分钟重复观察已去重，不重复计入胜率。
2026-08-10,03:13:21,A股,000333,美的集团,stock,2,盘中：强势观察,当前 85.53,84.85-86.04,88.52-89.81,83.39,跌破观察区下沿、弱于基准、板块转弱或出现公告/新闻风险,83,40,隔夜降权：只做观察，不作为自动模拟买入；需次日重新确认强于基准和尾盘承接。,家电/消费；相对基准 2.8285%。,低风险；消费周期;汇率/出口,沪深300,已跳过,,,,,,重复观察,同一股票同一交易日的15分钟重复观察已去重，不重复计入胜率。
2026-08-10,03:13:21,A股,600941,中国移动,stock,3,盘中：候选观察,当前 97.16,96.38-97.74,100.56-102.02,94.73,跌破观察区下沿、弱于基准、板块转弱或出现公告/新闻风险,79,40,隔夜降权：只做观察，不作为自动模拟买入；需次日重新确认强于基准和尾盘承接。,通信/高股息；相对基准 2.1356%。,低风险；政策/估值;低弹性,沪深300,已跳过,,,,,,重复观察,同一股票同一交易日的15分钟重复观察已去重，不重复计入胜率。
2026-08-10,03:13:21,A股,002371,北方华创,stock,4,盘中：候选观察,当前 763.05,756.95-767.63,789.76-801.20,743.97,跌破观察区下沿、弱于基准、板块转弱或出现公告/新闻风险,75,50,隔夜降权：只做观察，不作为自动模拟买入；需次日重新确认强于基准和尾盘承接。,半导体设备；相对基准 1.8682%。,中高风险；估值波动;订单预期,沪深300,已复盘,753.03,746.10,-1.31%,-2.22%,-1.41%,未触发,模拟执行未进入买入观察区，不计入胜率；继续检验观察区是否过窄。
2026-08-10,03:13:21,A股,002594,比亚迪,stock,5,盘中：候选观察,当前 90.75,90.02-91.29,93.93-95.29,88.48,跌破观察区下沿、弱于基准、板块转弱或出现公告/新闻风险,74,50,隔夜降权：只做观察，不作为自动模拟买入；需次日重新确认强于基准和尾盘承接。,新能源车；相对基准 1.1859%。,中风险；销量/价格战;海外政策风险,沪深300,已跳过,,,,,,重复观察,同一股票同一交易日的15分钟重复观察已去重，不重复计入胜率。
2026-08-10,04:56:48,A股,A_SHARE_DATA_INSUFFICIENT,A股行情时间戳过旧，本轮跳过评分,skip,0,数据不足/本轮跳过,数据不足,数据不足,数据不足,数据不足,等待下一轮可核验行情后再评估,,,不判断隔夜,A股行情时间戳过旧，本轮跳过评分,行情时间戳过旧或关键字段不足时不输出价格、评分、止盈止损,,数据不足/本轮跳过,,,,,,不计胜率,等待下一轮可核验行情后再运行评分
2026-08-10,06:14:13,A股,300750,宁德时代,stock,1,盘中：强势观察,当前 393.13,389.98-395.49,406.89-412.79,383.30,跌破观察区下沿、弱于基准、板块转弱或出现公告/新闻风险,88,75,收盘前仍强于基准且无事件风险时，才进入隔夜观察,新能源电池；相对基准 2.9206%。,中风险；行业价格战;政策/销量预期,创业板指,已跳过,,,,,,重复观察,同一股票同一交易日的15分钟重复观察已去重，不重复计入胜率。
2026-08-10,06:14:13,A股,600519,贵州茅台,stock,2,盘中：强势观察,当前 1349.98,1339.18-1358.08,1397.23-1417.48,1316.23,跌破观察区下沿、弱于基准、板块转弱或出现公告/新闻风险,88,40,隔夜降权：只做观察，不作为自动模拟买入；需次日重新确认强于基准和尾盘承接。,消费/白酒；相对基准 3.21%。,低风险；消费预期;外资权重波动,沪深300,已跳过,,,,,,重复观察,同一股票同一交易日的15分钟重复观察已去重，不重复计入胜率。
2026-08-10,06:14:13,A股,002594,比亚迪,stock,3,盘中：强势观察,当前 91.18,90.45-91.73,94.37-95.74,88.90,跌破观察区下沿、弱于基准、板块转弱或出现公告/新闻风险,86,65,隔夜降权：只做观察，不作为自动模拟买入；需次日重新确认强于基准和尾盘承接。,新能源车；相对基准 1.3628%。,中风险；销量/价格战;海外政策风险,沪深300,已跳过,,,,,,重复观察,同一股票同一交易日的15分钟重复观察已去重，不重复计入胜率。
2026-08-10,06:14:13,A股,000333,美的集团,stock,4,盘中：强势观察,当前 85.28,84.60-85.79,88.26-89.54,83.15,跌破观察区下沿、弱于基准、板块转弱或出现公告/新闻风险,83,40,隔夜降权：只做观察，不作为自动模拟买入；需次日重新确认强于基准和尾盘承接。,家电/消费；相对基准 2.2284%。,低风险；消费周期;汇率/出口,沪深300,已跳过,,,,,,重复观察,同一股票同一交易日的15分钟重复观察已去重，不重复计入胜率。
2026-08-10,06:14:13,A股,600941,中国移动,stock,5,盘中：候选观察,当前 96.60,95.83-97.18,99.98-101.43,94.18,跌破观察区下沿、弱于基准、板块转弱或出现公告/新闻风险,76,30,隔夜降权：只做观察，不作为自动模拟买入；需次日重新确认强于基准和尾盘承接。,通信/高股息；相对基准 1.2485%。,低风险；政策/估值;低弹性,沪深300,已复盘,96.52,96.42,-0.08%,-0.19%,+0.62%,未触发,模拟执行未进入买入观察区，不计入胜率；继续检验观察区是否过窄。
2026-08-10,08:07:23,A股,300750,宁德时代,stock,1,盘中：强势观察,当前 393.87,390.72-396.23,407.66-413.56,384.02,跌破观察区下沿、弱于基准、板块转弱或出现公告/新闻风险,88,75,收盘前仍强于基准且无事件风险时，才进入隔夜观察,新能源电池；相对基准 2.589%。,中风险；行业价格战;政策/销量预期,创业板指,已复盘,395.00,390.40,+0.29%,-0.88%,-1.22%,未触发,模拟执行未进入买入观察区，不计入胜率；继续检验观察区是否过窄。
2026-08-10,08:07:23,A股,002594,比亚迪,stock,2,盘中：强势观察,当前 91.15,90.42-91.70,94.34-95.71,88.87,跌破观察区下沿、弱于基准、板块转弱或出现公告/新闻风险,86,65,隔夜降权：只做观察，不作为自动模拟买入；需次日重新确认强于基准和尾盘承接。,新能源车；相对基准 1.0712%。,中风险；销量/价格战;海外政策风险,沪深300,已复盘,91.18,90.12,+0.03%,-1.13%,-0.32%,未触发,模拟执行未进入买入观察区，不计入胜率；继续检验观察区是否过窄。
2026-08-10,08:07:23,A股,601138,工业富联,stock,3,盘中：强势观察,当前 69.18,68.63-69.60,71.60-72.64,67.45,跌破观察区下沿、弱于基准、板块转弱或出现公告/新闻风险,85,85,收盘前仍强于基准且无事件风险时，才进入隔夜观察,AI硬件/服务器；相对基准 1.8251%。,中高风险；题材拥挤;尾盘兑现;公告风险,科创50,已复盘,67.93,66.01,-1.81%,-4.58%,-2.95%,未触发,模拟执行未进入买入观察区，不计入胜率；继续检验观察区是否过窄。
2026-08-10,08:07:23,A股,600519,贵州茅台,stock,4,盘中：强势观察,当前 1348.86,1338.07-1356.95,1396.07-1416.30,1315.14,跌破观察区下沿、弱于基准、板块转弱或出现公告/新闻风险,85,40,隔夜降权：只做观察，不作为自动模拟买入；需次日重新确认强于基准和尾盘承接。,消费/白酒；相对基准 2.8662%。,低风险；消费预期;外资权重波动,沪深300,已复盘,1348.00,1346.50,-0.06%,-0.17%,+0.64%,未触发,模拟执行未进入买入观察区，不计入胜率；继续检验观察区是否过窄。
2026-08-10,08:07:23,A股,000333,美的集团,stock,5,盘中：候选观察,当前 85.30,84.62-85.81,88.29-89.56,83.17,跌破观察区下沿、弱于基准、板块转弱或出现公告/新闻风险,81,30,隔夜降权：只做观察，不作为自动模拟买入；需次日重新确认强于基准和尾盘承接。,家电/消费；相对基准 1.9941%。,低风险；消费周期;汇率/出口,沪深300,已复盘,85.26,85.62,-0.05%,+0.38%,+1.19%,未触发,模拟执行未进入买入观察区，不计入胜率；继续检验观察区是否过窄。
2026-08-10,14:23:12,美股,MSFT,Microsoft Corporation,stock,1,盘中：强势观察,当前 510.34,506.25-513.40,528.20-535.85,497.58,跌破观察区下沿、弱于基准、板块转弱或出现公告/新闻风险,86,65,收盘前仍强于基准且无事件风险时，才进入隔夜观察,AI云/软件；相对基准 1.9682%。,中风险；监管;财报;AI资本开支担忧,QQQ,已跳过,,,,,,重复观察,同一股票同一交易日的15分钟重复观察已去重，不重复计入胜率。
2026-08-10,14:23:12,美股,META,"Meta Platforms, Inc.",stock,2,盘中：强势观察,当前 602.10,597.28-605.71,623.17-632.21,587.05,跌破观察区下沿、弱于基准、板块转弱或出现公告/新闻风险,82,65,收盘前仍强于基准且无事件风险时，才进入隔夜观察,AI应用/社交广告；相对基准 1.5879%。,中高风险；监管;广告周期;资本开支,QQQ,已跳过,,,,,,重复观察,同一股票同一交易日的15分钟重复观察已去重，不重复计入胜率。
2026-08-10,14:23:12,美股,AVGO,Broadcom Inc.,stock,3,盘中：候选观察,当前 430.62,427.18-433.20,445.69-452.15,419.85,跌破观察区下沿、弱于基准、板块转弱或出现公告/新闻风险,79,85,收盘前仍强于基准且无事件风险时，才进入隔夜观察,AI芯片/网络；相对基准 1.1629%。,中高风险；大客户预期;财报跳空;估值波动,SMH,已复盘,426.45,416.08,-0.97%,-3.38%,-4.00%,未触发,模拟执行未进入买入观察区，不计入胜率；继续检验观察区是否过窄。
2026-08-10,14:23:12,美股,ORCL,Oracle Corporation,stock,4,盘中：候选观察,当前 148.99,147.80-149.88,154.20-156.44,145.27,跌破观察区下沿、弱于基准、板块转弱或出现公告/新闻风险,77,65,收盘前仍强于基准且无事件风险时，才进入隔夜观察,云/数据库；相对基准 1.239%。,中高风险；财报跳空;订单预期,QQQ,已跳过,,,,,,重复观察,同一股票同一交易日的15分钟重复观察已去重，不重复计入胜率。
2026-08-10,14:23:12,美股,PLTR,Palantir Technologies Inc.,stock,5,盘中：候选观察,当前 177.23,175.81-178.29,183.43-188.75,171.03,跌破观察区下沿、弱于基准、板块转弱或出现公告/新闻风险,77,30,收盘前仍强于基准且无事件风险时，才进入隔夜观察,AI软件/数据分析；相对基准 2.9337%。,高风险；估值;财报跳空;高波动,QQQ,已跳过,,,,,,重复观察,同一股票同一交易日的15分钟重复观察已去重，不重复计入胜率。
2026-08-10,15:31:52,美股,AMZN,"Amazon.com, Inc.",stock,1,盘中：强势观察,当前 279.36,277.13-281.04,289.14-293.33,272.38,跌破观察区下沿、弱于基准、板块转弱或出现公告/新闻风险,86,65,收盘前仍强于基准且无事件风险时，才进入隔夜观察,云/电商/AI资本开支；相对基准 2.002%。,中风险；利润率;资本开支;消费,QQQ,已跳过,,,,,,重复观察,同一股票同一交易日的15分钟重复观察已去重，不重复计入胜率。
2026-08-10,15:31:52,美股,MSFT,Microsoft Corporation,stock,2,盘中：强势观察,当前 509.61,505.53-512.67,527.45-535.09,496.87,跌破观察区下沿、弱于基准、板块转弱或出现公告/新闻风险,85,65,收盘前仍强于基准且无事件风险时，才进入隔夜观察,AI云/软件；相对基准 2.1481%。,中风险；监管;财报;AI资本开支担忧,QQQ,已跳过,,,,,,重复观察,同一股票同一交易日的15分钟重复观察已去重，不重复计入胜率。
2026-08-10,15:31:52,美股,META,"Meta Platforms, Inc.",stock,3,盘中：候选观察,当前 599.63,594.84-603.23,620.62-629.62,584.64,跌破观察区下沿、弱于基准、板块转弱或出现公告/新闻风险,81,65,收盘前仍强于基准且无事件风险时，才进入隔夜观察,AI应用/社交广告；相对基准 1.4965%。,中高风险；监管;广告周期;资本开支,QQQ,已复盘,597.73,599.12,-0.32%,-0.09%,+0.25%,未触发,模拟执行未进入买入观察区，不计入胜率；继续检验观察区是否过窄。
2026-08-10,15:31:52,美股,ORCL,Oracle Corporation,stock,4,盘中：候选观察,当前 149.45,148.25-150.35,154.68-156.92,145.71,跌破观察区下沿、弱于基准、板块转弱或出现公告/新闻风险,81,65,收盘前仍强于基准且无事件风险时，才进入隔夜观察,云/数据库；相对基准 1.8769%。,中高风险；财报跳空;订单预期,QQQ,已跳过,,,,,,重复观察,同一股票同一交易日的15分钟重复观察已去重，不重复计入胜率。
2026-08-10,15:31:52,美股,PLTR,Palantir Technologies Inc.,stock,5,盘中：候选观察,当前 178.15,176.72-179.22,184.39-189.73,171.91,跌破观察区下沿、弱于基准、板块转弱或出现公告/新闻风险,80,30,收盘前仍强于基准且无事件风险时，才进入隔夜观察,AI软件/数据分析；相对基准 3.7937%。,高风险；估值;财报跳空;高波动,QQQ,已跳过,,,,,,重复观察,同一股票同一交易日的15分钟重复观察已去重，不重复计入胜率。
2026-08-10,16:27:17,美股,MSFT,Microsoft Corporation,stock,1,盘中：强势观察,当前 510.57,506.49-513.63,528.44-536.10,497.81,跌破观察区下沿、弱于基准、板块转弱或出现公告/新闻风险,86,65,收盘前仍强于基准且无事件风险时，才进入隔夜观察,AI云/软件；相对基准 2.163%。,中风险；监管;财报;AI资本开支担忧,QQQ,已跳过,,,,,,重复观察,同一股票同一交易日的15分钟重复观察已去重，不重复计入胜率。
2026-08-10,16:27:17,美股,AMZN,"Amazon.com, Inc.",stock,2,盘中：强势观察,当前 278.32,276.09-279.99,288.06-292.23,271.36,跌破观察区下沿、弱于基准、板块转弱或出现公告/新闻风险,86,65,收盘前仍强于基准且无事件风险时，才进入隔夜观察,云/电商/AI资本开支；相对基准 1.4453%。,中风险；利润率;资本开支;消费,QQQ,已跳过,,,,,,重复观察,同一股票同一交易日的15分钟重复观察已去重，不重复计入胜率。
2026-08-10,16:27:17,美股,ORCL,Oracle Corporation,stock,3,盘中：强势观察,当前 150.00,148.80-150.89,155.24-157.49,146.25,跌破观察区下沿、弱于基准、板块转弱或出现公告/新闻风险,84,65,收盘前仍强于基准且无事件风险时，才进入隔夜观察,云/数据库；相对基准 2.0705%。,中高风险；财报跳空;订单预期,QQQ,已跳过,,,,,,重复观察,同一股票同一交易日的15分钟重复观察已去重，不重复计入胜率。
2026-08-10,16:27:17,美股,PLTR,Palantir Technologies Inc.,stock,4,盘中：候选观察,当前 178.08,176.66-179.15,184.31-189.66,171.85,跌破观察区下沿、弱于基准、板块转弱或出现公告/新闻风险,80,30,收盘前仍强于基准且无事件风险时，才进入隔夜观察,AI软件/数据分析；相对基准 3.5759%。,高风险；估值;财报跳空;高波动,QQQ,已跳过,,,,,,重复观察,同一股票同一交易日的15分钟重复观察已去重，不重复计入胜率。
2026-08-10,16:27:17,美股,MU,"Micron Technology, Inc.",stock,5,盘中：候选观察,当前 880.66,873.61-885.94,911.48-937.90,849.84,跌破观察区下沿、弱于基准、板块转弱或出现公告/新闻风险,75,65,收盘前仍强于基准且无事件风险时，才进入隔夜观察,存储芯片；相对基准 1.4504%。,高风险；周期波动;财报跳空;库存周期,SMH,已跳过,,,,,,重复观察,同一股票同一交易日的15分钟重复观察已去重，不重复计入胜率。
2026-08-10,17:29:21,美股,ORCL,Oracle Corporation,stock,1,盘中：强势观察,当前 151.67,150.46-152.58,156.98-159.25,147.88,跌破观察区下沿、弱于基准、板块转弱或出现公告/新闻风险,89,65,收盘前仍强于基准且无事件风险时，才进入隔夜观察,云/数据库；相对基准 3.3039%。,中高风险；财报跳空;订单预期,QQQ,已跳过,,,,,,重复观察,同一股票同一交易日的15分钟重复观察已去重，不重复计入胜率。
2026-08-10,17:29:21,美股,AMZN,"Amazon.com, Inc.",stock,2,盘中：强势观察,当前 277.73,275.51-279.40,287.45-291.62,270.79,跌破观察区下沿、弱于基准、板块转弱或出现公告/新闻风险,85,65,收盘前仍强于基准且无事件风险时，才进入隔夜观察,云/电商/AI资本开支；相对基准 1.3252%。,中风险；利润率;资本开支;消费,QQQ,已跳过,,,,,,重复观察,同一股票同一交易日的15分钟重复观察已去重，不重复计入胜率。
2026-08-10,17:29:21,美股,MSFT,Microsoft Corporation,stock,3,盘中：强势观察,当前 508.36,504.29-511.41,526.15-533.78,495.65,跌破观察区下沿、弱于基准、板块转弱或出现公告/新闻风险,83,65,收盘前仍强于基准且无事件风险时，才进入隔夜观察,AI云/软件；相对基准 1.8151%。,中风险；监管;财报;AI资本开支担忧,QQQ,已跳过,,,,,,重复观察,同一股票同一交易日的15分钟重复观察已去重，不重复计入胜率。
2026-08-10,17:29:21,美股,PLTR,Palantir Technologies Inc.,stock,4,盘中：候选观察,当前 177.43,176.01-178.49,183.64-188.96,171.22,跌破观察区下沿、弱于基准、板块转弱或出现公告/新闻风险,80,30,收盘前仍强于基准且无事件风险时，才进入隔夜观察,AI软件/数据分析；相对基准 3.2921%。,高风险；估值;财报跳空;高波动,QQQ,已复盘,174.22,174.94,-1.81%,-1.40%,-1.06%,未触发,模拟执行未进入买入观察区，不计入胜率；继续检验观察区是否过窄。
2026-08-10,17:29:21,美股,MU,"Micron Technology, Inc.",stock,5,盘中：候选观察,当前 881.87,874.82-887.16,912.74-939.19,851.00,跌破观察区下沿、弱于基准、板块转弱或出现公告/新闻风险,75,65,收盘前仍强于基准且无事件风险时，才进入隔夜观察,存储芯片；相对基准 1.9161%。,高风险；周期波动;财报跳空;库存周期,SMH,已跳过,,,,,,重复观察,同一股票同一交易日的15分钟重复观察已去重，不重复计入胜率。
2026-08-10,18:27:45,美股,ORCL,Oracle Corporation,stock,1,盘中：强势观察,当前 150.57,149.37-151.47,155.84-158.10,146.81,跌破观察区下沿、弱于基准、板块转弱或出现公告/新闻风险,84,65,收盘前仍强于基准且无事件风险时，才进入隔夜观察,云/数据库；相对基准 2.7009%。,中高风险；财报跳空;订单预期,QQQ,已跳过,,,,,,重复观察,同一股票同一交易日的15分钟重复观察已去重，不重复计入胜率。
2026-08-10,18:27:45,美股,MSFT,Microsoft Corporation,stock,2,盘中：候选观察,当前 505.25,501.21-508.28,522.93-530.51,492.62,跌破观察区下沿、弱于基准、板块转弱或出现公告/新闻风险,80,65,收盘前仍强于基准且无事件风险时，才进入隔夜观察,AI云/软件；相对基准 1.3383%。,中风险；监管;财报;AI资本开支担忧,QQQ,已跳过,,,,,,重复观察,同一股票同一交易日的15分钟重复观察已去重，不重复计入胜率。
2026-08-10,18:27:45,美股,AMZN,"Amazon.com, Inc.",stock,3,盘中：候选观察,当前 276.68,274.46-278.34,286.36-290.51,269.76,跌破观察区下沿、弱于基准、板块转弱或出现公告/新闻风险,77,65,收盘前仍强于基准且无事件风险时，才进入隔夜观察,云/电商/AI资本开支；相对基准 1.086%。,中风险；利润率;资本开支;消费,QQQ,已跳过,,,,,,重复观察,同一股票同一交易日的15分钟重复观察已去重，不重复计入胜率。
2026-08-10,18:27:45,美股,MU,"Micron Technology, Inc.",stock,4,盘中：候选观察,当前 878.26,871.23-883.53,909.00-935.35,847.52,跌破观察区下沿、弱于基准、板块转弱或出现公告/新闻风险,75,65,收盘前仍强于基准且无事件风险时，才进入隔夜观察,存储芯片；相对基准 1.5596%。,高风险；周期波动;财报跳空;库存周期,SMH,已跳过,,,,,,重复观察,同一股票同一交易日的15分钟重复观察已去重，不重复计入胜率。
2026-08-10,18:27:45,美股,CRM,"Salesforce, Inc.",stock,5,盘中：候选观察,当前 197.13,195.55-198.31,204.03-206.99,192.20,跌破观察区下沿、弱于基准、板块转弱或出现公告/新闻风险,75,30,收盘前仍强于基准且无事件风险时，才进入隔夜观察,企业软件；相对基准 2.564%。,中风险；业绩指引;估值,QQQ,已跳过,,,,,,重复观察,同一股票同一交易日的15分钟重复观察已去重，不重复计入胜率。
2026-08-10,19:34:45,美股,ORCL,Oracle Corporation,stock,1,盘中：强势观察,当前 151.66,150.45-152.57,156.97-159.24,147.87,跌破观察区下沿、弱于基准、板块转弱或出现公告/新闻风险,89,65,收盘前仍强于基准且无事件风险时，才进入隔夜观察,云/数据库；相对基准 3.3358%。,中高风险；财报跳空;订单预期,QQQ,已跳过,,,,,,重复观察,同一股票同一交易日的15分钟重复观察已去重，不重复计入胜率。
2026-08-10,19:34:45,美股,MSFT,Microsoft Corporation,stock,2,盘中：候选观察,当前 505.22,501.18-508.25,522.90-530.48,492.59,跌破观察区下沿、弱于基准、板块转弱或出现公告/新闻风险,80,65,收盘前仍强于基准且无事件风险时，才进入隔夜观察,AI云/软件；相对基准 1.2258%。,中风险；监管;财报;AI资本开支担忧,QQQ,已跳过,,,,,,重复观察,同一股票同一交易日的15分钟重复观察已去重，不重复计入胜率。
2026-08-10,19:34:45,美股,AMZN,"Amazon.com, Inc.",stock,3,盘中：候选观察,当前 277.18,274.96-278.84,286.88-291.04,270.25,跌破观察区下沿、弱于基准、板块转弱或出现公告/新闻风险,79,65,收盘前仍强于基准且无事件风险时，才进入隔夜观察,云/电商/AI资本开支；相对基准 1.1635%。,中风险；利润率;资本开支;消费,QQQ,已跳过,,,,,,重复观察,同一股票同一交易日的15分钟重复观察已去重，不重复计入胜率。
2026-08-10,19:34:45,美股,CRM,"Salesforce, Inc.",stock,4,盘中：候选观察,当前 197.34,195.76-198.52,204.25-207.21,192.41,跌破观察区下沿、弱于基准、板块转弱或出现公告/新闻风险,79,30,收盘前仍强于基准且无事件风险时，才进入隔夜观察,企业软件；相对基准 2.5664%。,中风险；业绩指引;估值,QQQ,已跳过,,,,,,重复观察,同一股票同一交易日的15分钟重复观察已去重，不重复计入胜率。
2026-08-10,19:34:45,美股,MU,"Micron Technology, Inc.",stock,5,盘中：候选观察,当前 877.89,870.87-883.16,908.62-934.96,847.17,跌破观察区下沿、弱于基准、板块转弱或出现公告/新闻风险,75,65,收盘前仍强于基准且无事件风险时，才进入隔夜观察,存储芯片；相对基准 1.3481%。,高风险；周期波动;财报跳空;库存周期,SMH,已复盘,871.80,868.52,-0.69%,-1.07%,-1.69%,未触发,模拟执行未进入买入观察区，不计入胜率；继续检验观察区是否过窄。
2026-08-10,20:25:09,美股,ORCL,Oracle Corporation,stock,1,盘中：强势观察,当前 151.05,149.84-151.96,156.34-158.60,147.27,跌破观察区下沿、弱于基准、板块转弱或出现公告/新闻风险,87,65,收盘前仍强于基准且无事件风险时，才进入隔夜观察,云/数据库；相对基准 3.0398%。,中高风险；财报跳空;订单预期,QQQ,已跳过,,,,,,重复观察,同一股票同一交易日的15分钟重复观察已去重，不重复计入胜率。
2026-08-10,20:25:09,美股,AMZN,"Amazon.com, Inc.",stock,2,盘中：强势观察,当前 278.09,275.87-279.76,287.82-291.99,271.14,跌破观察区下沿、弱于基准、板块转弱或出现公告/新闻风险,85,65,收盘前仍强于基准且无事件风险时，才进入隔夜观察,云/电商/AI资本开支；相对基准 1.6139%。,中风险；利润率;资本开支;消费,QQQ,已跳过,,,,,,重复观察,同一股票同一交易日的15分钟重复观察已去重，不重复计入胜率。
2026-08-10,20:25:09,美股,MSFT,Microsoft Corporation,stock,3,盘中：候选观察,当前 506.06,502.01-509.10,523.77-531.36,493.41,跌破观察区下沿、弱于基准、板块转弱或出现公告/新闻风险,80,65,收盘前仍强于基准且无事件风险时，才进入隔夜观察,AI云/软件；相对基准 1.5127%。,中风险；监管;财报;AI资本开支担忧,QQQ,已跳过,,,,,,重复观察,同一股票同一交易日的15分钟重复观察已去重，不重复计入胜率。
2026-08-10,20:25:09,美股,CRM,"Salesforce, Inc.",stock,4,盘中：候选观察,当前 197.51,195.93-198.70,204.42-207.39,192.57,跌破观察区下沿、弱于基准、板块转弱或出现公告/新闻风险,79,30,收盘前仍强于基准且无事件风险时，才进入隔夜观察,企业软件；相对基准 2.7735%。,中风险；业绩指引;估值,QQQ,已跳过,,,,,,重复观察,同一股票同一交易日的15分钟重复观察已去重，不重复计入胜率。
2026-08-10,20:25:09,美股,GOOGL,Alphabet Inc.,stock,5,盘中：候选观察,当前 357.52,354.66-359.67,370.03-375.40,348.58,跌破观察区下沿、弱于基准、板块转弱或出现公告/新闻风险,78,65,收盘前仍强于基准且无事件风险时，才进入隔夜观察,AI应用/广告/云；相对基准 1.2075%。,中风险；监管;广告周期;财报跳空,QQQ,已跳过,,,,,,重复观察,同一股票同一交易日的15分钟重复观察已去重，不重复计入胜率。
2026-08-10,21:21:38,美股,ORCL,Oracle Corporation,stock,1,收盘：强势观察,当前 151.05,149.84-151.96,156.34-158.60,147.27,跌破观察区下沿、弱于基准、板块转弱或出现公告/新闻风险,87,65,收盘前仍强于基准且无事件风险时，才进入隔夜观察,云/数据库；相对基准 3.0398%。,中高风险；财报跳空;订单预期,QQQ,已复盘,151.20,145.48,+0.10%,-3.69%,-3.35%,未触发,模拟执行未进入买入观察区，不计入胜率；继续检验观察区是否过窄。
2026-08-10,21:21:38,美股,AMZN,"Amazon.com, Inc.",stock,2,收盘：强势观察,当前 278.09,275.87-279.76,287.82-291.99,271.14,跌破观察区下沿、弱于基准、板块转弱或出现公告/新闻风险,85,65,收盘前仍强于基准且无事件风险时，才进入隔夜观察,云/电商/AI资本开支；相对基准 1.6139%。,中风险；利润率;资本开支;消费,QQQ,已复盘,278.40,272.27,+0.11%,-2.09%,-1.75%,未触发,模拟执行未进入买入观察区，不计入胜率；继续检验观察区是否过窄。
2026-08-10,21:21:38,美股,MSFT,Microsoft Corporation,stock,3,收盘：候选观察,当前 506.06,502.01-509.10,523.77-531.36,493.41,跌破观察区下沿、弱于基准、板块转弱或出现公告/新闻风险,80,65,收盘前仍强于基准且无事件风险时，才进入隔夜观察,AI云/软件；相对基准 1.5127%。,中风险；监管;财报;AI资本开支担忧,QQQ,已复盘,504.01,503.81,-0.41%,-0.44%,-0.10%,未触发,模拟执行未进入买入观察区，不计入胜率；继续检验观察区是否过窄。
2026-08-10,21:21:38,美股,CRM,"Salesforce, Inc.",stock,4,收盘：候选观察,当前 197.51,195.93-198.70,204.42-207.39,192.57,跌破观察区下沿、弱于基准、板块转弱或出现公告/新闻风险,79,30,收盘前仍强于基准且无事件风险时，才进入隔夜观察,企业软件；相对基准 2.7735%。,中风险；业绩指引;估值,QQQ,已复盘,196.94,197.47,-0.29%,-0.02%,+0.32%,未触发,模拟执行未进入买入观察区，不计入胜率；继续检验观察区是否过窄。
2026-08-10,21:21:38,美股,GOOGL,Alphabet Inc.,stock,5,收盘：候选观察,当前 357.52,354.66-359.67,370.03-375.40,348.58,跌破观察区下沿、弱于基准、板块转弱或出现公告/新闻风险,78,65,收盘前仍强于基准且无事件风险时，才进入隔夜观察,AI应用/广告/云；相对基准 1.2075%。,中风险；监管;广告周期;财报跳空,QQQ,已复盘,355.90,343.80,-0.45%,-3.84%,-3.50%,未触发,模拟执行未进入买入观察区，不计入胜率；继续检验观察区是否过窄。
2026-08-11,03:06:02,A股,603501,豪威集团,stock,1,盘中：强势观察,当前 93.38,92.63-93.94,96.65-98.05,91.05,跌破观察区下沿、弱于基准、板块转弱或出现公告/新闻风险,91,75,收盘前仍强于基准且无事件风险时，才进入隔夜观察,半导体设计；相对基准 4.5643%。,中高风险；消费电子周期;业绩预期,沪深300,已跳过,,,,,,重复观察,同一股票同一交易日的15分钟重复观察已去重，不重复计入胜率。
2026-08-11,03:06:02,A股,300274,阳光电源,stock,2,盘中：强势观察,当前 120.48,119.52-121.20,124.70-126.50,117.47,跌破观察区下沿、弱于基准、板块转弱或出现公告/新闻风险,91,75,收盘前仍强于基准且无事件风险时，才进入隔夜观察,光伏/储能；相对基准 4.3244%。,中高风险；行业周期;海外需求波动,创业板指,已跳过,,,,,,重复观察,同一股票同一交易日的15分钟重复观察已去重，不重复计入胜率。
2026-08-11,03:06:02,A股,300502,新易盛,stock,3,盘中：高风险强势观察,当前 417.28,413.94-419.78,431.88-444.40,402.68,跌破观察区下沿、弱于基准、板块转弱或出现公告/新闻风险,84,65,隔夜降权：只做观察，不作为自动模拟买入；需次日重新确认强于基准和尾盘承接。,光模块/CPO；相对基准 2.7951%。,高风险；高波动;板块拥挤;流动性变化,创业板指,已跳过,,,,,,重复观察,同一股票同一交易日的15分钟重复观察已去重，不重复计入胜率。
2026-08-11,03:06:02,A股,002463,沪电股份,stock,4,盘中：强势观察,当前 124.20,123.21-124.95,128.55-130.41,121.09,跌破观察区下沿、弱于基准、板块转弱或出现公告/新闻风险,84,65,隔夜降权：只做观察，不作为自动模拟买入；需次日重新确认强于基准和尾盘承接。,AI PCB/服务器链；相对基准 1.0302%。,中高风险；题材轮动;业绩预期波动,沪深300,已复盘,121.00,123.01,-2.58%,-0.96%,-1.54%,未触发,模拟执行未进入买入观察区，不计入胜率；继续检验观察区是否过窄。
2026-08-11,03:06:02,A股,603019,中科曙光,stock,5,盘中：强势观察,当前 87.41,86.71-87.93,90.47-91.78,85.22,跌破观察区下沿、弱于基准、板块转弱或出现公告/新闻风险,84,65,隔夜降权：只做观察，不作为自动模拟买入；需次日重新确认强于基准和尾盘承接。,算力/服务器；相对基准 1.1644%。,中高风险；政策预期;题材波动,沪深300,已跳过,,,,,,重复观察,同一股票同一交易日的15分钟重复观察已去重，不重复计入胜率。
2026-08-11,04:41:17,A股,A_SHARE_DATA_INSUFFICIENT,A股行情时间戳过旧，本轮跳过评分,skip,0,数据不足/本轮跳过,数据不足,数据不足,数据不足,数据不足,等待下一轮可核验行情后再评估,,,不判断隔夜,A股行情时间戳过旧，本轮跳过评分,行情时间戳过旧或关键字段不足时不输出价格、评分、止盈止损,,数据不足/本轮跳过,,,,,,不计胜率,等待下一轮可核验行情后再运行评分
2026-08-11,05:55:58,A股,603501,豪威集团,stock,1,盘中：强势观察,当前 93.87,93.12-94.43,97.16-98.56,91.52,跌破观察区下沿、弱于基准、板块转弱或出现公告/新闻风险,91,75,收盘前仍强于基准且无事件风险时，才进入隔夜观察,半导体设计；相对基准 5.4941%。,中高风险；消费电子周期;业绩预期,沪深300,已跳过,,,,,,重复观察,同一股票同一交易日的15分钟重复观察已去重，不重复计入胜率。
2026-08-11,05:55:58,A股,300274,阳光电源,stock,2,盘中：强势观察,当前 121.13,120.16-121.86,125.37-127.19,118.10,跌破观察区下沿、弱于基准、板块转弱或出现公告/新闻风险,91,75,收盘前仍强于基准且无事件风险时，才进入隔夜观察,光伏/储能；相对基准 5.3214%。,中高风险；行业周期;海外需求波动,创业板指,已跳过,,,,,,重复观察,同一股票同一交易日的15分钟重复观察已去重，不重复计入胜率。
2026-08-11,05:55:58,A股,300502,新易盛,stock,3,盘中：高风险强势观察,当前 418.37,415.02-420.88,433.01-445.56,403.73,跌破观察区下沿、弱于基准、板块转弱或出现公告/新闻风险,87,65,隔夜降权：只做观察，不作为自动模拟买入；需次日重新确认强于基准和尾盘承接。,光模块/CPO；相对基准 3.4932%。,高风险；高波动;板块拥挤;流动性变化,创业板指,已跳过,,,,,,重复观察,同一股票同一交易日的15分钟重复观察已去重，不重复计入胜率。
2026-08-11,05:55:58,A股,300308,中际旭创,stock,4,盘中：候选观察,当前 893.18,886.03-898.54,924.44-951.24,861.92,跌破观察区下沿、弱于基准、板块转弱或出现公告/新闻风险,79,65,隔夜降权：只做观察，不作为自动模拟买入；需次日重新确认强于基准和尾盘承接。,光模块/CPO；相对基准 2.104%。,高风险；高波动;高位兑现;板块分化,创业板指,已跳过,,,,,,重复观察,同一股票同一交易日的15分钟重复观察已去重，不重复计入胜率。
2026-08-11,05:55:58,A股,603019,中科曙光,stock,5,盘中：边缘观察,当前 86.83,86.14-87.35,89.87-91.17,84.66,跌破观察区下沿、弱于基准、板块转弱或出现公告/新闻风险,72,50,隔夜降权：只做观察，不作为自动模拟买入；需次日重新确认强于基准和尾盘承接。,算力/服务器；相对基准 0.8719%。,中高风险；政策预期;题材波动,沪深300,已复盘,86.98,86.42,+0.17%,-0.47%,-1.05%,未触发,模拟执行未进入买入观察区，不计入胜率；继续检验观察区是否过窄。
2026-08-11,07:15:58,A股,603501,豪威集团,stock,1,盘中：强势观察,当前 93.26,92.51-93.82,96.52-97.92,90.93,跌破观察区下沿、弱于基准、板块转弱或出现公告/新闻风险,91,75,收盘前仍强于基准且无事件风险时，才进入隔夜观察,半导体设计；相对基准 5.4351%。,中高风险；消费电子周期;业绩预期,沪深300,已跳过,,,,,,重复观察,同一股票同一交易日的15分钟重复观察已去重，不重复计入胜率。
2026-08-11,07:15:58,A股,300274,阳光电源,stock,2,盘中：强势观察,当前 120.07,119.11-120.79,124.27-126.07,117.07,跌破观察区下沿、弱于基准、板块转弱或出现公告/新闻风险,91,75,收盘前仍强于基准且无事件风险时，才进入隔夜观察,光伏/储能；相对基准 5.2554%。,中高风险；行业周期;海外需求波动,创业板指,已跳过,,,,,,重复观察,同一股票同一交易日的15分钟重复观察已去重，不重复计入胜率。
2026-08-11,07:15:58,A股,300502,新易盛,stock,3,盘中：高风险强势观察,当前 415.30,411.98-417.79,429.84-442.29,400.76,跌破观察区下沿、弱于基准、板块转弱或出现公告/新闻风险,87,65,隔夜降权：只做观察，不作为自动模拟买入；需次日重新确认强于基准和尾盘承接。,光模块/CPO；相对基准 3.5911%。,高风险；高波动;板块拥挤;流动性变化,创业板指,已跳过,,,,,,重复观察,同一股票同一交易日的15分钟重复观察已去重，不重复计入胜率。
2026-08-11,07:15:58,A股,300308,中际旭创,stock,4,盘中：候选观察,当前 886.96,879.86-892.28,918.00-944.61,855.92,跌破观察区下沿、弱于基准、板块转弱或出现公告/新闻风险,75,65,隔夜降权：只做观察，不作为自动模拟买入；需次日重新确认强于基准和尾盘承接。,光模块/CPO；相对基准 2.2507%。,高风险；高波动;高位兑现;板块分化,创业板指,已跳过,,,,,,重复观察,同一股票同一交易日的15分钟重复观察已去重，不重复计入胜率。
2026-08-11,07:15:58,A股,000333,美的集团,stock,5,盘中：边缘观察,当前 85.62,84.94-86.13,88.62-89.90,83.48,跌破观察区下沿、弱于基准、板块转弱或出现公告/新闻风险,70,20,隔夜降权：只做观察，不作为自动模拟买入；需次日重新确认强于基准和尾盘承接。,家电/消费；相对基准 1.1883%。,低风险；消费周期;汇率/出口,沪深300,已跳过,,,,,,重复观察,同一股票同一交易日的15分钟重复观察已去重，不重复计入胜率。
2026-08-11,08:16:27,A股,603501,豪威集团,stock,1,盘中：强势观察,当前 93.26,92.51-93.82,96.52-97.92,90.93,跌破观察区下沿、弱于基准、板块转弱或出现公告/新闻风险,91,75,收盘前仍强于基准且无事件风险时，才进入隔夜观察,半导体设计；相对基准 5.4351%。,中高风险；消费电子周期;业绩预期,沪深300,已复盘,92.71,91.52,-0.59%,-1.87%,-2.45%,未触发,模拟执行未进入买入观察区，不计入胜率；继续检验观察区是否过窄。
2026-08-11,08:16:27,A股,300274,阳光电源,stock,2,盘中：强势观察,当前 120.07,119.11-120.79,124.27-126.07,117.07,跌破观察区下沿、弱于基准、板块转弱或出现公告/新闻风险,91,75,收盘前仍强于基准且无事件风险时，才进入隔夜观察,光伏/储能；相对基准 5.2554%。,中高风险；行业周期;海外需求波动,创业板指,已复盘,120.90,117.53,+0.69%,-2.12%,-3.61%,未触发,模拟执行未进入买入观察区，不计入胜率；继续检验观察区是否过窄。
2026-08-11,08:16:27,A股,300502,新易盛,stock,3,盘中：高风险强势观察,当前 415.30,411.98-417.79,429.84-442.29,400.76,跌破观察区下沿、弱于基准、板块转弱或出现公告/新闻风险,87,65,隔夜降权：只做观察，不作为自动模拟买入；需次日重新确认强于基准和尾盘承接。,光模块/CPO；相对基准 3.5911%。,高风险；高波动;板块拥挤;流动性变化,创业板指,已复盘,410.01,428.20,-1.27%,+3.11%,+1.62%,未触发,模拟执行未进入买入观察区，不计入胜率；继续检验观察区是否过窄。
2026-08-11,08:16:27,A股,300308,中际旭创,stock,4,盘中：候选观察,当前 886.96,879.86-892.28,918.00-944.61,855.92,跌破观察区下沿、弱于基准、板块转弱或出现公告/新闻风险,75,65,隔夜降权：只做观察，不作为自动模拟买入；需次日重新确认强于基准和尾盘承接。,光模块/CPO；相对基准 2.2507%。,高风险；高波动;高位兑现;板块分化,创业板指,已复盘,880.13,921.00,-0.77%,+3.84%,+2.35%,未触发,模拟执行未进入买入观察区，不计入胜率；继续检验观察区是否过窄。
2026-08-11,08:16:27,A股,000333,美的集团,stock,5,盘中：边缘观察,当前 85.62,84.94-86.13,88.62-89.90,83.48,跌破观察区下沿、弱于基准、板块转弱或出现公告/新闻风险,70,20,隔夜降权：只做观察，不作为自动模拟买入；需次日重新确认强于基准和尾盘承接。,家电/消费；相对基准 1.1883%。,低风险；消费周期;汇率/出口,沪深300,已复盘,85.18,84.34,-0.51%,-1.49%,-2.07%,未触发,模拟执行未进入买入观察区，不计入胜率；继续检验观察区是否过窄。
2026-08-11,14:23:06,美股,ASML,ASML Holding N.V.,stock,1,盘中：强势观察,当前 1811.76,1797.27-1822.63,1875.17-1902.35,1766.47,跌破观察区下沿、弱于基准、板块转弱或出现公告/新闻风险,87,65,收盘前仍强于基准且无事件风险时，才进入隔夜观察,半导体设备；相对基准 3.3232%。,中风险；出口限制;订单周期;欧洲ADR波动,SMH,已跳过,,,,,,重复观察,同一股票同一交易日的15分钟重复观察已去重，不重复计入胜率。
2026-08-11,14:23:06,美股,KLAC,KLA Corporation,stock,2,盘中：强势观察,当前 201.79,200.18-203.00,208.85-211.88,196.75,跌破观察区下沿、弱于基准、板块转弱或出现公告/新闻风险,87,65,收盘前仍强于基准且无事件风险时，才进入隔夜观察,半导体设备/检测；相对基准 3.5028%。,中风险；估值;财报风险,SMH,已跳过,,,,,,重复观察,同一股票同一交易日的15分钟重复观察已去重，不重复计入胜率。
2026-08-11,14:23:06,美股,META,"Meta Platforms, Inc.",stock,3,盘中：强势观察,当前 609.82,604.94-613.48,631.16-640.31,594.57,跌破观察区下沿、弱于基准、板块转弱或出现公告/新闻风险,84,65,收盘前仍强于基准且无事件风险时，才进入隔夜观察,AI应用/社交广告；相对基准 2.4573%。,中高风险；监管;广告周期;资本开支,QQQ,已跳过,,,,,,重复观察,同一股票同一交易日的15分钟重复观察已去重，不重复计入胜率。
2026-08-11,14:23:06,美股,LRCX,Lam Research Corporation,stock,4,盘中：候选观察,当前 314.33,311.82-316.22,325.33-330.05,306.47,跌破观察区下沿、弱于基准、板块转弱或出现公告/新闻风险,77,65,收盘前仍强于基准且无事件风险时，才进入隔夜观察,半导体设备；相对基准 1.3955%。,中风险；订单周期;财报风险,SMH,已跳过,,,,,,重复观察,同一股票同一交易日的15分钟重复观察已去重，不重复计入胜率。
2026-08-11,14:23:06,美股,TSLA,"Tesla, Inc.",stock,5,盘中：边缘观察,当前 334.64,331.96-336.65,346.35-356.39,322.93,跌破观察区下沿、弱于基准、板块转弱或出现公告/新闻风险,73,30,收盘前仍强于基准且无事件风险时，才进入隔夜观察,电动车/机器人；相对基准 1.0892%。,高风险；高波动;交付数据;政策/舆情,QQQ,已复盘,335.00,327.51,+0.11%,-2.13%,-2.86%,未触发,模拟执行未进入买入观察区，不计入胜率；继续检验观察区是否过窄。
2026-08-11,15:30:30,美股,ASML,ASML Holding N.V.,stock,1,盘中：强势观察,当前 1799.28,1784.89-1810.08,1862.26-1889.25,1754.30,跌破观察区下沿、弱于基准、板块转弱或出现公告/新闻风险,85,65,收盘前仍强于基准且无事件风险时，才进入隔夜观察,半导体设备；相对基准 2.94%。,中风险；出口限制;订单周期;欧洲ADR波动,SMH,已跳过,,,,,,重复观察,同一股票同一交易日的15分钟重复观察已去重，不重复计入胜率。
2026-08-11,15:30:30,美股,META,"Meta Platforms, Inc.",stock,2,盘中：强势观察,当前 609.10,604.22-612.75,630.41-639.55,593.87,跌破观察区下沿、弱于基准、板块转弱或出现公告/新闻风险,84,65,收盘前仍强于基准且无事件风险时，才进入隔夜观察,AI应用/社交广告；相对基准 2.4819%。,中高风险；监管;广告周期;资本开支,QQQ,已跳过,,,,,,重复观察,同一股票同一交易日的15分钟重复观察已去重，不重复计入胜率。
2026-08-11,15:30:30,美股,KLAC,KLA Corporation,stock,3,盘中：候选观察,当前 199.49,197.89-200.69,206.47-209.46,194.50,跌破观察区下沿、弱于基准、板块转弱或出现公告/新闻风险,81,65,收盘前仍强于基准且无事件风险时，才进入隔夜观察,半导体设备/检测；相对基准 2.646%。,中风险；估值;财报风险,SMH,已跳过,,,,,,重复观察,同一股票同一交易日的15分钟重复观察已去重，不重复计入胜率。
2026-08-11,15:30:30,美股,TSM,Taiwan Semiconductor Manufacturing Company Limited,stock,4,盘中：边缘观察,当前 422.47,419.09-425.00,437.26-443.59,411.91,跌破观察区下沿、弱于基准、板块转弱或出现公告/新闻风险,72,65,收盘前仍强于基准且无事件风险时，才进入隔夜观察,半导体制造；相对基准 0.0998%。,中风险；地缘风险;ADR汇率;客户集中,SMH,已跳过,,,,,,重复观察,同一股票同一交易日的15分钟重复观察已去重，不重复计入胜率。
2026-08-11,16:28:57,美股,META,"Meta Platforms, Inc.",stock,1,盘中：强势观察,当前 604.00,599.17-607.63,625.14-634.20,588.90,跌破观察区下沿、弱于基准、板块转弱或出现公告/新闻风险,83,65,收盘前仍强于基准且无事件风险时，才进入隔夜观察,AI应用/社交广告；相对基准 1.876%。,中高风险；监管;广告周期;资本开支,QQQ,已跳过,,,,,,重复观察,同一股票同一交易日的15分钟重复观察已去重，不重复计入胜率。
2026-08-11,16:28:57,美股,ASML,ASML Holding N.V.,stock,2,盘中：候选观察,当前 1789.70,1775.38-1800.44,1852.34-1879.19,1744.96,跌破观察区下沿、弱于基准、板块转弱或出现公告/新闻风险,77,65,收盘前仍强于基准且无事件风险时，才进入隔夜观察,半导体设备；相对基准 2.7084%。,中风险；出口限制;订单周期;欧洲ADR波动,SMH,已跳过,,,,,,重复观察,同一股票同一交易日的15分钟重复观察已去重，不重复计入胜率。
2026-08-11,16:28:57,美股,KLAC,KLA Corporation,stock,3,盘中：候选观察,当前 198.48,196.89-199.67,205.43-208.40,193.52,跌破观察区下沿、弱于基准、板块转弱或出现公告/新闻风险,77,65,收盘前仍强于基准且无事件风险时，才进入隔夜观察,半导体设备/检测；相对基准 2.4433%。,中风险；估值;财报风险,SMH,已跳过,,,,,,重复观察,同一股票同一交易日的15分钟重复观察已去重，不重复计入胜率。
2026-08-11,17:32:26,美股,META,"Meta Platforms, Inc.",stock,1,盘中：强势观察,当前 604.72,599.88-608.34,625.88-634.95,589.60,跌破观察区下沿、弱于基准、板块转弱或出现公告/新闻风险,83,65,收盘前仍强于基准且无事件风险时，才进入隔夜观察,AI应用/社交广告；相对基准 2.1021%。,中高风险；监管;广告周期;资本开支,QQQ,已跳过,,,,,,重复观察,同一股票同一交易日的15分钟重复观察已去重，不重复计入胜率。
2026-08-11,17:32:26,美股,ASML,ASML Holding N.V.,stock,2,盘中：候选观察,当前 1782.58,1768.32-1793.28,1844.97-1871.71,1738.02,跌破观察区下沿、弱于基准、板块转弱或出现公告/新闻风险,75,65,收盘前仍强于基准且无事件风险时，才进入隔夜观察,半导体设备；相对基准 2.7061%。,中风险；出口限制;订单周期;欧洲ADR波动,SMH,已跳过,,,,,,重复观察,同一股票同一交易日的15分钟重复观察已去重，不重复计入胜率。
2026-08-11,17:32:26,美股,KLAC,KLA Corporation,stock,3,盘中：候选观察,当前 197.79,196.21-198.98,204.71-207.68,192.85,跌破观察区下沿、弱于基准、板块转弱或出现公告/新闻风险,74,65,收盘前仍强于基准且无事件风险时，才进入隔夜观察,半导体设备/检测；相对基准 2.4937%。,中风险；估值;财报风险,SMH,已跳过,,,,,,重复观察,同一股票同一交易日的15分钟重复观察已去重，不重复计入胜率。
2026-08-11,17:32:26,美股,LRCX,Lam Research Corporation,stock,4,盘中：边缘观察,当前 310.51,308.03-312.37,321.38-326.04,302.75,跌破观察区下沿、弱于基准、板块转弱或出现公告/新闻风险,72,65,收盘前仍强于基准且无事件风险时，才进入隔夜观察,半导体设备；相对基准 1.215%。,中风险；订单周期;财报风险,SMH,已跳过,,,,,,重复观察,同一股票同一交易日的15分钟重复观察已去重，不重复计入胜率。
2026-08-11,18:38:44,美股,KLAC,KLA Corporation,stock,1,盘中：强势观察,当前 198.81,197.21-200.00,205.76-208.75,193.83,跌破观察区下沿、弱于基准、板块转弱或出现公告/新闻风险,84,65,收盘前仍强于基准且无事件风险时，才进入隔夜观察,半导体设备/检测；相对基准 3.0027%。,中风险；估值;财报风险,SMH,已跳过,,,,,,重复观察,同一股票同一交易日的15分钟重复观察已去重，不重复计入胜率。
2026-08-11,18:38:44,美股,META,"Meta Platforms, Inc.",stock,2,盘中：候选观察,当前 603.12,598.29-606.73,624.22-633.27,588.04,跌破观察区下沿、弱于基准、板块转弱或出现公告/新闻风险,81,65,收盘前仍强于基准且无事件风险时，才进入隔夜观察,AI应用/社交广告；相对基准 1.9858%。,中高风险；监管;广告周期;资本开支,QQQ,已跳过,,,,,,重复观察,同一股票同一交易日的15分钟重复观察已去重，不重复计入胜率。
2026-08-11,18:38:44,美股,ASML,ASML Holding N.V.,stock,3,盘中：候选观察,当前 1783.75,1769.48-1794.45,1846.18-1872.94,1739.16,跌破观察区下沿、弱于基准、板块转弱或出现公告/新闻风险,75,65,收盘前仍强于基准且无事件风险时，才进入隔夜观察,半导体设备；相对基准 2.7559%。,中风险；出口限制;订单周期;欧洲ADR波动,SMH,已跳过,,,,,,重复观察,同一股票同一交易日的15分钟重复观察已去重，不重复计入胜率。
2026-08-11,18:38:44,美股,LRCX,Lam Research Corporation,stock,4,盘中：边缘观察,当前 310.68,308.19-312.54,321.55-326.21,302.91,跌破观察区下沿、弱于基准、板块转弱或出现公告/新闻风险,72,65,收盘前仍强于基准且无事件风险时，才进入隔夜观察,半导体设备；相对基准 1.2529%。,中风险；订单周期;财报风险,SMH,已跳过,,,,,,重复观察,同一股票同一交易日的15分钟重复观察已去重，不重复计入胜率。
2026-08-11,19:48:55,美股,KLAC,KLA Corporation,stock,1,盘中：强势观察,当前 200.03,198.43-201.23,207.03-210.03,195.03,跌破观察区下沿、弱于基准、板块转弱或出现公告/新闻风险,84,65,收盘前仍强于基准且无事件风险时，才进入隔夜观察,半导体设备/检测；相对基准 3.2941%。,中风险；估值;财报风险,SMH,已跳过,,,,,,重复观察,同一股票同一交易日的15分钟重复观察已去重，不重复计入胜率。
2026-08-11,19:48:55,美股,ASML,ASML Holding N.V.,stock,2,盘中：候选观察,当前 1788.13,1773.82-1798.86,1850.71-1877.54,1743.43,跌破观察区下沿、弱于基准、板块转弱或出现公告/新闻风险,77,65,收盘前仍强于基准且无事件风险时，才进入隔夜观察,半导体设备；相对基准 2.6644%。,中风险；出口限制;订单周期;欧洲ADR波动,SMH,已跳过,,,,,,重复观察,同一股票同一交易日的15分钟重复观察已去重，不重复计入胜率。
2026-08-11,19:48:55,美股,AMD,"Advanced Micro Devices, Inc.",stock,3,盘中：候选观察,当前 474.53,470.73-477.38,491.14-505.37,457.92,跌破观察区下沿、弱于基准、板块转弱或出现公告/新闻风险,75,65,收盘前仍强于基准且无事件风险时，才进入隔夜观察,AI GPU/半导体；相对基准 0.5702%。,高风险；高波动;产品预期;相对弱势风险,SMH,已跳过,,,,,,重复观察,同一股票同一交易日的15分钟重复观察已去重，不重复计入胜率。
2026-08-11,19:48:55,美股,META,"Meta Platforms, Inc.",stock,4,盘中：候选观察,当前 600.09,595.29-603.69,621.09-630.09,585.09,跌破观察区下沿、弱于基准、板块转弱或出现公告/新闻风险,75,65,收盘前仍强于基准且无事件风险时，才进入隔夜观察,AI应用/社交广告；相对基准 1.2559%。,中高风险；监管;广告周期;资本开支,QQQ,已复盘,601.70,578.85,+0.27%,-3.54%,-4.27%,未触发,模拟执行未进入买入观察区，不计入胜率；继续检验观察区是否过窄。
2026-08-11,19:48:55,美股,TSM,Taiwan Semiconductor Manufacturing Company Limited,stock,5,盘中：边缘观察,当前 421.74,418.37-424.27,436.50-442.83,411.20,跌破观察区下沿、弱于基准、板块转弱或出现公告/新闻风险,72,65,收盘前仍强于基准且无事件风险时，才进入隔夜观察,半导体制造；相对基准 0.2932%。,中风险；地缘风险;ADR汇率;客户集中,SMH,已跳过,,,,,,重复观察,同一股票同一交易日的15分钟重复观察已去重，不重复计入胜率。
2026-08-11,20:56:19,美股,ASML,ASML Holding N.V.,stock,1,收盘：强势观察,当前 1799.38,1784.98-1810.18,1862.36-1889.35,1754.40,跌破观察区下沿、弱于基准、板块转弱或出现公告/新闻风险,88,65,收盘前仍强于基准且无事件风险时，才进入隔夜观察,半导体设备；相对基准 3.1834%。,中风险；出口限制;订单周期;欧洲ADR波动,SMH,已复盘,1833.27,1810.07,+1.88%,+0.59%,-1.49%,未触发,模拟执行未进入买入观察区，不计入胜率；继续检验观察区是否过窄。
2026-08-11,20:56:19,美股,KLAC,KLA Corporation,stock,2,收盘：强势观察,当前 200.47,198.87-201.67,207.49-210.49,195.46,跌破观察区下沿、弱于基准、板块转弱或出现公告/新闻风险,88,65,收盘前仍强于基准且无事件风险时，才进入隔夜观察,半导体设备/检测；相对基准 3.3924%。,中风险；估值;财报风险,SMH,已复盘,210.10,208.25,+4.80%,+3.88%,+1.80%,未触发,模拟执行未进入买入观察区，不计入胜率；继续检验观察区是否过窄。
2026-08-11,20:56:19,美股,AMD,"Advanced Micro Devices, Inc.",stock,3,收盘：候选观察,当前 474.32,470.53-477.17,490.92-505.15,457.72,跌破观察区下沿、弱于基准、板块转弱或出现公告/新闻风险,75,65,收盘前仍强于基准且无事件风险时，才进入隔夜观察,AI GPU/半导体；相对基准 0.3955%。,高风险；高波动;产品预期;相对弱势风险,SMH,已复盘,488.80,482.93,+3.05%,+1.82%,-0.26%,未触发,模拟执行未进入买入观察区，不计入胜率；继续检验观察区是否过窄。
2026-08-11,20:56:19,美股,LRCX,Lam Research Corporation,stock,4,收盘：候选观察,当前 311.41,308.92-313.28,322.31-326.98,303.62,跌破观察区下沿、弱于基准、板块转弱或出现公告/新闻风险,75,65,收盘前仍强于基准且无事件风险时，才进入隔夜观察,半导体设备；相对基准 1.0169%。,中风险；订单周期;财报风险,SMH,已复盘,326.83,326.11,+4.95%,+4.72%,+2.64%,未触发,模拟执行未进入买入观察区，不计入胜率；继续检验观察区是否过窄。
2026-08-11,20:56:19,美股,TSM,Taiwan Semiconductor Manufacturing Company Limited,stock,5,收盘：边缘观察,当前 422.06,418.68-424.59,436.83-443.16,411.51,跌破观察区下沿、弱于基准、板块转弱或出现公告/新闻风险,72,65,收盘前仍强于基准且无事件风险时，才进入隔夜观察,半导体制造；相对基准 0.2397%。,中风险；地缘风险;ADR汇率;客户集中,SMH,已复盘,432.65,429.15,+2.51%,+1.68%,-0.40%,未触发,模拟执行未进入买入观察区，不计入胜率；继续检验观察区是否过窄。
2026-08-12,03:25:21,A股,300502,新易盛,stock,1,盘中：高风险强势观察,当前 434.87,431.39-437.48,450.09-463.14,419.65,跌破观察区下沿、弱于基准、板块转弱或出现公告/新闻风险,84,65,隔夜降权：只做观察，不作为自动模拟买入；需次日重新确认强于基准和尾盘承接。,光模块/CPO；相对基准 2.9683%。,高风险；高波动;板块拥挤;流动性变化,创业板指,已跳过,,,,,,重复观察,同一股票同一交易日的15分钟重复观察已去重，不重复计入胜率。
2026-08-12,03:25:21,A股,601899,紫金矿业,stock,2,盘中：强势观察,当前 33.74,33.47-33.94,34.92-35.43,32.90,跌破观察区下沿、弱于基准、板块转弱或出现公告/新闻风险,83,65,隔夜降权：只做观察，不作为自动模拟买入；需次日重新确认强于基准和尾盘承接。,有色/黄金铜；相对基准 1.065%。,中高风险；商品价格;汇率;海外矿山风险,沪深300,已跳过,,,,,,重复观察,同一股票同一交易日的15分钟重复观察已去重，不重复计入胜率。
2026-08-12,03:25:21,A股,300308,中际旭创,stock,3,盘中：候选观察,当前 928.16,920.73-933.73,960.65-988.49,895.67,跌破观察区下沿、弱于基准、板块转弱或出现公告/新闻风险,79,65,隔夜降权：只做观察，不作为自动模拟买入；需次日重新确认强于基准和尾盘承接。,光模块/CPO；相对基准 2.9011%。,高风险；高波动;高位兑现;板块分化,创业板指,已跳过,,,,,,重复观察,同一股票同一交易日的15分钟重复观察已去重，不重复计入胜率。
2026-08-12,03:25:21,A股,002463,沪电股份,stock,4,盘中：候选观察,当前 122.75,121.77-123.49,127.05-128.89,119.68,跌破观察区下沿、弱于基准、板块转弱或出现公告/新闻风险,78,50,隔夜降权：只做观察，不作为自动模拟买入；需次日重新确认强于基准和尾盘承接。,AI PCB/服务器链；相对基准 0.8235%。,中高风险；题材轮动;业绩预期波动,沪深300,已跳过,,,,,,重复观察,同一股票同一交易日的15分钟重复观察已去重，不重复计入胜率。
2026-08-12,03:25:21,A股,002371,北方华创,stock,5,盘中：候选观察,当前 760.18,754.10-764.74,786.79-798.19,741.18,跌破观察区下沿、弱于基准、板块转弱或出现公告/新闻风险,78,65,隔夜降权：只做观察，不作为自动模拟买入；需次日重新确认强于基准和尾盘承接。,半导体设备；相对基准 1.2643%。,中高风险；估值波动;订单预期,沪深300,已跳过,,,,,,重复观察,同一股票同一交易日的15分钟重复观察已去重，不重复计入胜率。
2026-08-12,05:14:55,A股,300308,中际旭创,stock,1,盘中：高风险强势观察,当前 920.41,913.05-925.93,952.62-980.24,888.20,跌破观察区下沿、弱于基准、板块转弱或出现公告/新闻风险,84,65,隔夜降权：只做观察，不作为自动模拟买入；需次日重新确认强于基准和尾盘承接。,光模块/CPO；相对基准 2.4548%。,高风险；高波动;高位兑现;板块分化,创业板指,已跳过,,,,,,重复观察,同一股票同一交易日的15分钟重复观察已去重，不重复计入胜率。
2026-08-12,05:14:55,A股,300502,新易盛,stock,2,盘中：候选观察,当前 429.99,426.55-432.57,445.04-457.94,414.94,跌破观察区下沿、弱于基准、板块转弱或出现公告/新闻风险,76,55,隔夜降权：只做观察，不作为自动模拟买入；需次日重新确认强于基准和尾盘承接。,光模块/CPO；相对基准 2.2207%。,高风险；高波动;板块拥挤;流动性变化,创业板指,已跳过,,,,,,重复观察,同一股票同一交易日的15分钟重复观察已去重，不重复计入胜率。
2026-08-12,05:14:55,A股,002371,北方华创,stock,3,盘中：边缘观察,当前 759.26,753.19-763.82,785.83-797.22,740.28,跌破观察区下沿、弱于基准、板块转弱或出现公告/新闻风险,73,50,隔夜降权：只做观察，不作为自动模拟买入；需次日重新确认强于基准和尾盘承接。,半导体设备；相对基准 1.2857%。,中高风险；估值波动;订单预期,沪深300,已跳过,,,,,,重复观察,同一股票同一交易日的15分钟重复观察已去重，不重复计入胜率。
2026-08-12,05:14:55,A股,601899,紫金矿业,stock,4,盘中：边缘观察,当前 33.52,33.25-33.72,34.69-35.20,32.68,跌破观察区下沿、弱于基准、板块转弱或出现公告/新闻风险,70,25,隔夜降权：只做观察，不作为自动模拟买入；需次日重新确认强于基准和尾盘承接。,有色/黄金铜；相对基准 0.5466%。,中高风险；商品价格;汇率;海外矿山风险,沪深300,已复盘,33.58,32.21,+0.18%,-3.91%,-3.34%,未触发,模拟执行未进入买入观察区，不计入胜率；继续检验观察区是否过窄。
2026-08-12,06:45:47,A股,300308,中际旭创,stock,1,盘中：高风险强势观察,当前 921.80,914.43-927.33,954.06-981.72,889.54,跌破观察区下沿、弱于基准、板块转弱或出现公告/新闻风险,84,65,隔夜降权：只做观察，不作为自动模拟买入；需次日重新确认强于基准和尾盘承接。,光模块/CPO；相对基准 2.356%。,高风险；高波动;高位兑现;板块分化,创业板指,已跳过,,,,,,重复观察,同一股票同一交易日的15分钟重复观察已去重，不重复计入胜率。
2026-08-12,06:45:47,A股,002463,沪电股份,stock,2,盘中：候选观察,当前 122.98,122.00-123.72,127.28-129.13,119.91,跌破观察区下沿、弱于基准、板块转弱或出现公告/新闻风险,78,50,隔夜降权：只做观察，不作为自动模拟买入；需次日重新确认强于基准和尾盘承接。,AI PCB/服务器链；相对基准 0.9696%。,中高风险；题材轮动;业绩预期波动,沪深300,已跳过,,,,,,重复观察,同一股票同一交易日的15分钟重复观察已去重，不重复计入胜率。
2026-08-12,06:45:47,A股,002371,北方华创,stock,3,盘中：候选观察,当前 760.02,753.94-764.58,786.62-798.02,741.02,跌破观察区下沿、弱于基准、板块转弱或出现公告/新闻风险,78,65,隔夜降权：只做观察，不作为自动模拟买入；需次日重新确认强于基准和尾盘承接。,半导体设备；相对基准 1.1989%。,中高风险；估值波动;订单预期,沪深300,已跳过,,,,,,重复观察,同一股票同一交易日的15分钟重复观察已去重，不重复计入胜率。
2026-08-12,06:45:47,A股,300502,新易盛,stock,4,盘中：候选观察,当前 428.89,425.46-431.46,443.90-456.77,413.88,跌破观察区下沿、弱于基准、板块转弱或出现公告/新闻风险,76,55,隔夜降权：只做观察，不作为自动模拟买入；需次日重新确认强于基准和尾盘承接。,光模块/CPO；相对基准 1.7003%。,高风险；高波动;板块拥挤;流动性变化,创业板指,已跳过,,,,,,重复观察,同一股票同一交易日的15分钟重复观察已去重，不重复计入胜率。
2026-08-12,06:45:47,A股,688981,中芯国际,stock,5,盘中：候选观察,当前 128.10,127.08-128.87,132.58-134.50,124.90,跌破观察区下沿、弱于基准、板块转弱或出现公告/新闻风险,75,35,隔夜降权：只做观察，不作为自动模拟买入；需次日重新确认强于基准和尾盘承接。,半导体制造；相对基准 0.4551%。,中高风险；政策/地缘风险;业绩波动,科创50,已跳过,,,,,,重复观察,同一股票同一交易日的15分钟重复观察已去重，不重复计入胜率。
2026-08-12,08:06:07,A股,300308,中际旭创,stock,1,盘中：高风险强势观察,当前 921.00,913.63-926.53,953.23-980.86,888.76,跌破观察区下沿、弱于基准、板块转弱或出现公告/新闻风险,84,65,隔夜降权：只做观察，不作为自动模拟买入；需次日重新确认强于基准和尾盘承接。,光模块/CPO；相对基准 2.3468%。,高风险；高波动;高位兑现;板块分化,创业板指,已复盘,960.00,921.04,+4.23%,0.00%,+0.45%,未触发,模拟执行未进入买入观察区，不计入胜率；继续检验观察区是否过窄。
2026-08-12,08:06:07,A股,002463,沪电股份,stock,2,盘中：强势观察,当前 123.01,122.03-123.75,127.32-129.16,119.93,跌破观察区下沿、弱于基准、板块转弱或出现公告/新闻风险,84,65,隔夜降权：只做观察，不作为自动模拟买入；需次日重新确认强于基准和尾盘承接。,AI PCB/服务器链；相对基准 1.0795%。,中高风险；题材轮动;业绩预期波动,沪深300,已复盘,124.90,120.66,+1.54%,-1.91%,-1.34%,未触发,模拟执行未进入买入观察区，不计入胜率；继续检验观察区是否过窄。
2026-08-12,08:06:07,A股,002371,北方华创,stock,3,盘中：候选观察,当前 760.00,753.92-764.56,786.60-798.00,741.00,跌破观察区下沿、弱于基准、板块转弱或出现公告/新闻风险,78,65,隔夜降权：只做观察，不作为自动模拟买入；需次日重新确认强于基准和尾盘承接。,半导体设备；相对基准 1.2813%。,中高风险；估值波动;订单预期,沪深300,已复盘,768.37,738.60,+1.10%,-2.82%,-2.25%,未触发,模拟执行未进入买入观察区，不计入胜率；继续检验观察区是否过窄。
2026-08-12,08:06:07,A股,688981,中芯国际,stock,4,盘中：候选观察,当前 127.96,126.94-128.73,132.44-134.36,124.76,跌破观察区下沿、弱于基准、板块转弱或出现公告/新闻风险,75,35,隔夜降权：只做观察，不作为自动模拟买入；需次日重新确认强于基准和尾盘承接。,半导体制造；相对基准 0.4253%。,中高风险；政策/地缘风险;业绩波动,科创50,已复盘,129.00,129.44,+0.81%,+1.16%,+2.27%,未触发,模拟执行未进入买入观察区，不计入胜率；继续检验观察区是否过窄。
2026-08-12,08:06:07,A股,300502,新易盛,stock,5,盘中：边缘观察,当前 428.20,424.77-430.77,443.19-456.03,413.21,跌破观察区下沿、弱于基准、板块转弱或出现公告/新闻风险,73,40,隔夜降权：只做观察，不作为自动模拟买入；需次日重新确认强于基准和尾盘承接。,光模块/CPO；相对基准 1.6152%。,高风险；高波动;板块拥挤;流动性变化,创业板指,已复盘,444.40,429.90,+3.78%,+0.40%,+0.85%,未触发,模拟执行未进入买入观察区，不计入胜率；继续检验观察区是否过窄。
2026-08-12,14:23:18,美股,MU,"Micron Technology, Inc.",stock,1,盘中：候选观察,当前 917.77,910.43-923.27,949.89-977.42,885.65,跌破观察区下沿、弱于基准、板块转弱或出现公告/新闻风险,81,65,收盘前仍强于基准且无事件风险时，才进入隔夜观察,存储芯片；相对基准 2.9937%。,高风险；周期波动;财报跳空;库存周期,SMH,已跳过,,,,,,重复观察,同一股票同一交易日的15分钟重复观察已去重，不重复计入胜率。
2026-08-12,14:23:18,美股,NVDA,NVIDIA Corporation,stock,2,盘中：候选观察,当前 223.58,221.79-224.92,231.41-238.11,215.75,跌破观察区下沿、弱于基准、板块转弱或出现公告/新闻风险,79,65,收盘前仍强于基准且无事件风险时，才进入隔夜观察,AI芯片/加速器；相对基准 0.1188%。,高风险；高估值;新闻/财报跳空;高波动,SMH,已跳过,,,,,,重复观察,同一股票同一交易日的15分钟重复观察已去重，不重复计入胜率。
2026-08-12,14:23:18,美股,AMAT,"Applied Materials, Inc.",stock,3,盘中：候选观察,当前 548.71,544.32-552.00,567.91-576.14,534.99,跌破观察区下沿、弱于基准、板块转弱或出现公告/新闻风险,79,65,收盘前仍强于基准且无事件风险时，才进入隔夜观察,半导体设备；相对基准 1.7173%。,中风险；订单周期;财报风险,SMH,已跳过,,,,,,重复观察,同一股票同一交易日的15分钟重复观察已去重，不重复计入胜率。
2026-08-12,14:23:18,美股,LRCX,Lam Research Corporation,stock,4,盘中：候选观察,当前 325.64,323.04-327.60,337.04-341.93,317.50,跌破观察区下沿、弱于基准、板块转弱或出现公告/新闻风险,79,65,收盘前仍强于基准且无事件风险时，才进入隔夜观察,半导体设备；相对基准 1.8945%。,中风险；订单周期;财报风险,SMH,已跳过,,,,,,重复观察,同一股票同一交易日的15分钟重复观察已去重，不重复计入胜率。
2026-08-12,14:23:18,美股,AMD,"Advanced Micro Devices, Inc.",stock,5,盘中：候选观察,当前 488.27,484.37-491.20,505.36-520.01,471.19,跌破观察区下沿、弱于基准、板块转弱或出现公告/新闻风险,75,65,收盘前仍强于基准且无事件风险时，才进入隔夜观察,AI GPU/半导体；相对基准 0.2655%。,高风险；高波动;产品预期;相对弱势风险,SMH,已跳过,,,,,,重复观察,同一股票同一交易日的15分钟重复观察已去重，不重复计入胜率。
2026-08-12,15:30:18,美股,MU,Micron Technology,stock,1,盘中：高风险强势观察,当前 925.35,917.95-930.90,957.74-985.50,892.96,跌破观察区下沿、弱于基准、板块转弱或出现公告/新闻风险,87,65,收盘前仍强于基准且无事件风险时，才进入隔夜观察,存储芯片；相对基准 3.9357%。,高风险；周期波动;财报跳空;库存周期,SMH,已跳过,,,,,,重复观察,同一股票同一交易日的15分钟重复观察已去重，不重复计入胜率。
2026-08-12,15:30:18,美股,AMAT,"Applied Materials, Inc.",stock,2,盘中：强势观察,当前 549.15,544.76-552.44,568.37-576.61,535.42,跌破观察区下沿、弱于基准、板块转弱或出现公告/新闻风险,85,65,收盘前仍强于基准且无事件风险时，才进入隔夜观察,半导体设备；相对基准 1.871%。,中风险；订单周期;财报风险,SMH,已跳过,,,,,,重复观察,同一股票同一交易日的15分钟重复观察已去重，不重复计入胜率。
2026-08-12,15:30:18,美股,LRCX,Lam Research Corporation,stock,3,盘中：强势观察,当前 327.38,324.76-329.34,338.84-343.75,319.20,跌破观察区下沿、弱于基准、板块转弱或出现公告/新闻风险,82,65,收盘前仍强于基准且无事件风险时，才进入隔夜观察,半导体设备；相对基准 2.5207%。,中风险；订单周期;财报风险,SMH,已跳过,,,,,,重复观察,同一股票同一交易日的15分钟重复观察已去重，不重复计入胜率。
2026-08-12,15:30:18,美股,NVDA,NVIDIA Corporation,stock,4,盘中：候选观察,当前 223.88,222.08-225.22,231.71-238.43,216.04,跌破观察区下沿、弱于基准、板块转弱或出现公告/新闻风险,79,65,收盘前仍强于基准且无事件风险时，才进入隔夜观察,AI芯片/加速器；相对基准 0.3234%。,高风险；高估值;新闻/财报跳空;高波动,SMH,已跳过,,,,,,重复观察,同一股票同一交易日的15分钟重复观察已去重，不重复计入胜率。
2026-08-12,15:30:18,美股,AMD,Advanced Micro Devices,stock,5,盘中：候选观察,当前 488.91,485.00-491.84,506.02-520.69,471.80,跌破观察区下沿、弱于基准、板块转弱或出现公告/新闻风险,79,65,收盘前仍强于基准且无事件风险时，才进入隔夜观察,AI GPU/半导体；相对基准 0.4684%。,高风险；高波动;产品预期;相对弱势风险,SMH,已复盘,483.05,483.01,-1.20%,-1.21%,-1.94%,未触发,模拟执行未进入买入观察区，不计入胜率；继续检验观察区是否过窄。
2026-08-12,16:30:41,美股,MU,"Micron Technology, Inc.",stock,1,盘中：高风险强势观察,当前 923.54,916.15-929.08,955.86-983.57,891.22,跌破观察区下沿、弱于基准、板块转弱或出现公告/新闻风险,87,65,收盘前仍强于基准且无事件风险时，才进入隔夜观察,存储芯片；相对基准 3.9158%。,高风险；周期波动;财报跳空;库存周期,SMH,已跳过,,,,,,重复观察,同一股票同一交易日的15分钟重复观察已去重，不重复计入胜率。
2026-08-12,16:30:41,美股,AMAT,"Applied Materials, Inc.",stock,2,盘中：强势观察,当前 551.02,546.62-554.33,570.31-578.58,537.25,跌破观察区下沿、弱于基准、板块转弱或出现公告/新闻风险,85,65,收盘前仍强于基准且无事件风险时，才进入隔夜观察,半导体设备；相对基准 2.4162%。,中风险；订单周期;财报风险,SMH,已跳过,,,,,,重复观察,同一股票同一交易日的15分钟重复观察已去重，不重复计入胜率。
2026-08-12,16:30:41,美股,ORCL,Oracle Corporation,stock,3,盘中：强势观察,当前 151.54,150.33-152.45,156.85-159.12,147.76,跌破观察区下沿、弱于基准、板块转弱或出现公告/新闻风险,84,65,收盘前仍强于基准且无事件风险时，才进入隔夜观察,云/数据库；相对基准 3.3499%。,中高风险；财报跳空;订单预期,QQQ,已跳过,,,,,,重复观察,同一股票同一交易日的15分钟重复观察已去重，不重复计入胜率。
2026-08-12,16:30:41,美股,LRCX,Lam Research Corporation,stock,4,盘中：强势观察,当前 328.14,325.52-330.11,339.63-344.55,319.94,跌破观察区下沿、弱于基准、板块转弱或出现公告/新闻风险,82,65,收盘前仍强于基准且无事件风险时，才进入隔夜观察,半导体设备；相对基准 2.9542%。,中风险；订单周期;财报风险,SMH,已跳过,,,,,,重复观察,同一股票同一交易日的15分钟重复观察已去重，不重复计入胜率。
2026-08-12,16:30:41,美股,KLAC,KLA Corporation,stock,5,盘中：候选观察,当前 208.26,206.59-209.51,215.55-218.67,203.05,跌破观察区下沿、弱于基准、板块转弱或出现公告/新闻风险,79,65,收盘前仍强于基准且无事件风险时，才进入隔夜观察,半导体设备/检测；相对基准 1.4668%。,中风险；估值;财报风险,SMH,已跳过,,,,,,重复观察,同一股票同一交易日的15分钟重复观察已去重，不重复计入胜率。
2026-08-12,17:35:25,美股,MU,Micron Technology,stock,1,盘中：高风险强势观察,当前 930.09,922.64-935.67,962.64-990.54,897.53,跌破观察区下沿、弱于基准、板块转弱或出现公告/新闻风险,87,65,收盘前仍强于基准且无事件风险时，才进入隔夜观察,存储芯片；相对基准 4.4233%。,高风险；周期波动;财报跳空;库存周期,SMH,已跳过,,,,,,重复观察,同一股票同一交易日的15分钟重复观察已去重，不重复计入胜率。
2026-08-12,17:35:25,美股,ORCL,Oracle Corporation,stock,2,盘中：强势观察,当前 153.36,152.13-154.28,158.73-161.03,149.53,跌破观察区下沿、弱于基准、板块转弱或出现公告/新闻风险,87,65,收盘前仍强于基准且无事件风险时，才进入隔夜观察,云/数据库；相对基准 4.4931%。,中高风险；财报跳空;订单预期,QQQ,已跳过,,,,,,重复观察,同一股票同一交易日的15分钟重复观察已去重，不重复计入胜率。
2026-08-12,17:35:25,美股,AMAT,"Applied Materials, Inc.",stock,3,盘中：强势观察,当前 551.49,547.08-554.80,570.79-579.06,537.70,跌破观察区下沿、弱于基准、板块转弱或出现公告/新闻风险,86,65,收盘前仍强于基准且无事件风险时，才进入隔夜观察,半导体设备；相对基准 2.2586%。,中风险；订单周期;财报风险,SMH,已跳过,,,,,,重复观察,同一股票同一交易日的15分钟重复观察已去重，不重复计入胜率。
2026-08-12,17:35:25,美股,LRCX,Lam Research Corporation,stock,4,盘中：强势观察,当前 328.53,325.90-330.50,340.03-344.96,320.32,跌破观察区下沿、弱于基准、板块转弱或出现公告/新闻风险,86,65,收盘前仍强于基准且无事件风险时，才进入隔夜观察,半导体设备；相对基准 2.8321%。,中风险；订单周期;财报风险,SMH,已跳过,,,,,,重复观察,同一股票同一交易日的15分钟重复观察已去重，不重复计入胜率。
2026-08-12,17:35:25,美股,NVDA,NVIDIA Corporation,stock,5,盘中：候选观察,当前 224.10,222.31-225.44,231.94-238.67,216.26,跌破观察区下沿、弱于基准、板块转弱或出现公告/新闻风险,81,65,收盘前仍强于基准且无事件风险时，才进入隔夜观察,AI芯片/加速器；相对基准 0.3693%。,高风险；高估值;新闻/财报跳空;高波动,SMH,已跳过,,,,,,重复观察,同一股票同一交易日的15分钟重复观察已去重，不重复计入胜率。
2026-08-12,18:39:16,美股,MU,"Micron Technology, Inc.",stock,1,盘中：高风险强势观察,当前 925.73,918.32-931.28,958.13-985.90,893.33,跌破观察区下沿、弱于基准、板块转弱或出现公告/新闻风险,87,65,收盘前仍强于基准且无事件风险时，才进入隔夜观察,存储芯片；相对基准 3.9323%。,高风险；周期波动;财报跳空;库存周期,SMH,已跳过,,,,,,重复观察,同一股票同一交易日的15分钟重复观察已去重，不重复计入胜率。
2026-08-12,18:39:16,美股,ORCL,Oracle Corporation,stock,2,盘中：强势观察,当前 153.29,152.06-154.21,158.66-160.95,149.46,跌破观察区下沿、弱于基准、板块转弱或出现公告/新闻风险,87,65,收盘前仍强于基准且无事件风险时，才进入隔夜观察,云/数据库；相对基准 4.4428%。,中高风险；财报跳空;订单预期,QQQ,已跳过,,,,,,重复观察,同一股票同一交易日的15分钟重复观察已去重，不重复计入胜率。
2026-08-12,18:39:16,美股,LRCX,Lam Research Corporation,stock,3,盘中：强势观察,当前 328.13,325.50-330.10,339.61-344.54,319.93,跌破观察区下沿、弱于基准、板块转弱或出现公告/新闻风险,86,65,收盘前仍强于基准且无事件风险时，才进入隔夜观察,半导体设备；相对基准 2.7143%。,中风险；订单周期;财报风险,SMH,已跳过,,,,,,重复观察,同一股票同一交易日的15分钟重复观察已去重，不重复计入胜率。
2026-08-12,18:39:16,美股,AMAT,"Applied Materials, Inc.",stock,4,盘中：强势观察,当前 550.94,546.53-554.25,570.22-578.49,537.17,跌破观察区下沿、弱于基准、板块转弱或出现公告/新闻风险,85,65,收盘前仍强于基准且无事件风险时，才进入隔夜观察,半导体设备；相对基准 2.1644%。,中风险；订单周期;财报风险,SMH,已跳过,,,,,,重复观察,同一股票同一交易日的15分钟重复观察已去重，不重复计入胜率。
2026-08-12,18:39:16,美股,KLAC,KLA Corporation,stock,5,盘中：候选观察,当前 209.04,207.37-210.30,216.36-219.50,203.82,跌破观察区下沿、弱于基准、板块转弱或出现公告/新闻风险,80,65,收盘前仍强于基准且无事件风险时，才进入隔夜观察,半导体设备/检测；相对基准 1.6226%。,中风险；估值;财报风险,SMH,已跳过,,,,,,重复观察,同一股票同一交易日的15分钟重复观察已去重，不重复计入胜率。
2026-08-12,19:51:03,美股,MU,"Micron Technology, Inc.",stock,1,盘中：高风险强势观察,当前 920.08,912.71-925.60,952.28-979.88,887.87,跌破观察区下沿、弱于基准、板块转弱或出现公告/新闻风险,84,65,收盘前仍强于基准且无事件风险时，才进入隔夜观察,存储芯片；相对基准 3.8816%。,高风险；周期波动;财报跳空;库存周期,SMH,已复盘,912.90,949.83,-0.78%,+3.23%,+2.50%,未触发,模拟执行未进入买入观察区，不计入胜率；继续检验观察区是否过窄。
2026-08-12,19:51:03,美股,ORCL,Oracle Corporation,stock,2,盘中：强势观察,当前 152.72,151.50-153.64,158.07-160.36,148.90,跌破观察区下沿、弱于基准、板块转弱或出现公告/新闻风险,84,65,收盘前仍强于基准且无事件风险时，才进入隔夜观察,云/数据库；相对基准 4.2591%。,中高风险；财报跳空;订单预期,QQQ,已跳过,,,,,,重复观察,同一股票同一交易日的15分钟重复观察已去重，不重复计入胜率。
2026-08-12,19:51:03,美股,AMAT,"Applied Materials, Inc.",stock,3,盘中：强势观察,当前 548.30,543.92-551.59,567.50-575.72,534.60,跌破观察区下沿、弱于基准、板块转弱或出现公告/新闻风险,83,65,收盘前仍强于基准且无事件风险时，才进入隔夜观察,半导体设备；相对基准 2.2634%。,中风险；订单周期;财报风险,SMH,已跳过,,,,,,重复观察,同一股票同一交易日的15分钟重复观察已去重，不重复计入胜率。
2026-08-12,19:51:03,美股,KLAC,KLA Corporation,stock,4,盘中：强势观察,当前 208.54,206.88-209.80,215.84-218.97,203.33,跌破观察区下沿、弱于基准、板块转弱或出现公告/新闻风险,83,65,收盘前仍强于基准且无事件风险时，才进入隔夜观察,半导体设备/检测；相对基准 1.9736%。,中风险；估值;财报风险,SMH,已跳过,,,,,,重复观察,同一股票同一交易日的15分钟重复观察已去重，不重复计入胜率。
2026-08-12,19:51:03,美股,LRCX,Lam Research Corporation,stock,5,盘中：候选观察,当前 325.55,322.94-327.50,336.94-341.82,317.41,跌破观察区下沿、弱于基准、板块转弱或出现公告/新闻风险,80,65,收盘前仍强于基准且无事件风险时，才进入隔夜观察,半导体设备；相对基准 2.4846%。,中风险；订单周期;财报风险,SMH,已跳过,,,,,,重复观察,同一股票同一交易日的15分钟重复观察已去重，不重复计入胜率。
2026-08-12,20:56:06,美股,ORCL,Oracle Corporation,stock,1,收盘：强势观察,当前 153.28,152.05-154.20,158.64-160.94,149.45,跌破观察区下沿、弱于基准、板块转弱或出现公告/新闻风险,87,65,收盘前仍强于基准且无事件风险时，才进入隔夜观察,云/数据库；相对基准 4.6309%。,中高风险；财报跳空;订单预期,QQQ,已复盘,151.98,156.22,-0.85%,+1.92%,+0.76%,未触发,模拟执行未进入买入观察区，不计入胜率；继续检验观察区是否过窄。
2026-08-12,20:56:06,美股,AMAT,"Applied Materials, Inc.",stock,2,收盘：强势观察,当前 548.15,543.76-551.44,567.34-575.56,534.45,跌破观察区下沿、弱于基准、板块转弱或出现公告/新闻风险,83,65,收盘前仍强于基准且无事件风险时，才进入隔夜观察,半导体设备；相对基准 2.2114%。,中风险；订单周期;财报风险,SMH,已复盘,548.50,534.54,+0.06%,-2.48%,-3.21%,未触发,模拟执行未进入买入观察区，不计入胜率；继续检验观察区是否过窄。
2026-08-12,20:56:06,美股,LRCX,Lam Research Corporation,stock,3,收盘：强势观察,当前 326.11,323.50-328.07,337.52-342.42,317.96,跌破观察区下沿、弱于基准、板块转弱或出现公告/新闻风险,83,65,收盘前仍强于基准且无事件风险时，才进入隔夜观察,半导体设备；相对基准 2.6435%。,中风险；订单周期;财报风险,SMH,已复盘,327.62,337.01,+0.46%,+3.34%,+2.61%,未触发,模拟执行未进入买入观察区，不计入胜率；继续检验观察区是否过窄。
2026-08-12,20:56:06,美股,KLAC,KLA Corporation,stock,4,收盘：强势观察,当前 208.25,206.58-209.50,215.54-218.66,203.04,跌破观察区下沿、弱于基准、板块转弱或出现公告/新闻风险,83,65,收盘前仍强于基准且无事件风险时，才进入隔夜观察,半导体设备/检测；相对基准 1.8039%。,中风险；估值;财报风险,SMH,已复盘,208.53,209.37,+0.13%,+0.54%,-0.19%,未触发,模拟执行未进入买入观察区，不计入胜率；继续检验观察区是否过窄。
2026-08-12,20:56:06,美股,NVDA,NVIDIA Corporation,stock,5,收盘：候选观察,当前 224.09,222.30-225.43,231.93-238.66,216.25,跌破观察区下沿、弱于基准、板块转弱或出现公告/新闻风险,81,65,收盘前仍强于基准且无事件风险时，才进入隔夜观察,AI芯片/加速器；相对基准 0.9529%。,高风险；高估值;新闻/财报跳空;高波动,SMH,已复盘,225.05,225.30,+0.43%,+0.54%,-0.19%,未触发,模拟执行未进入买入观察区，不计入胜率；继续检验观察区是否过窄。
2026-08-13,03:28:30,A股,603019,中科曙光,stock,1,盘中：强势观察,当前 88.88,88.17-89.41,91.99-93.32,86.66,跌破观察区下沿、弱于基准、板块转弱或出现公告/新闻风险,86,75,收盘前仍强于基准且无事件风险时，才进入隔夜观察,算力/服务器；相对基准 2.3646%。,中高风险；政策预期;题材波动,沪深300,已跳过,,,,,,重复观察,同一股票同一交易日的15分钟重复观察已去重，不重复计入胜率。
2026-08-13,03:28:30,A股,688981,中芯国际,stock,2,盘中：强势观察,当前 132.50,131.44-133.29,137.14-139.12,129.19,跌破观察区下沿、弱于基准、板块转弱或出现公告/新闻风险,86,65,隔夜降权：只做观察，不作为自动模拟买入；需次日重新确认强于基准和尾盘承接。,半导体制造；相对基准 1.6899%。,中高风险；政策/地缘风险;业绩波动,科创50,已跳过,,,,,,重复观察,同一股票同一交易日的15分钟重复观察已去重，不重复计入胜率。
2026-08-13,03:28:30,A股,000977,浪潮信息,stock,3,盘中：强势观察,当前 78.12,77.50-78.59,80.85-82.03,76.17,跌破观察区下沿、弱于基准、板块转弱或出现公告/新闻风险,85,50,隔夜降权：只做观察，不作为自动模拟买入；需次日重新确认强于基准和尾盘承接。,服务器/算力；相对基准 3.6502%。,中高风险；政策与订单预期;波动较大,沪深300,已跳过,,,,,,重复观察,同一股票同一交易日的15分钟重复观察已去重，不重复计入胜率。
2026-08-13,03:28:30,A股,300274,阳光电源,stock,4,盘中：强势观察,当前 120.72,119.75-121.44,124.95-126.76,117.70,跌破观察区下沿、弱于基准、板块转弱或出现公告/新闻风险,84,65,隔夜降权：只做观察，不作为自动模拟买入；需次日重新确认强于基准和尾盘承接。,光伏/储能；相对基准 1.1427%。,中高风险；行业周期;海外需求波动,创业板指,已跳过,,,,,,重复观察,同一股票同一交易日的15分钟重复观察已去重，不重复计入胜率。
2026-08-13,03:28:30,A股,300502,新易盛,stock,5,盘中：候选观察,当前 445.50,441.94-448.17,461.09-474.46,429.91,跌破观察区下沿、弱于基准、板块转弱或出现公告/新闻风险,76,40,隔夜降权：只做观察，不作为自动模拟买入；需次日重新确认强于基准和尾盘承接。,光模块/CPO；相对基准 2.4687%。,高风险；高波动;板块拥挤;流动性变化,创业板指,已跳过,,,,,,重复观察,同一股票同一交易日的15分钟重复观察已去重，不重复计入胜率。
2026-08-13,05:19:26,A股,000977,浪潮信息,stock,1,盘中：强势观察,当前 80.52,79.88-81.00,83.34-84.55,78.51,跌破观察区下沿、弱于基准、板块转弱或出现公告/新闻风险,91,75,收盘前仍强于基准且无事件风险时，才进入隔夜观察,服务器/算力；相对基准 6.7929%。,中高风险；政策与订单预期;波动较大,沪深300,已跳过,,,,,,重复观察,同一股票同一交易日的15分钟重复观察已去重，不重复计入胜率。
2026-08-13,05:19:26,A股,603019,中科曙光,stock,2,盘中：强势观察,当前 90.31,89.59-90.85,93.47-94.83,88.05,跌破观察区下沿、弱于基准、板块转弱或出现公告/新闻风险,91,75,收盘前仍强于基准且无事件风险时，才进入隔夜观察,算力/服务器；相对基准 3.9628%。,中高风险；政策预期;题材波动,沪深300,已跳过,,,,,,重复观察,同一股票同一交易日的15分钟重复观察已去重，不重复计入胜率。
2026-08-13,05:19:26,A股,300274,阳光电源,stock,3,盘中：强势观察,当前 121.40,120.43-122.13,125.65-127.47,118.37,跌破观察区下沿、弱于基准、板块转弱或出现公告/新闻风险,86,65,隔夜降权：只做观察，不作为自动模拟买入；需次日重新确认强于基准和尾盘承接。,光伏/储能；相对基准 1.6252%。,中高风险；行业周期;海外需求波动,创业板指,已复盘,118.47,116.72,-2.41%,-3.86%,-4.98%,未触发,模拟执行未进入买入观察区，不计入胜率；继续检验观察区是否过窄。
2026-08-13,05:19:26,A股,688981,中芯国际,stock,4,盘中：强势观察,当前 132.85,131.79-133.65,137.50-139.49,129.53,跌破观察区下沿、弱于基准、板块转弱或出现公告/新闻风险,85,65,隔夜降权：只做观察，不作为自动模拟买入；需次日重新确认强于基准和尾盘承接。,半导体制造；相对基准 1.9687%。,中高风险；政策/地缘风险;业绩波动,科创50,已复盘,133.99,132.87,+0.86%,+0.02%,+0.02%,未触发,模拟执行未进入买入观察区，不计入胜率；继续检验观察区是否过窄。
2026-08-13,05:19:26,A股,300502,新易盛,stock,5,盘中：边缘观察,当前 442.63,439.09-445.29,458.12-471.40,427.14,跌破观察区下沿、弱于基准、板块转弱或出现公告/新闻风险,72,30,隔夜降权：只做观察，不作为自动模拟买入；需次日重新确认强于基准和尾盘承接。,光模块/CPO；相对基准 1.7023%。,高风险；高波动;板块拥挤;流动性变化,创业板指,已复盘,435.51,448.08,-1.61%,+1.23%,+0.11%,未触发,模拟执行未进入买入观察区，不计入胜率；继续检验观察区是否过窄。
2026-08-13,06:58:21,A股,603019,中科曙光,stock,1,盘中：强势观察,当前 89.64,88.92-90.18,92.78-94.12,87.40,跌破观察区下沿、弱于基准、板块转弱或出现公告/新闻风险,85,50,隔夜降权：只做观察，不作为自动模拟买入；需次日重新确认强于基准和尾盘承接。,算力/服务器；相对基准 4.3021%。,中高风险；政策预期;题材波动,沪深300,已跳过,,,,,,重复观察,同一股票同一交易日的15分钟重复观察已去重，不重复计入胜率。
2026-08-13,06:58:21,A股,000977,浪潮信息,stock,2,盘中：强势观察,当前 79.46,78.82-79.94,82.24-83.43,77.47,跌破观察区下沿、弱于基准、板块转弱或出现公告/新闻风险,83,40,隔夜降权：只做观察，不作为自动模拟买入；需次日重新确认强于基准和尾盘承接。,服务器/算力；相对基准 6.4945%。,中高风险；政策与订单预期;波动较大,沪深300,已跳过,,,,,,重复观察,同一股票同一交易日的15分钟重复观察已去重，不重复计入胜率。
2026-08-13,06:58:21,A股,300750,宁德时代,stock,3,盘中：候选观察,当前 396.28,393.11-398.66,410.15-416.09,386.37,跌破观察区下沿、弱于基准、板块转弱或出现公告/新闻风险,77,65,隔夜降权：只做观察，不作为自动模拟买入；需次日重新确认强于基准和尾盘承接。,新能源电池；相对基准 1.0335%。,中风险；行业价格战;政策/销量预期,创业板指,已跳过,,,,,,重复观察,同一股票同一交易日的15分钟重复观察已去重，不重复计入胜率。
2026-08-13,06:58:21,A股,600519,贵州茅台,stock,4,盘中：候选观察,当前 1355.29,1344.45-1363.42,1402.73-1423.05,1321.41,跌破观察区下沿、弱于基准、板块转弱或出现公告/新闻风险,75,30,隔夜降权：只做观察，不作为自动模拟买入；需次日重新确认强于基准和尾盘承接。,消费/白酒；相对基准 1.4912%。,低风险；消费预期;外资权重波动,沪深300,已跳过,,,,,,重复观察,同一股票同一交易日的15分钟重复观察已去重，不重复计入胜率。
2026-08-13,08:37:38,A股,603019,中科曙光,stock,1,收盘：强势观察,当前 89.63,88.91-90.17,92.77-94.11,87.39,跌破观察区下沿、弱于基准、板块转弱或出现公告/新闻风险,85,50,隔夜降权：只做观察，不作为自动模拟买入；需次日重新确认强于基准和尾盘承接。,算力/服务器；相对基准 4.2892%。,中高风险；政策预期;题材波动,沪深300,已复盘,89.65,89.36,+0.02%,-0.30%,-0.34%,未触发,模拟执行未进入买入观察区，不计入胜率；继续检验观察区是否过窄。
2026-08-13,08:37:38,A股,000977,浪潮信息,stock,2,收盘：强势观察,当前 79.46,78.82-79.94,82.24-83.43,77.47,跌破观察区下沿、弱于基准、板块转弱或出现公告/新闻风险,83,40,隔夜降权：只做观察，不作为自动模拟买入；需次日重新确认强于基准和尾盘承接。,服务器/算力；相对基准 6.4932%。,中高风险；政策与订单预期;波动较大,沪深300,已复盘,79.60,78.80,+0.18%,-0.83%,-0.87%,未触发,模拟执行未进入买入观察区，不计入胜率；继续检验观察区是否过窄。
2026-08-13,08:37:38,A股,300750,宁德时代,stock,3,收盘：候选观察,当前 396.30,393.13-398.68,410.17-416.12,386.39,跌破观察区下沿、弱于基准、板块转弱或出现公告/新闻风险,77,65,隔夜降权：只做观察，不作为自动模拟买入；需次日重新确认强于基准和尾盘承接。,新能源电池；相对基准 1.0469%。,中风险；行业价格战;政策/销量预期,创业板指,已复盘,395.00,393.93,-0.33%,-0.60%,-1.72%,未触发,模拟执行未进入买入观察区，不计入胜率；继续检验观察区是否过窄。
2026-08-13,08:37:38,A股,600519,贵州茅台,stock,4,收盘：候选观察,当前 1355.29,1344.45-1363.42,1402.73-1423.05,1321.41,跌破观察区下沿、弱于基准、板块转弱或出现公告/新闻风险,75,30,隔夜降权：只做观察，不作为自动模拟买入；需次日重新确认强于基准和尾盘承接。,消费/白酒；相对基准 1.4899%。,低风险；消费预期;外资权重波动,沪深300,已复盘,1355.00,1341.99,-0.02%,-0.98%,-1.02%,未触发,模拟执行未进入买入观察区，不计入胜率；继续检验观察区是否过窄。
2026-08-13,14:24:45,美股,ORCL,Oracle Corporation,stock,1,盘中：强势观察,当前 158.20,156.93-159.15,163.74-166.11,154.24,跌破观察区下沿、弱于基准、板块转弱或出现公告/新闻风险,86,65,收盘前仍强于基准且无事件风险时，才进入隔夜观察,云/数据库；相对基准 2.0007%。,中高风险；财报跳空;订单预期,QQQ,已跳过,,,,,,重复观察,同一股票同一交易日的15分钟重复观察已去重，不重复计入胜率。
2026-08-13,14:24:45,美股,MU,Micron Technology,stock,2,盘中：高风险强势观察,当前 942.22,934.68-947.87,975.19-1003.46,909.24,跌破观察区下沿、弱于基准、板块转弱或出现公告/新闻风险,84,65,收盘前仍强于基准且无事件风险时，才进入隔夜观察,存储芯片；相对基准 1.8582%。,高风险；周期波动;财报跳空;库存周期,SMH,已跳过,,,,,,重复观察,同一股票同一交易日的15分钟重复观察已去重，不重复计入胜率。
2026-08-13,14:24:45,美股,MSFT,Microsoft Corporation,stock,3,盘中：强势观察,当前 499.88,495.89-502.88,517.38-524.88,487.39,跌破观察区下沿、弱于基准、板块转弱或出现公告/新闻风险,83,65,收盘前仍强于基准且无事件风险时，才进入隔夜观察,AI云/软件；相对基准 0.3048%。,中风险；监管;财报;AI资本开支担忧,QQQ,已复盘,496.36,495.40,-0.71%,-0.90%,-0.76%,未触发,模拟执行未进入买入观察区，不计入胜率；继续检验观察区是否过窄。
2026-08-13,14:24:45,美股,META,"Meta Platforms, Inc.",stock,4,盘中：候选观察,当前 589.29,584.58-592.83,609.92-618.75,574.56,跌破观察区下沿、弱于基准、板块转弱或出现公告/新闻风险,81,65,收盘前仍强于基准且无事件风险时，才进入隔夜观察,AI应用/社交广告；相对基准 0.5945%。,中高风险；监管;广告周期;资本开支,QQQ,已跳过,,,,,,重复观察,同一股票同一交易日的15分钟重复观察已去重，不重复计入胜率。
2026-08-13,14:24:45,美股,AVGO,Broadcom Inc.,stock,5,盘中：候选观察,当前 422.31,418.93-424.84,437.09-443.43,411.75,跌破观察区下沿、弱于基准、板块转弱或出现公告/新闻风险,79,85,收盘前仍强于基准且无事件风险时，才进入隔夜观察,AI芯片/网络；相对基准 -0.0309%。,中高风险；大客户预期;财报跳空;估值波动,SMH,已跳过,,,,,,重复观察,同一股票同一交易日的15分钟重复观察已去重，不重复计入胜率。
2026-08-13,15:31:32,美股,MU,"Micron Technology, Inc.",stock,1,盘中：高风险强势观察,当前 972.09,964.31-977.92,1006.11-1035.28,938.07,跌破观察区下沿、弱于基准、板块转弱或出现公告/新闻风险,87,65,收盘前仍强于基准且无事件风险时，才进入隔夜观察,存储芯片；相对基准 4.7611%。,高风险；周期波动;财报跳空;库存周期,SMH,已跳过,,,,,,重复观察,同一股票同一交易日的15分钟重复观察已去重，不重复计入胜率。
2026-08-13,15:31:32,美股,LRCX,Lam Research Corporation,stock,2,盘中：强势观察,当前 339.69,336.98-341.73,351.58-356.68,331.20,跌破观察区下沿、弱于基准、板块转弱或出现公告/新闻风险,84,65,收盘前仍强于基准且无事件风险时，才进入隔夜观察,半导体设备；相对基准 2.255%。,中风险；订单周期;财报风险,SMH,已跳过,,,,,,重复观察,同一股票同一交易日的15分钟重复观察已去重，不重复计入胜率。
2026-08-13,15:31:32,美股,AMAT,"Applied Materials, Inc.",stock,3,盘中：强势观察,当前 558.67,554.20-562.02,578.22-586.60,544.70,跌破观察区下沿、弱于基准、板块转弱或出现公告/新闻风险,83,65,收盘前仍强于基准且无事件风险时，才进入隔夜观察,半导体设备；相对基准 0.0084%。,中风险；订单周期;财报风险,SMH,已跳过,,,,,,重复观察,同一股票同一交易日的15分钟重复观察已去重，不重复计入胜率。
2026-08-13,15:31:32,美股,INTC,Intel Corporation,stock,4,盘中：候选观察,当前 106.97,106.11-107.61,110.71-113.92,103.22,跌破观察区下沿、弱于基准、板块转弱或出现公告/新闻风险,80,30,收盘前仍强于基准且无事件风险时，才进入隔夜观察,半导体制造/CPU；相对基准 4.0476%。,高风险；转型风险;财报跳空;高波动,SMH,已复盘,104.50,102.50,-2.31%,-4.18%,-3.96%,未触发,模拟执行未进入买入观察区，不计入胜率；继续检验观察区是否过窄。
2026-08-13,15:31:32,美股,ORCL,Oracle Corporation,stock,5,盘中：候选观察,当前 155.44,154.20-156.37,160.88-163.21,151.55,跌破观察区下沿、弱于基准、板块转弱或出现公告/新闻风险,80,65,收盘前仍强于基准且无事件风险时，才进入隔夜观察,云/数据库；相对基准 0.2817%。,中高风险；财报跳空;订单预期,QQQ,已复盘,155.84,150.52,+0.26%,-3.17%,-3.03%,未触发,模拟执行未进入买入观察区，不计入胜率；继续检验观察区是否过窄。
2026-08-13,16:30:19,美股,LRCX,Lam Research Corporation,stock,1,盘中：强势观察,当前 341.85,339.11-343.90,353.81-358.94,333.30,跌破观察区下沿、弱于基准、板块转弱或出现公告/新闻风险,88,65,收盘前仍强于基准且无事件风险时，才进入隔夜观察,半导体设备；相对基准 2.8922%。,中风险；订单周期;财报风险,SMH,已跳过,,,,,,重复观察,同一股票同一交易日的15分钟重复观察已去重，不重复计入胜率。
2026-08-13,16:30:19,美股,MU,"Micron Technology, Inc.",stock,2,盘中：高风险强势观察,当前 968.52,960.77-974.33,1002.42-1031.47,934.62,跌破观察区下沿、弱于基准、板块转弱或出现公告/新闻风险,87,65,收盘前仍强于基准且无事件风险时，才进入隔夜观察,存储芯片；相对基准 4.3472%。,高风险；周期波动;财报跳空;库存周期,SMH,已跳过,,,,,,重复观察,同一股票同一交易日的15分钟重复观察已去重，不重复计入胜率。
2026-08-13,16:30:19,美股,ASML,ASML Holding N.V.,stock,3,盘中：强势观察,当前 1862.22,1847.32-1873.39,1927.40-1955.33,1815.66,跌破观察区下沿、弱于基准、板块转弱或出现公告/新闻风险,83,65,收盘前仍强于基准且无事件风险时，才进入隔夜观察,半导体设备；相对基准 0.9482%。,中风险；出口限制;订单周期;欧洲ADR波动,SMH,已跳过,,,,,,重复观察,同一股票同一交易日的15分钟重复观察已去重，不重复计入胜率。
2026-08-13,16:30:19,美股,META,"Meta Platforms, Inc.",stock,4,盘中：候选观察,当前 587.17,582.48-590.70,607.72-616.53,572.49,跌破观察区下沿、弱于基准、板块转弱或出现公告/新闻风险,80,65,收盘前仍强于基准且无事件风险时，才进入隔夜观察,AI应用/社交广告；相对基准 0.3062%。,中高风险；监管;广告周期;资本开支,QQQ,已跳过,,,,,,重复观察,同一股票同一交易日的15分钟重复观察已去重，不重复计入胜率。
2026-08-13,16:30:19,美股,AVGO,Broadcom Inc.,stock,5,盘中：候选观察,当前 422.14,418.77-424.68,436.92-443.25,411.59,跌破观察区下沿、弱于基准、板块转弱或出现公告/新闻风险,79,85,收盘前仍强于基准且无事件风险时，才进入隔夜观察,AI芯片/网络；相对基准 -0.4679%。,中高风险；大客户预期;财报跳空;估值波动,SMH,已复盘,411.96,392.99,-2.41%,-6.91%,-6.69%,未触发,模拟执行未进入买入观察区，不计入胜率；继续检验观察区是否过窄。
2026-08-13,17:34:02,美股,LRCX,Lam Research Corporation,stock,1,盘中：强势观察,当前 344.24,341.49-346.31,356.29-361.45,335.63,跌破观察区下沿、弱于基准、板块转弱或出现公告/新闻风险,91,65,收盘前仍强于基准且无事件风险时，才进入隔夜观察,半导体设备；相对基准 3.5042%。,中风险；订单周期;财报风险,SMH,已跳过,,,,,,重复观察,同一股票同一交易日的15分钟重复观察已去重，不重复计入胜率。
2026-08-13,17:34:02,美股,ASML,ASML Holding N.V.,stock,2,盘中：强势观察,当前 1869.40,1854.44-1880.62,1934.83-1962.87,1822.66,跌破观察区下沿、弱于基准、板块转弱或出现公告/新闻风险,88,65,收盘前仍强于基准且无事件风险时，才进入隔夜观察,半导体设备；相对基准 1.2225%。,中风险；出口限制;订单周期;欧洲ADR波动,SMH,已跳过,,,,,,重复观察,同一股票同一交易日的15分钟重复观察已去重，不重复计入胜率。
2026-08-13,17:34:02,美股,MU,Micron Technology,stock,3,盘中：高风险强势观察,当前 974.39,966.59-980.24,1008.49-1037.73,940.29,跌破观察区下沿、弱于基准、板块转弱或出现公告/新闻风险,87,65,收盘前仍强于基准且无事件风险时，才进入隔夜观察,存储芯片；相对基准 4.869%。,高风险；周期波动;财报跳空;库存周期,SMH,已跳过,,,,,,重复观察,同一股票同一交易日的15分钟重复观察已去重，不重复计入胜率。
2026-08-13,17:34:02,美股,AMAT,"Applied Materials, Inc.",stock,4,盘中：强势观察,当前 561.05,556.56-564.42,580.69-589.10,547.02,跌破观察区下沿、弱于基准、板块转弱或出现公告/新闻风险,83,65,收盘前仍强于基准且无事件风险时，才进入隔夜观察,半导体设备；相对基准 0.2981%。,中风险；订单周期;财报风险,SMH,已复盘,498.44,507.18,-11.16%,-9.60%,-9.38%,失败,模拟执行触发止损，降低相同风险特征的隔夜或追高权重。
2026-08-13,17:34:02,美股,META,"Meta Platforms, Inc.",stock,5,盘中：候选观察,当前 588.04,583.33-591.57,608.62-617.44,573.34,跌破观察区下沿、弱于基准、板块转弱或出现公告/新闻风险,81,65,收盘前仍强于基准且无事件风险时，才进入隔夜观察,AI应用/社交广告；相对基准 0.3145%。,中高风险；监管;广告周期;资本开支,QQQ,已跳过,,,,,,重复观察,同一股票同一交易日的15分钟重复观察已去重，不重复计入胜率。
2026-08-13,18:39:51,美股,LRCX,Lam Research Corporation,stock,1,盘中：强势观察,当前 341.71,338.98-343.76,353.67-358.80,333.17,跌破观察区下沿、弱于基准、板块转弱或出现公告/新闻风险,91,65,收盘前仍强于基准且无事件风险时，才进入隔夜观察,半导体设备；相对基准 3.0829%。,中风险；订单周期;财报风险,SMH,已跳过,,,,,,重复观察,同一股票同一交易日的15分钟重复观察已去重，不重复计入胜率。
2026-08-13,18:39:51,美股,ASML,ASML Holding N.V.,stock,2,盘中：强势观察,当前 1871.46,1856.49-1882.69,1936.96-1965.03,1824.67,跌破观察区下沿、弱于基准、板块转弱或出现公告/新闻风险,88,65,收盘前仍强于基准且无事件风险时，才进入隔夜观察,半导体设备；相对基准 1.6908%。,中风险；出口限制;订单周期;欧洲ADR波动,SMH,已跳过,,,,,,重复观察,同一股票同一交易日的15分钟重复观察已去重，不重复计入胜率。
2026-08-13,18:39:51,美股,MU,"Micron Technology, Inc.",stock,3,盘中：高风险强势观察,当前 965.93,958.20-971.73,999.74-1028.72,932.12,跌破观察区下沿、弱于基准、板块转弱或出现公告/新闻风险,87,65,收盘前仍强于基准且无事件风险时，才进入隔夜观察,存储芯片；相对基准 4.2951%。,高风险；周期波动;财报跳空;库存周期,SMH,已跳过,,,,,,重复观察,同一股票同一交易日的15分钟重复观察已去重，不重复计入胜率。
2026-08-13,18:39:51,美股,META,"Meta Platforms, Inc.",stock,4,盘中：候选观察,当前 589.79,585.07-593.33,610.43-619.28,575.05,跌破观察区下沿、弱于基准、板块转弱或出现公告/新闻风险,81,65,收盘前仍强于基准且无事件风险时，才进入隔夜观察,AI应用/社交广告；相对基准 0.6464%。,中高风险；监管;广告周期;资本开支,QQQ,已跳过,,,,,,重复观察,同一股票同一交易日的15分钟重复观察已去重，不重复计入胜率。
2026-08-13,18:39:51,美股,CRM,"Salesforce, Inc.",stock,5,盘中：候选观察,当前 200.21,198.61-201.41,207.22-210.22,195.20,跌破观察区下沿、弱于基准、板块转弱或出现公告/新闻风险,81,30,收盘前仍强于基准且无事件风险时，才进入隔夜观察,企业软件；相对基准 2.3204%。,中风险；业绩指引;估值,QQQ,已跳过,,,,,,重复观察,同一股票同一交易日的15分钟重复观察已去重，不重复计入胜率。
2026-08-13,19:46:15,美股,MU,"Micron Technology, Inc.",stock,1,盘中：高风险强势观察,当前 952.25,944.63-957.96,985.58-1014.15,918.92,跌破观察区下沿、弱于基准、板块转弱或出现公告/新闻风险,86,65,收盘前仍强于基准且无事件风险时，才进入隔夜观察,存储芯片；相对基准 3.6851%。,高风险；周期波动;财报跳空;库存周期,SMH,已跳过,,,,,,重复观察,同一股票同一交易日的15分钟重复观察已去重，不重复计入胜率。
2026-08-13,19:46:15,美股,LRCX,Lam Research Corporation,stock,2,盘中：强势观察,当前 336.76,334.07-338.79,348.55-353.60,328.35,跌破观察区下沿、弱于基准、板块转弱或出现公告/新闻风险,84,65,收盘前仍强于基准且无事件风险时，才进入隔夜观察,半导体设备；相对基准 2.4577%。,中风险；订单周期;财报风险,SMH,已跳过,,,,,,重复观察,同一股票同一交易日的15分钟重复观察已去重，不重复计入胜率。
2026-08-13,19:46:15,美股,META,"Meta Platforms, Inc.",stock,3,盘中：强势观察,当前 594.92,590.17-598.49,615.75-624.67,580.05,跌破观察区下沿、弱于基准、板块转弱或出现公告/新闻风险,84,65,收盘前仍强于基准且无事件风险时，才进入隔夜观察,AI应用/社交广告；相对基准 1.6019%。,中高风险；监管;广告周期;资本开支,QQQ,已跳过,,,,,,重复观察,同一股票同一交易日的15分钟重复观察已去重，不重复计入胜率。
2026-08-13,19:46:15,美股,ASML,ASML Holding N.V.,stock,4,盘中：强势观察,当前 1848.37,1833.58-1859.46,1913.06-1940.78,1802.16,跌破观察区下沿、弱于基准、板块转弱或出现公告/新闻风险,82,65,收盘前仍强于基准且无事件风险时，才进入隔夜观察,半导体设备；相对基准 1.3061%。,中风险；出口限制;订单周期;欧洲ADR波动,SMH,已跳过,,,,,,重复观察,同一股票同一交易日的15分钟重复观察已去重，不重复计入胜率。
2026-08-13,19:46:15,美股,CRM,"Salesforce, Inc.",stock,5,盘中：候选观察,当前 201.19,199.58-202.40,208.23-211.25,196.16,跌破观察区下沿、弱于基准、板块转弱或出现公告/新闻风险,81,30,收盘前仍强于基准且无事件风险时，才进入隔夜观察,企业软件；相对基准 2.8958%。,中风险；业绩指引;估值,QQQ,已跳过,,,,,,重复观察,同一股票同一交易日的15分钟重复观察已去重，不重复计入胜率。
2026-08-13,20:24:41,美股,MU,"Micron Technology, Inc.",stock,1,盘中：高风险强势观察,当前 949.83,942.23-955.53,983.07-1011.57,916.59,跌破观察区下沿、弱于基准、板块转弱或出现公告/新闻风险,86,65,收盘前仍强于基准且无事件风险时，才进入隔夜观察,存储芯片；相对基准 3.4957%。,高风险；周期波动;财报跳空;库存周期,SMH,已跳过,,,,,,重复观察,同一股票同一交易日的15分钟重复观察已去重，不重复计入胜率。
2026-08-13,20:24:41,美股,LRCX,Lam Research Corporation,stock,2,盘中：强势观察,当前 337.01,334.31-339.03,348.81-353.86,328.58,跌破观察区下沿、弱于基准、板块转弱或出现公告/新闻风险,84,65,收盘前仍强于基准且无事件风险时，才进入隔夜观察,半导体设备；相对基准 2.6089%。,中风险；订单周期;财报风险,SMH,已跳过,,,,,,重复观察,同一股票同一交易日的15分钟重复观察已去重，不重复计入胜率。
2026-08-13,20:24:41,美股,META,"Meta Platforms, Inc.",stock,3,盘中：强势观察,当前 594.97,590.21-598.54,615.79-624.72,580.10,跌破观察区下沿、弱于基准、板块转弱或出现公告/新闻风险,84,65,收盘前仍强于基准且无事件风险时，才进入隔夜观察,AI应用/社交广告；相对基准 1.6282%。,中高风险；监管;广告周期;资本开支,QQQ,已跳过,,,,,,重复观察,同一股票同一交易日的15分钟重复观察已去重，不重复计入胜率。
2026-08-13,20:24:41,美股,CRM,"Salesforce, Inc.",stock,4,盘中：强势观察,当前 201.37,199.76-202.58,208.42-211.44,196.34,跌破观察区下沿、弱于基准、板块转弱或出现公告/新闻风险,84,30,收盘前仍强于基准且无事件风险时，才进入隔夜观察,企业软件；相对基准 3.0075%。,中风险；业绩指引;估值,QQQ,已跳过,,,,,,重复观察,同一股票同一交易日的15分钟重复观察已去重，不重复计入胜率。
2026-08-13,20:24:41,美股,ASML,ASML Holding N.V.,stock,5,盘中：强势观察,当前 1847.90,1833.12-1858.99,1912.58-1940.30,1801.70,跌破观察区下沿、弱于基准、板块转弱或出现公告/新闻风险,82,65,收盘前仍强于基准且无事件风险时，才进入隔夜观察,半导体设备；相对基准 1.3565%。,中风险；出口限制;订单周期;欧洲ADR波动,SMH,已跳过,,,,,,重复观察,同一股票同一交易日的15分钟重复观察已去重，不重复计入胜率。
2026-08-13,21:24:46,美股,MU,"Micron Technology, Inc.",stock,1,收盘：高风险强势观察,当前 949.83,942.23-955.53,983.07-1011.57,916.59,跌破观察区下沿、弱于基准、板块转弱或出现公告/新闻风险,86,65,收盘前仍强于基准且无事件风险时，才进入隔夜观察,存储芯片；相对基准 3.4957%。,高风险；周期波动;财报跳空;库存周期,SMH,已复盘,979.64,971.66,+3.14%,+2.30%,+2.52%,未触发,模拟执行未进入买入观察区，不计入胜率；继续检验观察区是否过窄。
2026-08-13,21:24:46,美股,LRCX,Lam Research Corporation,stock,2,收盘：强势观察,当前 337.01,334.31-339.03,348.81-353.86,328.58,跌破观察区下沿、弱于基准、板块转弱或出现公告/新闻风险,84,65,收盘前仍强于基准且无事件风险时，才进入隔夜观察,半导体设备；相对基准 2.6089%。,中风险；订单周期;财报风险,SMH,已复盘,331.39,332.36,-1.67%,-1.38%,-1.16%,未触发,模拟执行未进入买入观察区，不计入胜率；继续检验观察区是否过窄。
2026-08-13,21:24:46,美股,META,"Meta Platforms, Inc.",stock,3,收盘：强势观察,当前 594.97,590.21-598.54,615.79-624.72,580.10,跌破观察区下沿、弱于基准、板块转弱或出现公告/新闻风险,84,65,收盘前仍强于基准且无事件风险时，才进入隔夜观察,AI应用/社交广告；相对基准 1.6282%。,中高风险；监管;广告周期;资本开支,QQQ,已复盘,596.98,589.85,+0.34%,-0.86%,-0.72%,未触发,模拟执行未进入买入观察区，不计入胜率；继续检验观察区是否过窄。
2026-08-13,21:24:46,美股,CRM,"Salesforce, Inc.",stock,4,收盘：强势观察,当前 201.37,199.76-202.58,208.42-211.44,196.34,跌破观察区下沿、弱于基准、板块转弱或出现公告/新闻风险,84,30,收盘前仍强于基准且无事件风险时，才进入隔夜观察,企业软件；相对基准 3.0075%。,中风险；业绩指引;估值,QQQ,已复盘,202.75,196.21,+0.69%,-2.56%,-2.42%,未触发,模拟执行未进入买入观察区，不计入胜率；继续检验观察区是否过窄。
2026-08-13,21:24:46,美股,ASML,ASML Holding N.V.,stock,5,收盘：强势观察,当前 1847.90,1833.12-1858.99,1912.58-1940.30,1801.70,跌破观察区下沿、弱于基准、板块转弱或出现公告/新闻风险,82,65,收盘前仍强于基准且无事件风险时，才进入隔夜观察,半导体设备；相对基准 1.3565%。,中风险；出口限制;订单周期;欧洲ADR波动,SMH,已复盘,1834.10,1844.08,-0.75%,-0.21%,+0.01%,未触发,模拟执行未进入买入观察区，不计入胜率；继续检验观察区是否过窄。
2026-08-14,03:25:19,A股,300502,新易盛,stock,1,盘中：候选观察,当前 442.34,438.80-444.99,457.82-471.09,426.86,跌破观察区下沿、弱于基准、板块转弱或出现公告/新闻风险,81,65,隔夜降权：只做观察，不作为自动模拟买入；需次日重新确认强于基准和尾盘承接。,光模块/CPO；相对基准 2.5511%。,高风险；高波动;板块拥挤;流动性变化,创业板指,已跳过,,,,,,重复观察,同一股票同一交易日的15分钟重复观察已去重，不重复计入胜率。
2026-08-14,03:25:19,A股,601138,工业富联,stock,2,盘中：候选观察,当前 65.54,65.02-65.93,67.83-68.82,63.90,跌破观察区下沿、弱于基准、板块转弱或出现公告/新闻风险,77,85,收盘前仍强于基准且无事件风险时，才进入隔夜观察,AI硬件/服务器；相对基准 1.4251%。,中高风险；题材拥挤;尾盘兑现;公告风险,科创50,已跳过,,,,,,重复观察,同一股票同一交易日的15分钟重复观察已去重，不重复计入胜率。
2026-08-14,03:25:19,A股,600941,中国移动,stock,3,盘中：候选观察,当前 97.22,96.44-97.80,100.62-102.08,94.79,跌破观察区下沿、弱于基准、板块转弱或出现公告/新闻风险,77,30,隔夜降权：只做观察，不作为自动模拟买入；需次日重新确认强于基准和尾盘承接。,通信/高股息；相对基准 1.4276%。,低风险；政策/估值;低弹性,沪深300,已跳过,,,,,,重复观察,同一股票同一交易日的15分钟重复观察已去重，不重复计入胜率。
2026-08-14,03:25:19,A股,601899,紫金矿业,stock,4,盘中：边缘观察,当前 32.31,32.05-32.50,33.44-33.93,31.50,跌破观察区下沿、弱于基准、板块转弱或出现公告/新闻风险,72,50,隔夜降权：只做观察，不作为自动模拟买入；需次日重新确认强于基准和尾盘承接。,有色/黄金铜；相对基准 0.5832%。,中高风险；商品价格;汇率;海外矿山风险,沪深300,已跳过,,,,,,重复观察,同一股票同一交易日的15分钟重复观察已去重，不重复计入胜率。
2026-08-14,05:15:51,A股,300502,新易盛,stock,1,盘中：候选观察,当前 440.52,437.00-443.16,455.94-469.15,425.10,跌破观察区下沿、弱于基准、板块转弱或出现公告/新闻风险,79,55,隔夜降权：只做观察，不作为自动模拟买入；需次日重新确认强于基准和尾盘承接。,光模块/CPO；相对基准 2.4146%。,高风险；高波动;板块拥挤;流动性变化,创业板指,已跳过,,,,,,重复观察,同一股票同一交易日的15分钟重复观察已去重，不重复计入胜率。
2026-08-14,05:15:51,A股,600941,中国移动,stock,2,盘中：候选观察,当前 97.41,96.63-97.99,100.82-102.28,94.97,跌破观察区下沿、弱于基准、板块转弱或出现公告/新闻风险,77,30,隔夜降权：只做观察，不作为自动模拟买入；需次日重新确认强于基准和尾盘承接。,通信/高股息；相对基准 1.8102%。,低风险；政策/估值;低弹性,沪深300,已跳过,,,,,,重复观察,同一股票同一交易日的15分钟重复观察已去重，不重复计入胜率。
2026-08-14,05:15:51,A股,601138,工业富联,stock,3,盘中：边缘观察,当前 65.30,64.78-65.69,67.59-68.56,63.67,跌破观察区下沿、弱于基准、板块转弱或出现公告/新闻风险,72,75,收盘前仍强于基准且无事件风险时，才进入隔夜观察,AI硬件/服务器；相对基准 1.2677%。,中高风险；题材拥挤;尾盘兑现;公告风险,科创50,已跳过,,,,,,重复观察,同一股票同一交易日的15分钟重复观察已去重，不重复计入胜率。
2026-08-14,05:15:51,A股,601899,紫金矿业,stock,4,盘中：边缘观察,当前 32.24,31.98-32.43,33.37-33.85,31.43,跌破观察区下沿、弱于基准、板块转弱或出现公告/新闻风险,71,50,隔夜降权：只做观察，不作为自动模拟买入；需次日重新确认强于基准和尾盘承接。,有色/黄金铜；相对基准 0.5507%。,中高风险；商品价格;汇率;海外矿山风险,沪深300,已跳过,,,,,,重复观察,同一股票同一交易日的15分钟重复观察已去重，不重复计入胜率。
2026-08-14,06:47:43,A股,601138,工业富联,stock,1,盘中：强势观察,当前 66.07,65.54-66.47,68.38-69.37,64.42,跌破观察区下沿、弱于基准、板块转弱或出现公告/新闻风险,89,100,收盘前仍强于基准且无事件风险时，才进入隔夜观察,AI硬件/服务器；相对基准 1.6165%。,中高风险；题材拥挤;尾盘兑现;公告风险,科创50,已跳过,,,,,,重复观察,同一股票同一交易日的15分钟重复观察已去重，不重复计入胜率。
2026-08-14,06:47:43,A股,300502,新易盛,stock,2,盘中：高风险强势观察,当前 446.66,443.09-449.34,462.29-475.69,431.03,跌破观察区下沿、弱于基准、板块转弱或出现公告/新闻风险,84,65,隔夜降权：只做观察，不作为自动模拟买入；需次日重新确认强于基准和尾盘承接。,光模块/CPO；相对基准 2.9853%。,高风险；高波动;板块拥挤;流动性变化,创业板指,已跳过,,,,,,重复观察,同一股票同一交易日的15分钟重复观察已去重，不重复计入胜率。
2026-08-14,06:47:43,A股,600941,中国移动,stock,3,盘中：候选观察,当前 97.89,97.11-98.48,101.32-102.78,95.44,跌破观察区下沿、弱于基准、板块转弱或出现公告/新闻风险,81,30,隔夜降权：只做观察，不作为自动模拟买入；需次日重新确认强于基准和尾盘承接。,通信/高股息；相对基准 1.8886%。,低风险；政策/估值;低弹性,沪深300,已跳过,,,,,,重复观察,同一股票同一交易日的15分钟重复观察已去重，不重复计入胜率。
2026-08-14,06:47:43,A股,601899,紫金矿业,stock,4,盘中：候选观察,当前 32.53,32.27-32.73,33.67-34.16,31.72,跌破观察区下沿、弱于基准、板块转弱或出现公告/新闻风险,78,65,隔夜降权：只做观察，不作为自动模拟买入；需次日重新确认强于基准和尾盘承接。,有色/黄金铜；相对基准 1.0301%。,中高风险；商品价格;汇率;海外矿山风险,沪深300,已复盘,33.33,33.36,+2.46%,+2.55%,+0.94%,未触发,模拟执行未进入买入观察区，不计入胜率；继续检验观察区是否过窄。
2026-08-14,06:47:43,A股,300308,中际旭创,stock,5,盘中：候选观察,当前 940.10,932.58-945.74,973.00-1001.21,907.20,跌破观察区下沿、弱于基准、板块转弱或出现公告/新闻风险,75,55,隔夜降权：只做观察，不作为自动模拟买入；需次日重新确认强于基准和尾盘承接。,光模块/CPO；相对基准 1.1561%。,高风险；高波动;高位兑现;板块分化,创业板指,已复盘,949.00,1001.03,+0.95%,+6.48%,+3.34%,未触发,模拟执行未进入买入观察区，不计入胜率；继续检验观察区是否过窄。
2026-08-14,08:19:51,A股,601138,工业富联,stock,1,盘中：强势观察,当前 66.19,65.66-66.59,68.51-69.50,64.54,跌破观察区下沿、弱于基准、板块转弱或出现公告/新闻风险,89,100,收盘前仍强于基准且无事件风险时，才进入隔夜观察,AI硬件/服务器；相对基准 1.4757%。,中高风险；题材拥挤;尾盘兑现;公告风险,科创50,已复盘,67.00,68.23,+1.22%,+3.08%,-1.06%,未触发,模拟执行未进入买入观察区，不计入胜率；继续检验观察区是否过窄。
2026-08-14,08:19:51,A股,300502,新易盛,stock,2,盘中：高风险强势观察,当前 448.08,444.50-450.77,463.76-477.21,432.40,跌破观察区下沿、弱于基准、板块转弱或出现公告/新闻风险,87,65,隔夜降权：只做观察，不作为自动模拟买入；需次日重新确认强于基准和尾盘承接。,光模块/CPO；相对基准 3.1064%。,高风险；高波动;板块拥挤;流动性变化,创业板指,已复盘,448.00,466.68,-0.02%,+4.15%,+1.01%,未触发,模拟执行未进入买入观察区，不计入胜率；继续检验观察区是否过窄。
2026-08-14,08:19:51,A股,603501,豪威集团,stock,3,盘中：强势观察,当前 91.08,90.35-91.63,94.27-95.63,88.80,跌破观察区下沿、弱于基准、板块转弱或出现公告/新闻风险,82,65,隔夜降权：只做观察，不作为自动模拟买入；需次日重新确认强于基准和尾盘承接。,半导体设计；相对基准 1.1361%。,中高风险；消费电子周期;业绩预期,沪深300,已复盘,91.20,92.14,+0.13%,+1.16%,-0.45%,未触发,模拟执行未进入买入观察区，不计入胜率；继续检验观察区是否过窄。
2026-08-14,08:19:51,A股,600941,中国移动,stock,4,盘中：候选观察,当前 97.71,96.93-98.30,101.13-102.60,95.27,跌破观察区下沿、弱于基准、板块转弱或出现公告/新闻风险,81,30,隔夜降权：只做观察，不作为自动模拟买入；需次日重新确认强于基准和尾盘承接。,通信/高股息；相对基准 1.6234%。,低风险；政策/估值;低弹性,沪深300,已复盘,97.58,96.02,-0.13%,-1.73%,-3.34%,未触发,模拟执行未进入买入观察区，不计入胜率；继续检验观察区是否过窄。
2026-08-14,08:19:51,A股,688981,中芯国际,stock,5,盘中：候选观察,当前 132.87,131.81-133.67,137.52-139.51,129.55,跌破观察区下沿、弱于基准、板块转弱或出现公告/新闻风险,76,50,隔夜降权：只做观察，不作为自动模拟买入；需次日重新确认强于基准和尾盘承接。,半导体制造；相对基准 2.6539%。,中高风险；政策/地缘风险;业绩波动,科创50,已复盘,132.00,136.76,-0.65%,+2.93%,-1.21%,未触发,模拟执行未进入买入观察区，不计入胜率；继续检验观察区是否过窄。
2026-08-14,14:17:59,美股,AMD,"Advanced Micro Devices, Inc.",stock,1,盘中：高风险强势观察,当前 501.21,497.20-504.22,518.75-533.79,483.67,跌破观察区下沿、弱于基准、板块转弱或出现公告/新闻风险,87,65,收盘前仍强于基准且无事件风险时，才进入隔夜观察,AI GPU/半导体；相对基准 3.9861%。,高风险；高波动;产品预期;相对弱势风险,SMH,已跳过,,,,,,重复观察,同一股票同一交易日的15分钟重复观察已去重，不重复计入胜率。
2026-08-14,14:17:59,美股,MU,"Micron Technology, Inc.",stock,2,盘中：候选观察,当前 972.53,964.75-978.37,1006.57-1035.74,938.49,跌破观察区下沿、弱于基准、板块转弱或出现公告/新闻风险,77,65,收盘前仍强于基准且无事件风险时，才进入隔夜观察,存储芯片；相对基准 2.608%。,高风险；周期波动;财报跳空;库存周期,SMH,已跳过,,,,,,重复观察,同一股票同一交易日的15分钟重复观察已去重，不重复计入胜率。
2026-08-14,14:17:59,美股,MSFT,Microsoft Corporation,stock,3,盘中：候选观察,当前 498.32,494.33-501.31,515.76-523.24,485.86,跌破观察区下沿、弱于基准、板块转弱或出现公告/新闻风险,75,65,收盘前仍强于基准且无事件风险时，才进入隔夜观察,AI云/软件；相对基准 0.2447%。,中风险；监管;财报;AI资本开支担忧,QQQ,已跳过,,,,,,重复观察,同一股票同一交易日的15分钟重复观察已去重，不重复计入胜率。
2026-08-14,14:17:59,美股,AMZN,"Amazon.com, Inc.",stock,4,盘中：候选观察,当前 265.50,263.38-267.09,274.79-278.78,258.86,跌破观察区下沿、弱于基准、板块转弱或出现公告/新闻风险,75,65,收盘前仍强于基准且无事件风险时，才进入隔夜观察,云/电商/AI资本开支；相对基准 0.0945%。,中风险；利润率;资本开支;消费,QQQ,已复盘,265.44,261.31,-0.02%,-1.58%,-1.42%,未触发,模拟执行未进入买入观察区，不计入胜率；继续检验观察区是否过窄。
2026-08-14,14:17:59,美股,GOOGL,Alphabet Inc.,stock,5,盘中：候选观察,当前 348.31,345.52-350.40,360.50-365.73,339.60,跌破观察区下沿、弱于基准、板块转弱或出现公告/新闻风险,74,65,收盘前仍强于基准且无事件风险时，才进入隔夜观察,AI应用/广告/云；相对基准 0.5179%。,中风险；监管;广告周期;财报跳空,QQQ,已复盘,346.26,344.00,-0.59%,-1.24%,-1.08%,未触发,模拟执行未进入买入观察区，不计入胜率；继续检验观察区是否过窄。
2026-08-14,15:23:43,美股,AMD,"Advanced Micro Devices, Inc.",stock,1,盘中：高风险强势观察,当前 501.91,497.90-504.92,519.48-534.54,484.35,跌破观察区下沿、弱于基准、板块转弱或出现公告/新闻风险,86,65,收盘前仍强于基准且无事件风险时，才进入隔夜观察,AI GPU/半导体；相对基准 4.8368%。,高风险；高波动;产品预期;相对弱势风险,SMH,已跳过,,,,,,重复观察,同一股票同一交易日的15分钟重复观察已去重，不重复计入胜率。
2026-08-14,15:23:43,美股,MSFT,Microsoft Corporation,stock,2,盘中：候选观察,当前 498.19,494.20-501.18,515.63-523.10,485.74,跌破观察区下沿、弱于基准、板块转弱或出现公告/新闻风险,75,65,收盘前仍强于基准且无事件风险时，才进入隔夜观察,AI云/软件；相对基准 0.6597%。,中风险；监管;财报;AI资本开支担忧,QQQ,已跳过,,,,,,重复观察,同一股票同一交易日的15分钟重复观察已去重，不重复计入胜率。
2026-08-14,16:26:27,美股,AMD,"Advanced Micro Devices, Inc.",stock,1,盘中：高风险强势观察,当前 501.62,497.60-504.62,519.17-534.22,484.06,跌破观察区下沿、弱于基准、板块转弱或出现公告/新闻风险,86,65,收盘前仍强于基准且无事件风险时，才进入隔夜观察,AI GPU/半导体；相对基准 4.4783%。,高风险；高波动;产品预期;相对弱势风险,SMH,已跳过,,,,,,重复观察,同一股票同一交易日的15分钟重复观察已去重，不重复计入胜率。
2026-08-14,16:26:27,美股,MSFT,Microsoft Corporation,stock,2,盘中：候选观察,当前 497.41,493.43-500.39,514.82-522.28,484.97,跌破观察区下沿、弱于基准、板块转弱或出现公告/新闻风险,74,65,收盘前仍强于基准且无事件风险时，才进入隔夜观察,AI云/软件；相对基准 0.3854%。,中风险；监管;财报;AI资本开支担忧,QQQ,已复盘,490.22,480.35,-1.45%,-3.43%,-3.27%,未触发,模拟执行未进入买入观察区，不计入胜率；继续检验观察区是否过窄。
2026-08-14,17:31:28,美股,AMD,Advanced Micro Devices,stock,1,盘中：高风险强势观察,当前 502.64,498.62-505.66,520.23-535.31,485.05,跌破观察区下沿、弱于基准、板块转弱或出现公告/新闻风险,86,65,收盘前仍强于基准且无事件风险时，才进入隔夜观察,AI GPU/半导体；相对基准 5.0342%。,高风险；高波动;产品预期;相对弱势风险,SMH,已跳过,,,,,,重复观察,同一股票同一交易日的15分钟重复观察已去重，不重复计入胜率。
2026-08-14,18:29:22,美股,AMD,"Advanced Micro Devices, Inc.",stock,1,盘中：高风险强势观察,当前 507.76,503.70-510.81,525.53-540.76,489.99,跌破观察区下沿、弱于基准、板块转弱或出现公告/新闻风险,87,65,收盘前仍强于基准且无事件风险时，才进入隔夜观察,AI GPU/半导体；相对基准 6.0602%。,高风险；高波动;产品预期;相对弱势风险,SMH,已跳过,,,,,,重复观察,同一股票同一交易日的15分钟重复观察已去重，不重复计入胜率。
2026-08-14,19:32:50,美股,AMD,"Advanced Micro Devices, Inc.",stock,1,盘中：高风险强势观察,当前 508.99,504.92-512.04,526.80-542.07,491.18,跌破观察区下沿、弱于基准、板块转弱或出现公告/新闻风险,87,65,收盘前仍强于基准且无事件风险时，才进入隔夜观察,AI GPU/半导体；相对基准 5.8965%。,高风险；高波动;产品预期;相对弱势风险,SMH,已跳过,,,,,,重复观察,同一股票同一交易日的15分钟重复观察已去重，不重复计入胜率。
2026-08-14,20:16:28,美股,AMD,"Advanced Micro Devices, Inc.",stock,1,盘中：高风险强势观察,当前 514.39,510.27-517.48,532.39-547.83,496.39,跌破观察区下沿、弱于基准、板块转弱或出现公告/新闻风险,87,65,收盘前仍强于基准且无事件风险时，才进入隔夜观察,AI GPU/半导体；相对基准 6.7175%。,高风险；高波动;产品预期;相对弱势风险,SMH,已跳过,,,,,,重复观察,同一股票同一交易日的15分钟重复观察已去重，不重复计入胜率。
2026-08-14,20:16:28,美股,MU,"Micron Technology, Inc.",stock,2,盘中：候选观察,当前 971.66,963.89-977.49,1005.67-1034.82,937.65,跌破观察区下沿、弱于基准、板块转弱或出现公告/新闻风险,77,65,收盘前仍强于基准且无事件风险时，才进入隔夜观察,存储芯片；相对基准 2.519%。,高风险；周期波动;财报跳空;库存周期,SMH,已跳过,,,,,,重复观察,同一股票同一交易日的15分钟重复观察已去重，不重复计入胜率。
2026-08-14,20:50:40,美股,AMD,"Advanced Micro Devices, Inc.",stock,1,收盘：高风险强势观察,当前 514.39,510.27-517.48,532.39-547.83,496.39,跌破观察区下沿、弱于基准、板块转弱或出现公告/新闻风险,87,65,收盘前仍强于基准且无事件风险时，才进入隔夜观察,AI GPU/半导体；相对基准 6.7175%。,高风险；高波动;产品预期;相对弱势风险,SMH,已复盘,513.80,506.00,-0.11%,-1.63%,-2.69%,未触发,模拟执行未进入买入观察区，不计入胜率；继续检验观察区是否过窄。
2026-08-14,20:50:40,美股,MU,"Micron Technology, Inc.",stock,2,收盘：候选观察,当前 971.66,963.89-977.49,1005.67-1034.82,937.65,跌破观察区下沿、弱于基准、板块转弱或出现公告/新闻风险,77,65,收盘前仍强于基准且无事件风险时，才进入隔夜观察,存储芯片；相对基准 2.519%。,高风险；周期波动;财报跳空;库存周期,SMH,已复盘,998.67,1011.75,+2.78%,+4.13%,+3.07%,未触发,模拟执行未进入买入观察区，不计入胜率；继续检验观察区是否过窄。
2026-08-17,02:21:22,A股,002371,北方华创,stock,1,盘中：候选观察,当前 750.32,744.32-754.82,776.58-787.84,731.56,跌破观察区下沿、弱于基准、板块转弱或出现公告/新闻风险,74,65,隔夜降权：只做观察，不作为自动模拟买入；需次日重新确认强于基准和尾盘承接。,半导体设备；相对基准 1.3189%。,中高风险；估值波动;订单预期,沪深300,已跳过,,,,,,重复观察,同一股票同一交易日的15分钟重复观察已去重，不重复计入胜率。
2026-08-17,02:21:22,A股,601899,紫金矿业,stock,2,盘中：边缘观察,当前 33.15,32.88-33.35,34.31-34.81,32.32,跌破观察区下沿、弱于基准、板块转弱或出现公告/新闻风险,71,40,隔夜降权：只做观察，不作为自动模拟买入；需次日重新确认强于基准和尾盘承接。,有色/黄金铜；相对基准 1.6463%。,中高风险；商品价格;汇率;海外矿山风险,沪深300,已跳过,,,,,,重复观察,同一股票同一交易日的15分钟重复观察已去重，不重复计入胜率。
2026-08-17,02:21:22,A股,688256,寒武纪,stock,3,盘中：边缘观察,当前 1123.03,1114.05-1129.77,1162.34-1196.03,1083.72,跌破观察区下沿、弱于基准、板块转弱或出现公告/新闻风险,70,20,隔夜降权：只做观察，不作为自动模拟买入；需次日重新确认强于基准和尾盘承接。,AI芯片；相对基准 0.8449%。,高风险；估值波动;科创板波动;隔夜跳空,科创50,已跳过,,,,,,重复观察,同一股票同一交易日的15分钟重复观察已去重，不重复计入胜率。
2026-08-17,03:28:16,A股,002371,北方华创,stock,1,盘中：候选观察,当前 759.82,753.74-764.38,786.41-797.81,740.82,跌破观察区下沿、弱于基准、板块转弱或出现公告/新闻风险,79,75,收盘前仍强于基准且无事件风险时，才进入隔夜观察,半导体设备；相对基准 2.0835%。,中高风险；估值波动;订单预期,沪深300,已跳过,,,,,,重复观察,同一股票同一交易日的15分钟重复观察已去重，不重复计入胜率。
2026-08-17,03:28:16,A股,688256,寒武纪,stock,2,盘中：候选观察,当前 1140.00,1130.88-1146.84,1179.90-1214.10,1100.10,跌破观察区下沿、弱于基准、板块转弱或出现公告/新闻风险,75,20,隔夜降权：只做观察，不作为自动模拟买入；需次日重新确认强于基准和尾盘承接。,AI芯片；相对基准 1.1887%。,高风险；估值波动;科创板波动;隔夜跳空,科创50,已跳过,,,,,,重复观察,同一股票同一交易日的15分钟重复观察已去重，不重复计入胜率。
2026-08-17,03:28:16,A股,002463,沪电股份,stock,3,盘中：边缘观察,当前 122.76,121.78-123.50,127.06-128.90,119.69,跌破观察区下沿、弱于基准、板块转弱或出现公告/新闻风险,72,35,隔夜降权：只做观察，不作为自动模拟买入；需次日重新确认强于基准和尾盘承接。,AI PCB/服务器链；相对基准 0.4476%。,中高风险；题材轮动;业绩预期波动,沪深300,已跳过,,,,,,重复观察,同一股票同一交易日的15分钟重复观察已去重，不重复计入胜率。
2026-08-17,03:28:16,A股,601899,紫金矿业,stock,4,盘中：边缘观察,当前 33.25,32.98-33.45,34.41-34.91,32.42,跌破观察区下沿、弱于基准、板块转弱或出现公告/新闻风险,71,40,隔夜降权：只做观察，不作为自动模拟买入；需次日重新确认强于基准和尾盘承接。,有色/黄金铜；相对基准 1.4322%。,中高风险；商品价格;汇率;海外矿山风险,沪深300,已复盘,33.36,33.56,+0.33%,+0.93%,+1.25%,未触发,模拟执行未进入买入观察区，不计入胜率；继续检验观察区是否过窄。
2026-08-17,04:21:06,A股,A_SHARE_DATA_INSUFFICIENT,A股行情时间戳过旧，本轮跳过评分,skip,0,数据不足/本轮跳过,数据不足,数据不足,数据不足,数据不足,等待下一轮可核验行情后再评估,,,不判断隔夜,A股行情时间戳过旧，本轮跳过评分,行情时间戳过旧或关键字段不足时不输出价格、评分、止盈止损,,数据不足/本轮跳过,,,,,,不计胜率,等待下一轮可核验行情后再运行评分
2026-08-17,05:38:42,A股,300308,中际旭创,stock,1,盘中：高风险强势观察,当前 1009.06,1000.99-1015.11,1044.38-1074.65,973.74,跌破观察区下沿、弱于基准、板块转弱或出现公告/新闻风险,87,65,隔夜降权：只做观察，不作为自动模拟买入；需次日重新确认强于基准和尾盘承接。,光模块/CPO；相对基准 4.4592%。,高风险；高波动;高位兑现;板块分化,创业板指,已跳过,,,,,,重复观察,同一股票同一交易日的15分钟重复观察已去重，不重复计入胜率。
2026-08-17,05:38:42,A股,002463,沪电股份,stock,2,盘中：强势观察,当前 124.43,123.43-125.18,128.79-130.65,121.32,跌破观察区下沿、弱于基准、板块转弱或出现公告/新闻风险,84,65,隔夜降权：只做观察，不作为自动模拟买入；需次日重新确认强于基准和尾盘承接。,AI PCB/服务器链；相对基准 1.3736%。,中高风险；题材轮动;业绩预期波动,沪深300,已跳过,,,,,,重复观察,同一股票同一交易日的15分钟重复观察已去重，不重复计入胜率。
2026-08-17,05:38:42,A股,300502,新易盛,stock,3,盘中：候选观察,当前 468.05,464.31-470.86,484.43-498.47,451.67,跌破观察区下沿、弱于基准、板块转弱或出现公告/新闻风险,77,55,隔夜降权：只做观察，不作为自动模拟买入；需次日重新确认强于基准和尾盘承接。,光模块/CPO；相对基准 1.9107%。,高风险；高波动;板块拥挤;流动性变化,创业板指,已复盘,465.01,452.21,-0.65%,-3.38%,-2.46%,未触发,模拟执行未进入买入观察区，不计入胜率；继续检验观察区是否过窄。
2026-08-17,05:38:42,A股,688256,寒武纪,stock,4,盘中：候选观察,当前 1151.90,1142.68-1158.81,1192.22-1226.77,1111.58,跌破观察区下沿、弱于基准、板块转弱或出现公告/新闻风险,77,30,隔夜降权：只做观察，不作为自动模拟买入；需次日重新确认强于基准和尾盘承接。,AI芯片；相对基准 2.1028%。,高风险；估值波动;科创板波动;隔夜跳空,科创50,已复盘,1150.00,1162.50,-0.16%,+0.92%,+0.81%,未触发,模拟执行未进入买入观察区，不计入胜率；继续检验观察区是否过窄。
2026-08-17,05:38:42,A股,002371,北方华创,stock,5,盘中：候选观察,当前 758.95,752.88-763.50,785.51-796.90,739.98,跌破观察区下沿、弱于基准、板块转弱或出现公告/新闻风险,77,65,隔夜降权：只做观察，不作为自动模拟买入；需次日重新确认强于基准和尾盘承接。,半导体设备；相对基准 1.5147%。,中高风险；估值波动;订单预期,沪深300,已跳过,,,,,,重复观察,同一股票同一交易日的15分钟重复观察已去重，不重复计入胜率。
2026-08-17,06:20:42,A股,300308,中际旭创,stock,1,盘中：高风险强势观察,当前 999.00,991.01-1004.99,1033.96-1063.93,964.03,跌破观察区下沿、弱于基准、板块转弱或出现公告/新闻风险,87,65,隔夜降权：只做观察，不作为自动模拟买入；需次日重新确认强于基准和尾盘承接。,光模块/CPO；相对基准 3.1239%。,高风险；高波动;高位兑现;板块分化,创业板指,已跳过,,,,,,重复观察,同一股票同一交易日的15分钟重复观察已去重，不重复计入胜率。
2026-08-17,06:20:42,A股,002463,沪电股份,stock,2,盘中：强势观察,当前 125.20,124.20-125.95,129.58-131.46,122.07,跌破观察区下沿、弱于基准、板块转弱或出现公告/新闻风险,86,65,隔夜降权：只做观察，不作为自动模拟买入；需次日重新确认强于基准和尾盘承接。,AI PCB/服务器链；相对基准 1.8055%。,中高风险；题材轮动;业绩预期波动,沪深300,已跳过,,,,,,重复观察,同一股票同一交易日的15分钟重复观察已去重，不重复计入胜率。
2026-08-17,06:20:42,A股,002371,北方华创,stock,3,盘中：候选观察,当前 760.96,754.87-765.53,787.59-799.01,741.94,跌破观察区下沿、弱于基准、板块转弱或出现公告/新闻风险,79,65,隔夜降权：只做观察，不作为自动模拟买入；需次日重新确认强于基准和尾盘承接。,半导体设备；相对基准 1.5838%。,中高风险；估值波动;订单预期,沪深300,已跳过,,,,,,重复观察,同一股票同一交易日的15分钟重复观察已去重，不重复计入胜率。
2026-08-17,06:20:42,A股,601138,工业富联,stock,4,盘中：候选观察,当前 68.18,67.63-68.59,70.57-71.59,66.48,跌破观察区下沿、弱于基准、板块转弱或出现公告/新闻风险,78,70,收盘前仍强于基准且无事件风险时，才进入隔夜观察,AI硬件/服务器；相对基准 -0.6762%。,中高风险；题材拥挤;尾盘兑现;公告风险,科创50,已跳过,,,,,,重复观察,同一股票同一交易日的15分钟重复观察已去重，不重复计入胜率。
2026-08-17,06:20:42,A股,000977,浪潮信息,stock,5,盘中：候选观察,当前 80.53,79.89-81.01,83.35-84.56,78.52,跌破观察区下沿、弱于基准、板块转弱或出现公告/新闻风险,78,50,隔夜降权：只做观察，不作为自动模拟买入；需次日重新确认强于基准和尾盘承接。,服务器/算力；相对基准 0.7602%。,中高风险；政策与订单预期;波动较大,沪深300,已跳过,,,,,,重复观察,同一股票同一交易日的15分钟重复观察已去重，不重复计入胜率。
2026-08-17,07:33:41,A股,300308,中际旭创,stock,1,盘中：高风险强势观察,当前 1001.03,993.02-1007.04,1036.07-1066.10,965.99,跌破观察区下沿、弱于基准、板块转弱或出现公告/新闻风险,87,65,隔夜降权：只做观察，不作为自动模拟买入；需次日重新确认强于基准和尾盘承接。,光模块/CPO；相对基准 3.0139%。,高风险；高波动;高位兑现;板块分化,创业板指,已跳过,,,,,,重复观察,同一股票同一交易日的15分钟重复观察已去重，不重复计入胜率。
2026-08-17,07:33:41,A股,002463,沪电股份,stock,2,盘中：强势观察,当前 125.09,124.09-125.84,129.47-131.34,121.96,跌破观察区下沿、弱于基准、板块转弱或出现公告/新闻风险,86,65,隔夜降权：只做观察，不作为自动模拟买入；需次日重新确认强于基准和尾盘承接。,AI PCB/服务器链；相对基准 1.5379%。,中高风险；题材轮动;业绩预期波动,沪深300,已跳过,,,,,,重复观察,同一股票同一交易日的15分钟重复观察已去重，不重复计入胜率。
2026-08-17,07:33:41,A股,002371,北方华创,stock,3,盘中：候选观察,当前 765.97,759.84-770.57,792.78-804.27,746.82,跌破观察区下沿、弱于基准、板块转弱或出现公告/新闻风险,81,75,收盘前仍强于基准且无事件风险时，才进入隔夜观察,半导体设备；相对基准 2.0851%。,中高风险；估值波动;订单预期,沪深300,已跳过,,,,,,重复观察,同一股票同一交易日的15分钟重复观察已去重，不重复计入胜率。
2026-08-17,07:33:41,A股,601138,工业富联,stock,4,盘中：候选观察,当前 68.23,67.68-68.64,70.62-71.64,66.52,跌破观察区下沿、弱于基准、板块转弱或出现公告/新闻风险,78,70,收盘前仍强于基准且无事件风险时，才进入隔夜观察,AI硬件/服务器；相对基准 -1.0614%。,中高风险；题材拥挤;尾盘兑现;公告风险,科创50,已跳过,,,,,,重复观察,同一股票同一交易日的15分钟重复观察已去重，不重复计入胜率。
2026-08-17,07:33:41,A股,000977,浪潮信息,stock,5,盘中：候选观察,当前 80.68,80.03-81.16,83.50-84.71,78.66,跌破观察区下沿、弱于基准、板块转弱或出现公告/新闻风险,78,50,隔夜降权：只做观察，不作为自动模拟买入；需次日重新确认强于基准和尾盘承接。,服务器/算力；相对基准 0.7737%。,中高风险；政策与订单预期;波动较大,沪深300,已跳过,,,,,,重复观察,同一股票同一交易日的15分钟重复观察已去重，不重复计入胜率。
2026-08-17,08:25:17,A股,300308,中际旭创,stock,1,收盘：高风险强势观察,当前 1001.03,993.02-1007.04,1036.07-1066.10,965.99,跌破观察区下沿、弱于基准、板块转弱或出现公告/新闻风险,87,65,隔夜降权：只做观察，不作为自动模拟买入；需次日重新确认强于基准和尾盘承接。,光模块/CPO；相对基准 3.0139%。,高风险；高波动;高位兑现;板块分化,创业板指,已复盘,1000.00,988.10,-0.10%,-1.29%,-0.37%,未触发,模拟执行未进入买入观察区，不计入胜率；继续检验观察区是否过窄。
2026-08-17,08:25:17,A股,002463,沪电股份,stock,2,收盘：强势观察,当前 125.09,124.09-125.84,129.47-131.34,121.96,跌破观察区下沿、弱于基准、板块转弱或出现公告/新闻风险,86,65,隔夜降权：只做观察，不作为自动模拟买入；需次日重新确认强于基准和尾盘承接。,AI PCB/服务器链；相对基准 1.5379%。,中高风险；题材轮动;业绩预期波动,沪深300,已复盘,125.70,123.59,+0.49%,-1.20%,-0.88%,未触发,模拟执行未进入买入观察区，不计入胜率；继续检验观察区是否过窄。
2026-08-17,08:25:17,A股,002371,北方华创,stock,3,收盘：候选观察,当前 765.97,759.84-770.57,792.78-804.27,746.82,跌破观察区下沿、弱于基准、板块转弱或出现公告/新闻风险,81,75,收盘前仍强于基准且无事件风险时，才进入隔夜观察,半导体设备；相对基准 2.0851%。,中高风险；估值波动;订单预期,沪深300,已复盘,770.00,777.00,+0.53%,+1.44%,+1.76%,未触发,模拟执行未进入买入观察区，不计入胜率；继续检验观察区是否过窄。
2026-08-17,08:25:17,A股,601138,工业富联,stock,4,收盘：候选观察,当前 68.23,67.68-68.64,70.62-71.64,66.52,跌破观察区下沿、弱于基准、板块转弱或出现公告/新闻风险,78,70,收盘前仍强于基准且无事件风险时，才进入隔夜观察,AI硬件/服务器；相对基准 -1.0614%。,中高风险；题材拥挤;尾盘兑现;公告风险,科创50,已复盘,67.70,66.20,-0.78%,-2.98%,-3.09%,未触发,模拟执行未进入买入观察区，不计入胜率；继续检验观察区是否过窄。
2026-08-17,08:25:17,A股,000977,浪潮信息,stock,5,收盘：候选观察,当前 80.68,80.03-81.16,83.50-84.71,78.66,跌破观察区下沿、弱于基准、板块转弱或出现公告/新闻风险,78,50,隔夜降权：只做观察，不作为自动模拟买入；需次日重新确认强于基准和尾盘承接。,服务器/算力；相对基准 0.7737%。,中高风险；政策与订单预期;波动较大,沪深300,已复盘,80.01,80.97,-0.83%,+0.36%,+0.68%,未触发,模拟执行未进入买入观察区，不计入胜率；继续检验观察区是否过窄。
2026-08-17,13:45:51,美股,AMAT,"Applied Materials, Inc.",stock,1,盘中：强势观察,当前 526.60,522.39-529.76,545.03-552.93,513.44,跌破观察区下沿、弱于基准、板块转弱或出现公告/新闻风险,84,65,收盘前仍强于基准且无事件风险时，才进入隔夜观察,半导体设备；相对基准 2.6429%。,中风险；订单周期;财报风险,SMH,已跳过,,,,,,重复观察,同一股票同一交易日的15分钟重复观察已去重，不重复计入胜率。
2026-08-17,13:45:51,美股,MU,"Micron Technology, Inc.",stock,2,盘中：高风险强势观察,当前 1010.16,1002.08-1016.23,1045.52-1075.83,974.81,跌破观察区下沿、弱于基准、板块转弱或出现公告/新闻风险,83,65,收盘前仍强于基准且无事件风险时，才进入隔夜观察,存储芯片；相对基准 2.7767%。,高风险；周期波动;财报跳空;库存周期,SMH,已跳过,,,,,,重复观察,同一股票同一交易日的15分钟重复观察已去重，不重复计入胜率。
2026-08-17,13:45:51,美股,KLAC,KLA Corporation,stock,3,盘中：候选观察,当前 208.15,206.48-209.40,215.44-218.56,202.95,跌破观察区下沿、弱于基准、板块转弱或出现公告/新闻风险,77,65,收盘前仍强于基准且无事件风险时，才进入隔夜观察,半导体设备/检测；相对基准 0.9885%。,中风险；估值;财报风险,SMH,已跳过,,,,,,重复观察,同一股票同一交易日的15分钟重复观察已去重，不重复计入胜率。
2026-08-17,13:45:51,美股,LRCX,Lam Research Corporation,stock,4,盘中：边缘观察,当前 337.96,335.26-339.99,349.79-354.86,329.52,跌破观察区下沿、弱于基准、板块转弱或出现公告/新闻风险,72,65,收盘前仍强于基准且无事件风险时，才进入隔夜观察,半导体设备；相对基准 0.5003%。,中风险；订单周期;财报风险,SMH,已跳过,,,,,,重复观察,同一股票同一交易日的15分钟重复观察已去重，不重复计入胜率。
2026-08-17,14:13:35,美股,AMAT,"Applied Materials, Inc.",stock,1,盘中：强势观察,当前 529.75,525.51-532.93,548.29-556.24,516.51,跌破观察区下沿、弱于基准、板块转弱或出现公告/新闻风险,91,65,收盘前仍强于基准且无事件风险时，才进入隔夜观察,半导体设备；相对基准 3.1147%。,中风险；订单周期;财报风险,SMH,已跳过,,,,,,重复观察,同一股票同一交易日的15分钟重复观察已去重，不重复计入胜率。
2026-08-17,14:13:35,美股,MU,"Micron Technology, Inc.",stock,2,盘中：高风险强势观察,当前 1017.59,1009.45-1023.70,1053.21-1083.73,981.97,跌破观察区下沿、弱于基准、板块转弱或出现公告/新闻风险,87,65,收盘前仍强于基准且无事件风险时，才进入隔夜观察,存储芯片；相对基准 3.3916%。,高风险；周期波动;财报跳空;库存周期,SMH,已跳过,,,,,,重复观察,同一股票同一交易日的15分钟重复观察已去重，不重复计入胜率。
2026-08-17,14:13:35,美股,PLTR,Palantir Technologies Inc.,stock,3,盘中：边缘观察,当前 175.98,174.57-177.04,182.14-187.42,169.82,跌破观察区下沿、弱于基准、板块转弱或出现公告/新闻风险,72,30,收盘前仍强于基准且无事件风险时，才进入隔夜观察,AI软件/数据分析；相对基准 0.8685%。,高风险；估值;财报跳空;高波动,QQQ,已复盘,171.93,171.54,-2.30%,-2.52%,-0.83%,未触发,模拟执行未进入买入观察区，不计入胜率；继续检验观察区是否过窄。
2026-08-17,14:13:35,美股,ASML,ASML Holding N.V.,stock,4,盘中：边缘观察,当前 1871.69,1856.72-1882.92,1937.20-1965.27,1824.90,跌破观察区下沿、弱于基准、板块转弱或出现公告/新闻风险,71,65,收盘前仍强于基准且无事件风险时，才进入隔夜观察,半导体设备；相对基准 0.1618%。,中风险；出口限制;订单周期;欧洲ADR波动,SMH,已跳过,,,,,,重复观察,同一股票同一交易日的15分钟重复观察已去重，不重复计入胜率。
2026-08-17,14:48:05,美股,AMAT,"Applied Materials, Inc.",stock,1,盘中：强势观察,当前 530.28,526.04-533.46,548.84-556.79,517.02,跌破观察区下沿、弱于基准、板块转弱或出现公告/新闻风险,88,65,收盘前仍强于基准且无事件风险时，才进入隔夜观察,半导体设备；相对基准 2.873%。,中风险；订单周期;财报风险,SMH,已跳过,,,,,,重复观察,同一股票同一交易日的15分钟重复观察已去重，不重复计入胜率。
2026-08-17,14:48:05,美股,MU,"Micron Technology, Inc.",stock,2,盘中：高风险强势观察,当前 1026.81,1018.60-1032.97,1062.75-1093.55,990.87,跌破观察区下沿、弱于基准、板块转弱或出现公告/新闻风险,87,65,收盘前仍强于基准且无事件风险时，才进入隔夜观察,存储芯片；相对基准 3.9943%。,高风险；周期波动;财报跳空;库存周期,SMH,已跳过,,,,,,重复观察,同一股票同一交易日的15分钟重复观察已去重，不重复计入胜率。
2026-08-17,14:48:05,美股,AVGO,Broadcom Inc.,stock,3,盘中：候选观察,当前 397.56,394.38-399.95,411.48-417.44,387.63,跌破观察区下沿、弱于基准、板块转弱或出现公告/新闻风险,77,85,收盘前仍强于基准且无事件风险时，才进入隔夜观察,AI芯片/网络；相对基准 -0.5174%。,中高风险；大客户预期;财报跳空;估值波动,SMH,已跳过,,,,,,重复观察,同一股票同一交易日的15分钟重复观察已去重，不重复计入胜率。
2026-08-17,14:48:05,美股,ASML,ASML Holding N.V.,stock,4,盘中：边缘观察,当前 1878.06,1863.04-1889.33,1943.79-1971.96,1831.11,跌破观察区下沿、弱于基准、板块转弱或出现公告/新闻风险,72,65,收盘前仍强于基准且无事件风险时，才进入隔夜观察,半导体设备；相对基准 0.1611%。,中风险；出口限制;订单周期;欧洲ADR波动,SMH,已跳过,,,,,,重复观察,同一股票同一交易日的15分钟重复观察已去重，不重复计入胜率。
2026-08-17,14:48:05,美股,LRCX,Lam Research Corporation,stock,5,盘中：边缘观察,当前 338.35,335.64-340.38,350.19-355.27,329.89,跌破观察区下沿、弱于基准、板块转弱或出现公告/新闻风险,72,65,收盘前仍强于基准且无事件风险时，才进入隔夜观察,半导体设备；相对基准 0.1207%。,中风险；订单周期;财报风险,SMH,已跳过,,,,,,重复观察,同一股票同一交易日的15分钟重复观察已去重，不重复计入胜率。
2026-08-17,15:33:20,美股,AMAT,"Applied Materials, Inc.",stock,1,盘中：强势观察,当前 535.93,531.64-539.15,554.69-562.73,522.53,跌破观察区下沿、弱于基准、板块转弱或出现公告/新闻风险,91,65,收盘前仍强于基准且无事件风险时，才进入隔夜观察,半导体设备；相对基准 3.6986%。,中风险；订单周期;财报风险,SMH,已跳过,,,,,,重复观察,同一股票同一交易日的15分钟重复观察已去重，不重复计入胜率。
2026-08-17,15:33:20,美股,MU,"Micron Technology, Inc.",stock,2,盘中：高风险强势观察,当前 1032.34,1024.08-1038.53,1068.47-1099.44,996.21,跌破观察区下沿、弱于基准、板块转弱或出现公告/新闻风险,87,65,收盘前仍强于基准且无事件风险时，才进入隔夜观察,存储芯片；相对基准 4.275%。,高风险；周期波动;财报跳空;库存周期,SMH,已跳过,,,,,,重复观察,同一股票同一交易日的15分钟重复观察已去重，不重复计入胜率。
2026-08-17,15:33:20,美股,ASML,ASML Holding N.V.,stock,3,盘中：候选观察,当前 1880.77,1865.72-1892.05,1946.60-1974.81,1833.75,跌破观察区下沿、弱于基准、板块转弱或出现公告/新闻风险,76,65,收盘前仍强于基准且无事件风险时，才进入隔夜观察,半导体设备；相对基准 0.0196%。,中风险；出口限制;订单周期;欧洲ADR波动,SMH,已跳过,,,,,,重复观察,同一股票同一交易日的15分钟重复观察已去重，不重复计入胜率。
2026-08-17,15:33:20,美股,LRCX,Lam Research Corporation,stock,4,盘中：候选观察,当前 341.76,339.03-343.82,353.73-358.85,333.22,跌破观察区下沿、弱于基准、板块转弱或出现公告/新闻风险,74,65,收盘前仍强于基准且无事件风险时，才进入隔夜观察,半导体设备；相对基准 0.8598%。,中风险；订单周期;财报风险,SMH,已跳过,,,,,,重复观察,同一股票同一交易日的15分钟重复观察已去重，不重复计入胜率。
2026-08-17,15:33:20,美股,INTC,Intel Corporation,stock,5,盘中：边缘观察,当前 105.19,104.35-105.83,108.88-112.03,101.51,跌破观察区下沿、弱于基准、板块转弱或出现公告/新闻风险,72,30,收盘前仍强于基准且无事件风险时，才进入隔夜观察,半导体制造/CPU；相对基准 0.6593%。,高风险；转型风险;财报跳空;高波动,SMH,已复盘,99.14,96.69,-5.75%,-8.09%,-4.00%,未触发,模拟执行未进入买入观察区，不计入胜率；继续检验观察区是否过窄。
2026-08-17,16:01:34,美股,AMAT,"Applied Materials, Inc.",stock,1,盘中：强势观察,当前 534.92,530.64-538.13,553.64-561.67,521.55,跌破观察区下沿、弱于基准、板块转弱或出现公告/新闻风险,91,65,收盘前仍强于基准且无事件风险时，才进入隔夜观察,半导体设备；相对基准 3.4587%。,中风险；订单周期;财报风险,SMH,已跳过,,,,,,重复观察,同一股票同一交易日的15分钟重复观察已去重，不重复计入胜率。
2026-08-17,16:01:34,美股,MU,"Micron Technology, Inc.",stock,2,盘中：高风险强势观察,当前 1028.06,1019.84-1034.23,1064.04-1094.88,992.08,跌破观察区下沿、弱于基准、板块转弱或出现公告/新闻风险,87,65,收盘前仍强于基准且无事件风险时，才进入隔夜观察,存储芯片；相对基准 3.7937%。,高风险；周期波动;财报跳空;库存周期,SMH,已跳过,,,,,,重复观察,同一股票同一交易日的15分钟重复观察已去重，不重复计入胜率。
2026-08-17,16:01:34,美股,AVGO,Broadcom Inc.,stock,3,盘中：候选观察,当前 398.00,394.82-400.39,411.93-417.90,388.05,跌破观察区下沿、弱于基准、板块转弱或出现公告/新闻风险,77,85,收盘前仍强于基准且无事件风险时，才进入隔夜观察,AI芯片/网络；相对基准 -0.736%。,中高风险；大客户预期;财报跳空;估值波动,SMH,已跳过,,,,,,重复观察,同一股票同一交易日的15分钟重复观察已去重，不重复计入胜率。
2026-08-17,16:01:34,美股,ASML,ASML Holding N.V.,stock,4,盘中：候选观察,当前 1882.70,1867.64-1894.00,1948.59-1976.84,1835.63,跌破观察区下沿、弱于基准、板块转弱或出现公告/新闻风险,76,65,收盘前仍强于基准且无事件风险时，才进入隔夜观察,半导体设备；相对基准 0.0835%。,中风险；出口限制;订单周期;欧洲ADR波动,SMH,已跳过,,,,,,重复观察,同一股票同一交易日的15分钟重复观察已去重，不重复计入胜率。
2026-08-17,16:01:34,美股,LRCX,Lam Research Corporation,stock,5,盘中：候选观察,当前 342.30,339.56-344.35,354.28-359.41,333.74,跌破观察区下沿、弱于基准、板块转弱或出现公告/新闻风险,74,65,收盘前仍强于基准且无事件风险时，才进入隔夜观察,半导体设备；相对基准 0.9784%。,中风险；订单周期;财报风险,SMH,已跳过,,,,,,重复观察,同一股票同一交易日的15分钟重复观察已去重，不重复计入胜率。
2026-08-17,16:39:54,美股,AMAT,"Applied Materials, Inc.",stock,1,盘中：强势观察,当前 537.14,532.84-540.36,555.94-564.00,523.71,跌破观察区下沿、弱于基准、板块转弱或出现公告/新闻风险,91,65,收盘前仍强于基准且无事件风险时，才进入隔夜观察,半导体设备；相对基准 4.0716%。,中风险；订单周期;财报风险,SMH,已跳过,,,,,,重复观察,同一股票同一交易日的15分钟重复观察已去重，不重复计入胜率。
2026-08-17,16:39:54,美股,MU,"Micron Technology, Inc.",stock,2,盘中：高风险强势观察,当前 1028.34,1020.11-1034.51,1064.33-1095.18,992.35,跌破观察区下沿、弱于基准、板块转弱或出现公告/新闻风险,87,65,收盘前仍强于基准且无事件风险时，才进入隔夜观察,存储芯片；相对基准 3.9977%。,高风险；周期波动;财报跳空;库存周期,SMH,已跳过,,,,,,重复观察,同一股票同一交易日的15分钟重复观察已去重，不重复计入胜率。
2026-08-17,16:39:54,美股,LRCX,Lam Research Corporation,stock,3,盘中：强势观察,当前 343.09,340.35-345.15,355.10-360.24,334.51,跌破观察区下沿、弱于基准、板块转弱或出现公告/新闻风险,83,65,收盘前仍强于基准且无事件风险时，才进入隔夜观察,半导体设备；相对基准 1.3928%。,中风险；订单周期;财报风险,SMH,已跳过,,,,,,重复观察,同一股票同一交易日的15分钟重复观察已去重，不重复计入胜率。
2026-08-17,16:39:54,美股,AVGO,Broadcom Inc.,stock,4,盘中：候选观察,当前 397.54,394.36-399.93,411.45-417.42,387.60,跌破观察区下沿、弱于基准、板块转弱或出现公告/新闻风险,77,85,收盘前仍强于基准且无事件风险时，才进入隔夜观察,AI芯片/网络；相对基准 -0.6776%。,中高风险；大客户预期;财报跳空;估值波动,SMH,已跳过,,,,,,重复观察,同一股票同一交易日的15分钟重复观察已去重，不重复计入胜率。
2026-08-17,16:39:54,美股,ASML,ASML Holding N.V.,stock,5,盘中：候选观察,当前 1883.10,1868.04-1894.40,1949.01-1977.25,1836.02,跌破观察区下沿、弱于基准、板块转弱或出现公告/新闻风险,76,65,收盘前仍强于基准且无事件风险时，才进入隔夜观察,半导体设备；相对基准 0.2804%。,中风险；出口限制;订单周期;欧洲ADR波动,SMH,已跳过,,,,,,重复观察,同一股票同一交易日的15分钟重复观察已去重，不重复计入胜率。
2026-08-17,17:11:48,美股,AMAT,"Applied Materials, Inc.",stock,1,盘中：强势观察,当前 536.34,532.05-539.56,555.11-563.15,522.93,跌破观察区下沿、弱于基准、板块转弱或出现公告/新闻风险,91,65,收盘前仍强于基准且无事件风险时，才进入隔夜观察,半导体设备；相对基准 4.0544%。,中风险；订单周期;财报风险,SMH,已跳过,,,,,,重复观察,同一股票同一交易日的15分钟重复观察已去重，不重复计入胜率。
2026-08-17,17:11:48,美股,MU,"Micron Technology, Inc.",stock,2,盘中：高风险强势观察,当前 1029.33,1021.10-1035.51,1065.36-1096.24,993.30,跌破观察区下沿、弱于基准、板块转弱或出现公告/新闻风险,87,65,收盘前仍强于基准且无事件风险时，才进入隔夜观察,存储芯片；相对基准 4.2408%。,高风险；周期波动;财报跳空;库存周期,SMH,已跳过,,,,,,重复观察,同一股票同一交易日的15分钟重复观察已去重，不重复计入胜率。
2026-08-17,17:11:48,美股,LRCX,Lam Research Corporation,stock,3,盘中：强势观察,当前 342.75,340.00-344.80,354.74-359.88,334.18,跌破观察区下沿、弱于基准、板块转弱或出现公告/新闻风险,83,65,收盘前仍强于基准且无事件风险时，才进入隔夜观察,半导体设备；相对基准 1.4302%。,中风险；订单周期;财报风险,SMH,已跳过,,,,,,重复观察,同一股票同一交易日的15分钟重复观察已去重，不重复计入胜率。
2026-08-17,17:11:48,美股,AVGO,Broadcom Inc.,stock,4,盘中：候选观察,当前 397.47,394.29-399.85,411.38-417.34,387.53,跌破观察区下沿、弱于基准、板块转弱或出现公告/新闻风险,77,85,收盘前仍强于基准且无事件风险时，才进入隔夜观察,AI芯片/网络；相对基准 -0.5549%。,中高风险；大客户预期;财报跳空;估值波动,SMH,已复盘,384.32,380.00,-3.31%,-4.40%,-0.31%,未触发,模拟执行未进入买入观察区，不计入胜率；继续检验观察区是否过窄。
2026-08-17,17:11:48,美股,ASML,ASML Holding N.V.,stock,5,盘中：候选观察,当前 1882.67,1867.61-1893.97,1948.56-1976.80,1835.60,跌破观察区下沿、弱于基准、板块转弱或出现公告/新闻风险,76,65,收盘前仍强于基准且无事件风险时，才进入隔夜观察,半导体设备；相对基准 0.3982%。,中风险；出口限制;订单周期;欧洲ADR波动,SMH,已跳过,,,,,,重复观察,同一股票同一交易日的15分钟重复观察已去重，不重复计入胜率。
2026-08-17,17:47:33,美股,AMAT,"Applied Materials, Inc.",stock,1,盘中：强势观察,当前 537.29,532.99-540.51,556.10-564.15,523.86,跌破观察区下沿、弱于基准、板块转弱或出现公告/新闻风险,91,65,收盘前仍强于基准且无事件风险时，才进入隔夜观察,半导体设备；相对基准 4.4499%。,中风险；订单周期;财报风险,SMH,已跳过,,,,,,重复观察,同一股票同一交易日的15分钟重复观察已去重，不重复计入胜率。
2026-08-17,17:47:33,美股,MU,"Micron Technology, Inc.",stock,2,盘中：高风险强势观察,当前 1018.04,1009.90-1024.15,1053.67-1084.21,982.41,跌破观察区下沿、弱于基准、板块转弱或出现公告/新闻风险,86,65,收盘前仍强于基准且无事件风险时，才进入隔夜观察,存储芯片；相对基准 3.2865%。,高风险；周期波动;财报跳空;库存周期,SMH,已跳过,,,,,,重复观察,同一股票同一交易日的15分钟重复观察已去重，不重复计入胜率。
2026-08-17,17:47:33,美股,LRCX,Lam Research Corporation,stock,3,盘中：强势观察,当前 343.33,340.59-345.40,355.35-360.50,334.75,跌破观察区下沿、弱于基准、板块转弱或出现公告/新闻风险,83,65,收盘前仍强于基准且无事件风险时，才进入隔夜观察,半导体设备；相对基准 1.8153%。,中风险；订单周期;财报风险,SMH,已跳过,,,,,,重复观察,同一股票同一交易日的15分钟重复观察已去重，不重复计入胜率。
2026-08-17,17:47:33,美股,ASML,ASML Holding N.V.,stock,4,盘中：候选观察,当前 1886.18,1871.09-1897.50,1952.20-1980.49,1839.03,跌破观察区下沿、弱于基准、板块转弱或出现公告/新闻风险,76,65,收盘前仍强于基准且无事件风险时，才进入隔夜观察,半导体设备；相对基准 0.7962%。,中风险；出口限制;订单周期;欧洲ADR波动,SMH,已跳过,,,,,,重复观察,同一股票同一交易日的15分钟重复观察已去重，不重复计入胜率。
2026-08-17,17:47:33,美股,KLAC,KLA Corporation,stock,5,盘中：候选观察,当前 206.83,205.18-208.07,214.07-217.17,201.66,跌破观察区下沿、弱于基准、板块转弱或出现公告/新闻风险,76,65,收盘前仍强于基准且无事件风险时，才进入隔夜观察,半导体设备/检测；相对基准 0.0398%。,中风险；估值;财报风险,SMH,已跳过,,,,,,重复观察,同一股票同一交易日的15分钟重复观察已去重，不重复计入胜率。
2026-08-17,18:50:50,美股,AMAT,"Applied Materials, Inc.",stock,1,盘中：强势观察,当前 538.25,533.94-541.48,557.09-565.16,524.79,跌破观察区下沿、弱于基准、板块转弱或出现公告/新闻风险,91,65,收盘前仍强于基准且无事件风险时，才进入隔夜观察,半导体设备；相对基准 4.5958%。,中风险；订单周期;财报风险,SMH,已跳过,,,,,,重复观察,同一股票同一交易日的15分钟重复观察已去重，不重复计入胜率。
2026-08-17,18:50:50,美股,MU,"Micron Technology, Inc.",stock,2,盘中：高风险强势观察,当前 1017.54,1009.40-1023.65,1053.15-1083.68,981.93,跌破观察区下沿、弱于基准、板块转弱或出现公告/新闻风险,86,65,收盘前仍强于基准且无事件风险时，才进入隔夜观察,存储芯片；相对基准 3.1916%。,高风险；周期波动;财报跳空;库存周期,SMH,已跳过,,,,,,重复观察,同一股票同一交易日的15分钟重复观察已去重，不重复计入胜率。
2026-08-17,18:50:50,美股,LRCX,Lam Research Corporation,stock,3,盘中：强势观察,当前 344.62,341.86-346.69,356.68-361.85,336.00,跌破观察区下沿、弱于基准、板块转弱或出现公告/新闻风险,83,65,收盘前仍强于基准且无事件风险时，才进入隔夜观察,半导体设备；相对基准 2.1586%。,中风险；订单周期;财报风险,SMH,已跳过,,,,,,重复观察,同一股票同一交易日的15分钟重复观察已去重，不重复计入胜率。
2026-08-17,18:50:50,美股,ASML,ASML Holding N.V.,stock,4,盘中：候选观察,当前 1894.32,1879.17-1905.69,1960.62-1989.04,1846.96,跌破观察区下沿、弱于基准、板块转弱或出现公告/新闻风险,81,65,收盘前仍强于基准且无事件风险时，才进入隔夜观察,半导体设备；相对基准 1.1942%。,中风险；出口限制;订单周期;欧洲ADR波动,SMH,已跳过,,,,,,重复观察,同一股票同一交易日的15分钟重复观察已去重，不重复计入胜率。
2026-08-17,18:50:50,美股,KLAC,KLA Corporation,stock,5,盘中：边缘观察,当前 206.73,205.08-207.97,213.97-217.07,201.56,跌破观察区下沿、弱于基准、板块转弱或出现公告/新闻风险,70,65,收盘前仍强于基准且无事件风险时，才进入隔夜观察,半导体设备/检测；相对基准 -0.0527%。,中风险；估值;财报风险,SMH,已复盘,195.24,194.79,-5.56%,-5.78%,-1.69%,未触发,模拟执行未进入买入观察区，不计入胜率；继续检验观察区是否过窄。
2026-08-17,19:34:40,美股,AMAT,"Applied Materials, Inc.",stock,1,盘中：强势观察,当前 534.94,530.66-538.15,553.66-561.69,521.57,跌破观察区下沿、弱于基准、板块转弱或出现公告/新闻风险,91,65,收盘前仍强于基准且无事件风险时，才进入隔夜观察,半导体设备；相对基准 4.3132%。,中风险；订单周期;财报风险,SMH,已跳过,,,,,,重复观察,同一股票同一交易日的15分钟重复观察已去重，不重复计入胜率。
2026-08-17,19:34:40,美股,MU,"Micron Technology, Inc.",stock,2,盘中：高风险强势观察,当前 1012.92,1004.82-1019.00,1048.37-1078.76,977.47,跌破观察区下沿、弱于基准、板块转弱或出现公告/新闻风险,86,65,收盘前仍强于基准且无事件风险时，才进入隔夜观察,存储芯片；相对基准 3.0861%。,高风险；周期波动;财报跳空;库存周期,SMH,已跳过,,,,,,重复观察,同一股票同一交易日的15分钟重复观察已去重，不重复计入胜率。
2026-08-17,19:34:40,美股,LRCX,Lam Research Corporation,stock,3,盘中：候选观察,当前 342.19,339.45-344.24,354.17-359.30,333.64,跌破观察区下沿、弱于基准、板块转弱或出现公告/新闻风险,81,65,收盘前仍强于基准且无事件风险时，才进入隔夜观察,半导体设备；相对基准 1.7974%。,中风险；订单周期;财报风险,SMH,已跳过,,,,,,重复观察,同一股票同一交易日的15分钟重复观察已去重，不重复计入胜率。
2026-08-17,19:34:40,美股,ASML,ASML Holding N.V.,stock,4,盘中：候选观察,当前 1888.40,1873.29-1899.73,1954.49-1982.82,1841.19,跌破观察区下沿、弱于基准、板块转弱或出现公告/新闻风险,79,65,收盘前仍强于基准且无事件风险时，才进入隔夜观察,半导体设备；相对基准 1.2432%。,中风险；出口限制;订单周期;欧洲ADR波动,SMH,已跳过,,,,,,重复观察,同一股票同一交易日的15分钟重复观察已去重，不重复计入胜率。
2026-08-17,20:02:47,美股,AMAT,"Applied Materials, Inc.",stock,1,盘中：强势观察,当前 535.31,531.03-538.52,554.05-562.08,521.93,跌破观察区下沿、弱于基准、板块转弱或出现公告/新闻风险,91,65,收盘前仍强于基准且无事件风险时，才进入隔夜观察,半导体设备；相对基准 4.4831%。,中风险；订单周期;财报风险,SMH,已跳过,,,,,,重复观察,同一股票同一交易日的15分钟重复观察已去重，不重复计入胜率。
2026-08-17,20:02:47,美股,MU,"Micron Technology, Inc.",stock,2,盘中：高风险强势观察,当前 1011.75,1003.66-1017.82,1047.16-1077.51,976.34,跌破观察区下沿、弱于基准、板块转弱或出现公告/新闻风险,86,65,收盘前仍强于基准且无事件风险时，才进入隔夜观察,存储芯片；相对基准 3.0626%。,高风险；周期波动;财报跳空;库存周期,SMH,已跳过,,,,,,重复观察,同一股票同一交易日的15分钟重复观察已去重，不重复计入胜率。
2026-08-17,20:02:47,美股,LRCX,Lam Research Corporation,stock,3,盘中：强势观察,当前 343.84,341.09-345.90,355.87-361.03,335.24,跌破观察区下沿、弱于基准、板块转弱或出现公告/新闻风险,83,65,收盘前仍强于基准且无事件风险时，才进入隔夜观察,半导体设备；相对基准 2.3908%。,中风险；订单周期;财报风险,SMH,已跳过,,,,,,重复观察,同一股票同一交易日的15分钟重复观察已去重，不重复计入胜率。
2026-08-17,20:02:47,美股,ASML,ASML Holding N.V.,stock,4,盘中：候选观察,当前 1883.12,1868.06-1894.42,1949.03-1977.28,1836.04,跌破观察区下沿、弱于基准、板块转弱或出现公告/新闻风险,78,65,收盘前仍强于基准且无事件风险时，才进入隔夜观察,半导体设备；相对基准 1.0537%。,中风险；出口限制;订单周期;欧洲ADR波动,SMH,已跳过,,,,,,重复观察,同一股票同一交易日的15分钟重复观察已去重，不重复计入胜率。
2026-08-17,20:02:47,美股,TSM,Taiwan Semiconductor Manufacturing Company Limited,stock,5,盘中：候选观察,当前 430.95,427.50-433.53,446.03-452.50,420.18,跌破观察区下沿、弱于基准、板块转弱或出现公告/新闻风险,75,65,收盘前仍强于基准且无事件风险时，才进入隔夜观察,半导体制造；相对基准 0.0154%。,中风险；地缘风险;ADR汇率;客户集中,SMH,已跳过,,,,,,重复观察,同一股票同一交易日的15分钟重复观察已去重，不重复计入胜率。
2026-08-17,20:46:30,美股,AMAT,"Applied Materials, Inc.",stock,1,收盘：强势观察,当前 535.31,531.03-538.52,554.05-562.08,521.93,跌破观察区下沿、弱于基准、板块转弱或出现公告/新闻风险,91,65,收盘前仍强于基准且无事件风险时，才进入隔夜观察,半导体设备；相对基准 4.4831%。,中风险；订单周期;财报风险,SMH,已跳过,,,,,,重复观察,同一股票同一交易日的15分钟重复观察已去重，不重复计入胜率。
2026-08-17,20:46:30,美股,MU,"Micron Technology, Inc.",stock,2,收盘：高风险强势观察,当前 1011.75,1003.66-1017.82,1047.16-1077.51,976.34,跌破观察区下沿、弱于基准、板块转弱或出现公告/新闻风险,86,65,收盘前仍强于基准且无事件风险时，才进入隔夜观察,存储芯片；相对基准 3.0626%。,高风险；周期波动;财报跳空;库存周期,SMH,已跳过,,,,,,重复观察,同一股票同一交易日的15分钟重复观察已去重，不重复计入胜率。
2026-08-17,20:46:30,美股,LRCX,Lam Research Corporation,stock,3,收盘：强势观察,当前 343.84,341.09-345.90,355.87-361.03,335.24,跌破观察区下沿、弱于基准、板块转弱或出现公告/新闻风险,83,65,收盘前仍强于基准且无事件风险时，才进入隔夜观察,半导体设备；相对基准 2.3908%。,中风险；订单周期;财报风险,SMH,已跳过,,,,,,重复观察,同一股票同一交易日的15分钟重复观察已去重，不重复计入胜率。
2026-08-17,20:46:30,美股,ASML,ASML Holding N.V.,stock,4,收盘：候选观察,当前 1883.12,1868.06-1894.42,1949.03-1977.28,1836.04,跌破观察区下沿、弱于基准、板块转弱或出现公告/新闻风险,78,65,收盘前仍强于基准且无事件风险时，才进入隔夜观察,半导体设备；相对基准 1.0537%。,中风险；出口限制;订单周期;欧洲ADR波动,SMH,已跳过,,,,,,重复观察,同一股票同一交易日的15分钟重复观察已去重，不重复计入胜率。
2026-08-17,20:46:30,美股,TSM,Taiwan Semiconductor Manufacturing Company Limited,stock,5,收盘：候选观察,当前 430.97,427.52-433.56,446.05-452.52,420.20,跌破观察区下沿、弱于基准、板块转弱或出现公告/新闻风险,75,65,收盘前仍强于基准且无事件风险时，才进入隔夜观察,半导体制造；相对基准 0.0203%。,中风险；地缘风险;ADR汇率;客户集中,SMH,已跳过,,,,,,重复观察,同一股票同一交易日的15分钟重复观察已去重，不重复计入胜率。
2026-08-17,21:12:03,美股,AMAT,"Applied Materials, Inc.",stock,1,收盘：强势观察,当前 535.31,531.03-538.52,554.05-562.08,521.93,跌破观察区下沿、弱于基准、板块转弱或出现公告/新闻风险,91,65,收盘前仍强于基准且无事件风险时，才进入隔夜观察,半导体设备；相对基准 4.4831%。,中风险；订单周期;财报风险,SMH,已复盘,507.37,514.33,-5.22%,-3.92%,+0.17%,未触发,模拟执行未进入买入观察区，不计入胜率；继续检验观察区是否过窄。
2026-08-17,21:12:03,美股,MU,"Micron Technology, Inc.",stock,2,收盘：高风险强势观察,当前 1011.75,1003.66-1017.82,1047.16-1077.51,976.34,跌破观察区下沿、弱于基准、板块转弱或出现公告/新闻风险,86,65,收盘前仍强于基准且无事件风险时，才进入隔夜观察,存储芯片；相对基准 3.0626%。,高风险；周期波动;财报跳空;库存周期,SMH,已复盘,957.40,940.76,-5.37%,-7.02%,-2.93%,未触发,模拟执行未进入买入观察区，不计入胜率；继续检验观察区是否过窄。
2026-08-17,21:12:03,美股,LRCX,Lam Research Corporation,stock,3,收盘：强势观察,当前 343.84,341.09-345.90,355.87-361.03,335.24,跌破观察区下沿、弱于基准、板块转弱或出现公告/新闻风险,83,65,收盘前仍强于基准且无事件风险时，才进入隔夜观察,半导体设备；相对基准 2.3908%。,中风险；订单周期;财报风险,SMH,已复盘,324.31,327.92,-5.68%,-4.63%,-0.54%,未触发,模拟执行未进入买入观察区，不计入胜率；继续检验观察区是否过窄。
2026-08-17,21:12:03,美股,ASML,ASML Holding N.V.,stock,4,收盘：候选观察,当前 1883.12,1868.06-1894.42,1949.03-1977.28,1836.04,跌破观察区下沿、弱于基准、板块转弱或出现公告/新闻风险,78,65,收盘前仍强于基准且无事件风险时，才进入隔夜观察,半导体设备；相对基准 1.0537%。,中风险；出口限制;订单周期;欧洲ADR波动,SMH,已复盘,1812.00,1802.98,-3.78%,-4.26%,-0.17%,未触发,模拟执行未进入买入观察区，不计入胜率；继续检验观察区是否过窄。
2026-08-17,21:12:03,美股,TSM,Taiwan Semiconductor Manufacturing Company Limited,stock,5,收盘：候选观察,当前 430.97,427.52-433.56,446.05-452.52,420.20,跌破观察区下沿、弱于基准、板块转弱或出现公告/新闻风险,75,65,收盘前仍强于基准且无事件风险时，才进入隔夜观察,半导体制造；相对基准 0.0203%。,中风险；地缘风险;ADR汇率;客户集中,SMH,已复盘,417.00,413.41,-3.24%,-4.07%,+0.02%,未触发,模拟执行未进入买入观察区，不计入胜率；继续检验观察区是否过窄。
2026-08-18,02:17:09,A股,300274,阳光电源,stock,1,盘中：边缘观察,当前 118.85,117.90-119.56,123.01-124.79,115.88,跌破观察区下沿、弱于基准、板块转弱或出现公告/新闻风险,70,50,隔夜降权：只做观察，不作为自动模拟买入；需次日重新确认强于基准和尾盘承接。,光伏/储能；相对基准 0.8657%。,中高风险；行业周期;海外需求波动,创业板指,已复盘,116.15,111.49,-2.27%,-6.19%,+0.07%,未触发,模拟执行未进入买入观察区，不计入胜率；继续检验观察区是否过窄。
2026-08-18,03:59:28,A股,000333,美的集团,stock,1,盘中：边缘观察,当前 82.86,82.20-83.36,85.76-87.00,80.79,跌破观察区下沿、弱于基准、板块转弱或出现公告/新闻风险,72,30,隔夜降权：只做观察，不作为自动模拟买入；需次日重新确认强于基准和尾盘承接。,家电/消费；相对基准 1.0946%。,低风险；消费周期;汇率/出口,沪深300,已跳过,,,,,,重复观察,同一股票同一交易日的15分钟重复观察已去重，不重复计入胜率。
2026-08-18,05:34:09,A股,000333,美的集团,stock,1,盘中：强势观察,当前 83.84,83.17-84.34,86.77-88.03,81.74,跌破观察区下沿、弱于基准、板块转弱或出现公告/新闻风险,83,40,隔夜降权：只做观察，不作为自动模拟买入；需次日重新确认强于基准和尾盘承接。,家电/消费；相对基准 2.2623%。,低风险；消费周期;汇率/出口,沪深300,已跳过,,,,,,重复观察,同一股票同一交易日的15分钟重复观察已去重，不重复计入胜率。
2026-08-18,05:34:09,A股,600519,贵州茅台,stock,2,盘中：边缘观察,当前 1300.28,1289.88-1308.08,1345.79-1365.29,1267.77,跌破观察区下沿、弱于基准、板块转弱或出现公告/新闻风险,73,30,隔夜降权：只做观察，不作为自动模拟买入；需次日重新确认强于基准和尾盘承接。,消费/白酒；相对基准 1.3294%。,低风险；消费预期;外资权重波动,沪深300,已复盘,1300.00,1307.88,-0.02%,+0.58%,+3.48%,未触发,模拟执行未进入买入观察区，不计入胜率；继续检验观察区是否过窄。
2026-08-18,05:34:09,A股,600036,招商银行,stock,3,盘中：边缘观察,当前 38.29,37.98-38.52,39.63-40.20,37.33,跌破观察区下沿、弱于基准、板块转弱或出现公告/新闻风险,73,30,隔夜降权：只做观察，不作为自动模拟买入；需次日重新确认强于基准和尾盘承接。,银行；相对基准 1.009%。,低风险；地产链风险;利率环境,沪深300,已复盘,38.55,39.15,+0.68%,+2.25%,+5.15%,未触发,模拟执行未进入买入观察区，不计入胜率；继续检验观察区是否过窄。
2026-08-18,06:03:07,A股,000333,美的集团,stock,1,盘中：候选观察,当前 83.50,82.83-84.00,86.42-87.67,81.41,跌破观察区下沿、弱于基准、板块转弱或出现公告/新闻风险,79,30,隔夜降权：只做观察，不作为自动模拟买入；需次日重新确认强于基准和尾盘承接。,家电/消费；相对基准 1.6831%。,低风险；消费周期;汇率/出口,沪深300,已跳过,,,,,,重复观察,同一股票同一交易日的15分钟重复观察已去重，不重复计入胜率。
2026-08-18,06:03:07,A股,000977,浪潮信息,stock,2,盘中：候选观察,当前 81.20,80.55-81.69,84.04-85.26,79.17,跌破观察区下沿、弱于基准、板块转弱或出现公告/新闻风险,78,65,隔夜降权：只做观察，不作为自动模拟买入；需次日重新确认强于基准和尾盘承接。,服务器/算力；相对基准 1.2502%。,中高风险；政策与订单预期;波动较大,沪深300,已跳过,,,,,,重复观察,同一股票同一交易日的15分钟重复观察已去重，不重复计入胜率。
2026-08-18,07:05:46,A股,000333,美的集团,stock,1,盘中：候选观察,当前 83.58,82.91-84.08,86.51-87.76,81.49,跌破观察区下沿、弱于基准、板块转弱或出现公告/新闻风险,79,30,隔夜降权：只做观察，不作为自动模拟买入；需次日重新确认强于基准和尾盘承接。,家电/消费；相对基准 1.4966%。,低风险；消费周期;汇率/出口,沪深300,已跳过,,,,,,重复观察,同一股票同一交易日的15分钟重复观察已去重，不重复计入胜率。
2026-08-18,07:05:46,A股,002371,北方华创,stock,2,盘中：候选观察,当前 777.00,770.78-781.66,804.19-815.85,757.57,跌破观察区下沿、弱于基准、板块转弱或出现公告/新闻风险,76,65,隔夜降权：只做观察，不作为自动模拟买入；需次日重新确认强于基准和尾盘承接。,半导体设备；相对基准 1.7624%。,中高风险；估值波动;订单预期,沪深300,已跳过,,,,,,重复观察,同一股票同一交易日的15分钟重复观察已去重，不重复计入胜率。
2026-08-18,07:05:46,A股,000977,浪潮信息,stock,3,盘中：边缘观察,当前 80.97,80.32-81.46,83.80-85.02,78.95,跌破观察区下沿、弱于基准、板块转弱或出现公告/新闻风险,72,50,隔夜降权：只做观察，不作为自动模拟买入；需次日重新确认强于基准和尾盘承接。,服务器/算力；相对基准 0.6818%。,中高风险；政策与订单预期;波动较大,沪深300,已跳过,,,,,,重复观察,同一股票同一交易日的15分钟重复观察已去重，不重复计入胜率。
2026-08-18,07:05:46,A股,601899,紫金矿业,stock,4,盘中：边缘观察,当前 33.56,33.29-33.76,34.73-35.24,32.72,跌破观察区下沿、弱于基准、板块转弱或出现公告/新闻风险,70,50,隔夜降权：只做观察，不作为自动模拟买入；需次日重新确认强于基准和尾盘承接。,有色/黄金铜；相对基准 0.9219%。,中高风险；商品价格;汇率;海外矿山风险,沪深300,已跳过,,,,,,重复观察,同一股票同一交易日的15分钟重复观察已去重，不重复计入胜率。
2026-08-18,07:55:18,A股,000333,美的集团,stock,1,盘中：候选观察,当前 83.58,82.91-84.08,86.51-87.76,81.49,跌破观察区下沿、弱于基准、板块转弱或出现公告/新闻风险,79,30,隔夜降权：只做观察，不作为自动模拟买入；需次日重新确认强于基准和尾盘承接。,家电/消费；相对基准 1.4966%。,低风险；消费周期;汇率/出口,沪深300,已复盘,83.51,84.72,-0.08%,+1.36%,+4.26%,未触发,模拟执行未进入买入观察区，不计入胜率；继续检验观察区是否过窄。
2026-08-18,07:55:18,A股,002371,北方华创,stock,2,盘中：候选观察,当前 777.00,770.78-781.66,804.19-815.85,757.57,跌破观察区下沿、弱于基准、板块转弱或出现公告/新闻风险,76,65,隔夜降权：只做观察，不作为自动模拟买入；需次日重新确认强于基准和尾盘承接。,半导体设备；相对基准 1.7624%。,中高风险；估值波动;订单预期,沪深300,已复盘,753.88,712.95,-2.98%,-8.24%,-5.34%,未触发,模拟执行未进入买入观察区，不计入胜率；继续检验观察区是否过窄。
2026-08-18,07:55:18,A股,000977,浪潮信息,stock,3,盘中：边缘观察,当前 80.97,80.32-81.46,83.80-85.02,78.95,跌破观察区下沿、弱于基准、板块转弱或出现公告/新闻风险,72,50,隔夜降权：只做观察，不作为自动模拟买入；需次日重新确认强于基准和尾盘承接。,服务器/算力；相对基准 0.6818%。,中高风险；政策与订单预期;波动较大,沪深300,已复盘,78.50,72.87,-3.05%,-10.00%,-7.10%,未触发,模拟执行未进入买入观察区，不计入胜率；继续检验观察区是否过窄。
2026-08-18,07:55:18,A股,601899,紫金矿业,stock,4,盘中：边缘观察,当前 33.56,33.29-33.76,34.73-35.24,32.72,跌破观察区下沿、弱于基准、板块转弱或出现公告/新闻风险,70,50,隔夜降权：只做观察，不作为自动模拟买入；需次日重新确认强于基准和尾盘承接。,有色/黄金铜；相对基准 0.9219%。,中高风险；商品价格;汇率;海外矿山风险,沪深300,已复盘,32.50,32.76,-3.16%,-2.38%,+0.52%,未触发,模拟执行未进入买入观察区，不计入胜率；继续检验观察区是否过窄。
2026-08-18,13:49:01,美股,MSFT,Microsoft Corporation,stock,1,盘中：候选观察,当前 482.17,478.31-485.06,499.04-506.27,470.11,跌破观察区下沿、弱于基准、板块转弱或出现公告/新闻风险,78,65,收盘前仍强于基准且无事件风险时，才进入隔夜观察,AI云/软件；相对基准 1.8%。,中风险；监管;财报;AI资本开支担忧,QQQ,已跳过,,,,,,重复观察,同一股票同一交易日的15分钟重复观察已去重，不重复计入胜率。
2026-08-18,13:49:01,美股,CRM,Salesforce,stock,2,盘中：候选观察,当前 195.34,193.78-196.51,202.18-205.11,190.46,跌破观察区下沿、弱于基准、板块转弱或出现公告/新闻风险,76,30,收盘前仍强于基准且无事件风险时，才进入隔夜观察,企业软件；相对基准 3.7105%。,中风险；业绩指引;估值,QQQ,已跳过,,,,,,重复观察,同一股票同一交易日的15分钟重复观察已去重，不重复计入胜率。
2026-08-18,14:42:12,美股,AAPL,Apple Inc.,stock,1,盘中：强势观察,当前 311.21,308.73-313.08,322.11-326.78,303.43,跌破观察区下沿、弱于基准、板块转弱或出现公告/新闻风险,82,30,收盘前仍强于基准且无事件风险时，才进入隔夜观察,消费电子/大科技；相对基准 3.3108%。,中风险；产品周期;中国市场;监管,QQQ,已跳过,,,,,,重复观察,同一股票同一交易日的15分钟重复观察已去重，不重复计入胜率。
2026-08-18,14:42:12,美股,AMZN,"Amazon.com, Inc.",stock,2,盘中：候选观察,当前 261.76,259.67-263.33,270.92-274.85,255.22,跌破观察区下沿、弱于基准、板块转弱或出现公告/新闻风险,78,65,收盘前仍强于基准且无事件风险时，才进入隔夜观察,云/电商/AI资本开支；相对基准 1.6423%。,中风险；利润率;资本开支;消费,QQQ,已跳过,,,,,,重复观察,同一股票同一交易日的15分钟重复观察已去重，不重复计入胜率。
2026-08-18,14:42:12,美股,MSFT,Microsoft Corporation,stock,3,盘中：候选观察,当前 481.18,477.33-484.07,498.02-505.24,469.15,跌破观察区下沿、弱于基准、板块转弱或出现公告/新闻风险,75,65,收盘前仍强于基准且无事件风险时，才进入隔夜观察,AI云/软件；相对基准 1.6429%。,中风险；监管;财报;AI资本开支担忧,QQQ,已跳过,,,,,,重复观察,同一股票同一交易日的15分钟重复观察已去重，不重复计入胜率。
2026-08-18,14:42:12,美股,CRM,"Salesforce, Inc.",stock,4,盘中：候选观察,当前 196.02,194.45-197.20,202.88-205.82,191.12,跌破观察区下沿、弱于基准、板块转弱或出现公告/新闻风险,75,30,收盘前仍强于基准且无事件风险时，才进入隔夜观察,企业软件；相对基准 4.1145%。,中风险；业绩指引;估值,QQQ,已跳过,,,,,,重复观察,同一股票同一交易日的15分钟重复观察已去重，不重复计入胜率。
2026-08-18,15:14:45,美股,AAPL,Apple Inc.,stock,1,盘中：强势观察,当前 310.69,308.20-312.55,321.56-326.22,302.92,跌破观察区下沿、弱于基准、板块转弱或出现公告/新闻风险,82,30,收盘前仍强于基准且无事件风险时，才进入隔夜观察,消费电子/大科技；相对基准 3.487%。,中风险；产品周期;中国市场;监管,QQQ,已跳过,,,,,,重复观察,同一股票同一交易日的15分钟重复观察已去重，不重复计入胜率。
2026-08-18,15:14:45,美股,CRM,"Salesforce, Inc.",stock,2,盘中：候选观察,当前 197.44,195.86-198.62,204.35-207.31,192.50,跌破观察区下沿、弱于基准、板块转弱或出现公告/新闻风险,80,30,收盘前仍强于基准且无事件风险时，才进入隔夜观察,企业软件；相对基准 5.2061%。,中风险；业绩指引;估值,QQQ,已跳过,,,,,,重复观察,同一股票同一交易日的15分钟重复观察已去重，不重复计入胜率。
2026-08-18,15:14:45,美股,MSFT,Microsoft Corporation,stock,3,盘中：候选观察,当前 481.68,477.82-484.57,498.53-505.76,469.63,跌破观察区下沿、弱于基准、板块转弱或出现公告/新闻风险,77,65,收盘前仍强于基准且无事件风险时，才进入隔夜观察,AI云/软件；相对基准 2.0939%。,中风险；监管;财报;AI资本开支担忧,QQQ,已跳过,,,,,,重复观察,同一股票同一交易日的15分钟重复观察已去重，不重复计入胜率。
2026-08-18,15:50:54,美股,CRM,"Salesforce, Inc.",stock,1,盘中：候选观察,当前 197.31,195.73-198.49,204.22-207.18,192.38,跌破观察区下沿、弱于基准、板块转弱或出现公告/新闻风险,80,30,收盘前仍强于基准且无事件风险时，才进入隔夜观察,企业软件；相对基准 4.9353%。,中风险；业绩指引;估值,QQQ,已跳过,,,,,,重复观察,同一股票同一交易日的15分钟重复观察已去重，不重复计入胜率。
2026-08-18,15:50:54,美股,AAPL,Apple Inc.,stock,2,盘中：候选观察,当前 309.50,307.03-311.36,320.34-324.98,301.77,跌破观察区下沿、弱于基准、板块转弱或出现公告/新闻风险,76,30,收盘前仍强于基准且无事件风险时，才进入隔夜观察,消费电子/大科技；相对基准 2.8965%。,中风险；产品周期;中国市场;监管,QQQ,已跳过,,,,,,重复观察,同一股票同一交易日的15分钟重复观察已去重，不重复计入胜率。
2026-08-18,15:50:54,美股,MSFT,Microsoft Corporation,stock,3,盘中：候选观察,当前 480.75,476.90-483.63,497.58-504.79,468.73,跌破观察区下沿、弱于基准、板块转弱或出现公告/新闻风险,75,65,收盘前仍强于基准且无事件风险时，才进入隔夜观察,AI云/软件；相对基准 1.6987%。,中风险；监管;财报;AI资本开支担忧,QQQ,已跳过,,,,,,重复观察,同一股票同一交易日的15分钟重复观察已去重，不重复计入胜率。
2026-08-18,16:40:27,美股,AAPL,Apple Inc.,stock,1,盘中：候选观察,当前 310.43,307.95-312.29,321.30-325.95,302.67,跌破观察区下沿、弱于基准、板块转弱或出现公告/新闻风险,80,30,收盘前仍强于基准且无事件风险时，才进入隔夜观察,消费电子/大科技；相对基准 3.0806%。,中风险；产品周期;中国市场;监管,QQQ,已跳过,,,,,,重复观察,同一股票同一交易日的15分钟重复观察已去重，不重复计入胜率。
2026-08-18,16:40:27,美股,CRM,"Salesforce, Inc.",stock,2,盘中：候选观察,当前 197.96,196.37-199.14,204.88-207.85,193.01,跌破观察区下沿、弱于基准、板块转弱或出现公告/新闻风险,80,30,收盘前仍强于基准且无事件风险时，才进入隔夜观察,企业软件；相对基准 5.1544%。,中风险；业绩指引;估值,QQQ,已跳过,,,,,,重复观察,同一股票同一交易日的15分钟重复观察已去重，不重复计入胜率。
2026-08-18,16:40:27,美股,AMZN,"Amazon.com, Inc.",stock,3,盘中：候选观察,当前 261.39,259.30-262.96,270.54-274.46,254.86,跌破观察区下沿、弱于基准、板块转弱或出现公告/新闻风险,78,65,收盘前仍强于基准且无事件风险时，才进入隔夜观察,云/电商/AI资本开支；相对基准 1.5274%。,中风险；利润率;资本开支;消费,QQQ,已跳过,,,,,,重复观察,同一股票同一交易日的15分钟重复观察已去重，不重复计入胜率。
2026-08-18,16:40:27,美股,MSFT,Microsoft Corporation,stock,4,盘中：候选观察,当前 481.76,477.91-484.65,498.62-505.85,469.72,跌破观察区下沿、弱于基准、板块转弱或出现公告/新闻风险,77,65,收盘前仍强于基准且无事件风险时，才进入隔夜观察,AI云/软件；相对基准 1.7903%。,中风险；监管;财报;AI资本开支担忧,QQQ,已跳过,,,,,,重复观察,同一股票同一交易日的15分钟重复观察已去重，不重复计入胜率。
2026-08-18,17:11:33,美股,AAPL,Apple Inc.,stock,1,盘中：强势观察,当前 310.73,308.24-312.59,321.61-326.27,302.96,跌破观察区下沿、弱于基准、板块转弱或出现公告/新闻风险,82,30,收盘前仍强于基准且无事件风险时，才进入隔夜观察,消费电子/大科技；相对基准 3.2193%。,中风险；产品周期;中国市场;监管,QQQ,已跳过,,,,,,重复观察,同一股票同一交易日的15分钟重复观察已去重，不重复计入胜率。
2026-08-18,17:11:33,美股,CRM,Salesforce,stock,2,盘中：候选观察,当前 198.02,196.44-199.21,204.95-207.92,193.07,跌破观察区下沿、弱于基准、板块转弱或出现公告/新闻风险,80,30,收盘前仍强于基准且无事件风险时，才进入隔夜观察,企业软件；相对基准 5.229%。,中风险；业绩指引;估值,QQQ,已跳过,,,,,,重复观察,同一股票同一交易日的15分钟重复观察已去重，不重复计入胜率。
2026-08-18,17:11:33,美股,AMZN,"Amazon.com, Inc.",stock,3,盘中：候选观察,当前 261.78,259.69-263.35,270.95-274.87,255.24,跌破观察区下沿、弱于基准、板块转弱或出现公告/新闻风险,78,65,收盘前仍强于基准且无事件风险时，才进入隔夜观察,云/电商/AI资本开支；相对基准 1.7187%。,中风险；利润率;资本开支;消费,QQQ,待复盘,,,,,,,
2026-08-18,17:11:33,美股,MSFT,Microsoft Corporation,stock,4,盘中：候选观察,当前 481.72,477.87-484.61,498.58-505.81,469.68,跌破观察区下沿、弱于基准、板块转弱或出现公告/新闻风险,77,65,收盘前仍强于基准且无事件风险时，才进入隔夜观察,AI云/软件；相对基准 1.8225%。,中风险；监管;财报;AI资本开支担忧,QQQ,已跳过,,,,,,重复观察,同一股票同一交易日的15分钟重复观察已去重，不重复计入胜率。
2026-08-18,17:46:42,美股,AAPL,Apple Inc.,stock,1,盘中：候选观察,当前 310.15,307.67-312.02,321.01-325.66,302.40,跌破观察区下沿、弱于基准、板块转弱或出现公告/新闻风险,80,30,收盘前仍强于基准且无事件风险时，才进入隔夜观察,消费电子/大科技；相对基准 3.127%。,中风险；产品周期;中国市场;监管,QQQ,已跳过,,,,,,重复观察,同一股票同一交易日的15分钟重复观察已去重，不重复计入胜率。
2026-08-18,17:46:42,美股,CRM,Salesforce,stock,2,盘中：候选观察,当前 198.27,196.68-199.46,205.21-208.18,193.31,跌破观察区下沿、弱于基准、板块转弱或出现公告/新闻风险,80,30,收盘前仍强于基准且无事件风险时，才进入隔夜观察,企业软件；相对基准 5.4558%。,中风险；业绩指引;估值,QQQ,已跳过,,,,,,重复观察,同一股票同一交易日的15分钟重复观察已去重，不重复计入胜率。
2026-08-18,17:46:42,美股,MSFT,Microsoft Corporation,stock,3,盘中：候选观察,当前 481.93,478.07-484.82,498.80-506.03,469.88,跌破观察区下沿、弱于基准、板块转弱或出现公告/新闻风险,77,65,收盘前仍强于基准且无事件风险时，才进入隔夜观察,AI云/软件；相对基准 1.9621%。,中风险；监管;财报;AI资本开支担忧,QQQ,已跳过,,,,,,重复观察,同一股票同一交易日的15分钟重复观察已去重，不重复计入胜率。
2026-08-18,18:15:46,美股,AAPL,Apple Inc.,stock,1,盘中：候选观察,当前 310.47,307.99-312.33,321.34-325.99,302.71,跌破观察区下沿、弱于基准、板块转弱或出现公告/新闻风险,80,30,收盘前仍强于基准且无事件风险时，才进入隔夜观察,消费电子/大科技；相对基准 3.3068%。,中风险；产品周期;中国市场;监管,QQQ,已跳过,,,,,,重复观察,同一股票同一交易日的15分钟重复观察已去重，不重复计入胜率。
2026-08-18,18:15:46,美股,CRM,Salesforce,stock,2,盘中：候选观察,当前 198.94,197.34-200.13,205.90-208.88,193.96,跌破观察区下沿、弱于基准、板块转弱或出现公告/新闻风险,80,30,收盘前仍强于基准且无事件风险时，才进入隔夜观察,企业软件；相对基准 5.8807%。,中风险；业绩指引;估值,QQQ,已跳过,,,,,,重复观察,同一股票同一交易日的15分钟重复观察已去重，不重复计入胜率。
2026-08-18,18:15:46,美股,MSFT,Microsoft Corporation,stock,3,盘中：候选观察,当前 482.01,478.15-484.90,498.88-506.11,469.96,跌破观察区下沿、弱于基准、板块转弱或出现公告/新闻风险,77,65,收盘前仍强于基准且无事件风险时，才进入隔夜观察,AI云/软件；相对基准 2.0555%。,中风险；监管;财报;AI资本开支担忧,QQQ,已跳过,,,,,,重复观察,同一股票同一交易日的15分钟重复观察已去重，不重复计入胜率。
2026-08-18,19:02:10,美股,CRM,Salesforce,stock,1,盘中：强势观察,当前 198.30,196.71-199.49,205.24-208.22,193.34,跌破观察区下沿、弱于基准、板块转弱或出现公告/新闻风险,84,30,收盘前仍强于基准且无事件风险时，才进入隔夜观察,企业软件；相对基准 5.5592%。,中风险；业绩指引;估值,QQQ,已跳过,,,,,,重复观察,同一股票同一交易日的15分钟重复观察已去重，不重复计入胜率。
2026-08-18,19:02:10,美股,AAPL,Apple Inc.,stock,2,盘中：候选观察,当前 310.19,307.71-312.05,321.05-325.70,302.44,跌破观察区下沿、弱于基准、板块转弱或出现公告/新闻风险,80,30,收盘前仍强于基准且无事件风险时，才进入隔夜观察,消费电子/大科技；相对基准 3.2262%。,中风险；产品周期;中国市场;监管,QQQ,已跳过,,,,,,重复观察,同一股票同一交易日的15分钟重复观察已去重，不重复计入胜率。
2026-08-18,19:02:10,美股,MSFT,Microsoft Corporation,stock,3,盘中：候选观察,当前 482.64,478.78-485.54,499.53-506.77,470.57,跌破观察区下沿、弱于基准、板块转弱或出现公告/新闻风险,78,65,收盘前仍强于基准且无事件风险时，才进入隔夜观察,AI云/软件；相对基准 2.1976%。,中风险；监管;财报;AI资本开支担忧,QQQ,已跳过,,,,,,重复观察,同一股票同一交易日的15分钟重复观察已去重，不重复计入胜率。
2026-08-18,19:35:34,美股,CRM,"Salesforce, Inc.",stock,1,盘中：强势观察,当前 197.77,196.19-198.96,204.69-207.66,192.83,跌破观察区下沿、弱于基准、板块转弱或出现公告/新闻风险,84,30,收盘前仍强于基准且无事件风险时，才进入隔夜观察,企业软件；相对基准 5.2392%。,中风险；业绩指引;估值,QQQ,已跳过,,,,,,重复观察,同一股票同一交易日的15分钟重复观察已去重，不重复计入胜率。
2026-08-18,19:35:34,美股,AAPL,Apple Inc.,stock,2,盘中：候选观察,当前 309.99,307.51-311.85,320.84-325.49,302.24,跌破观察区下沿、弱于基准、板块转弱或出现公告/新闻风险,80,30,收盘前仍强于基准且无事件风险时，才进入隔夜观察,消费电子/大科技；相对基准 3.1182%。,中风险；产品周期;中国市场;监管,QQQ,已跳过,,,,,,重复观察,同一股票同一交易日的15分钟重复观察已去重，不重复计入胜率。
2026-08-18,19:35:34,美股,MSFT,Microsoft Corporation,stock,3,盘中：候选观察,当前 483.50,479.63-486.40,500.42-507.68,471.41,跌破观察区下沿、弱于基准、板块转弱或出现公告/新闻风险,78,65,收盘前仍强于基准且无事件风险时，才进入隔夜观察,AI云/软件；相对基准 2.3342%。,中风险；监管;财报;AI资本开支担忧,QQQ,已跳过,,,,,,重复观察,同一股票同一交易日的15分钟重复观察已去重，不重复计入胜率。
2026-08-18,19:35:34,美股,GOOGL,Alphabet Inc.,stock,4,盘中：候选观察,当前 344.25,341.50-346.32,356.30-361.47,335.65,跌破观察区下沿、弱于基准、板块转弱或出现公告/新闻风险,78,65,收盘前仍强于基准且无事件风险时，才进入隔夜观察,AI应用/广告/云；相对基准 1.7525%。,中风险；监管;广告周期;财报跳空,QQQ,已跳过,,,,,,重复观察,同一股票同一交易日的15分钟重复观察已去重，不重复计入胜率。
2026-08-18,20:00:27,美股,CRM,Salesforce,stock,1,盘中：候选观察,当前 196.14,194.57-197.32,203.00-205.95,191.24,跌破观察区下沿、弱于基准、板块转弱或出现公告/新闻风险,81,30,收盘前仍强于基准且无事件风险时，才进入隔夜观察,企业软件；相对基准 4.4007%。,中风险；业绩指引;估值,QQQ,待复盘,,,,,,,
2026-08-18,20:00:27,美股,AAPL,Apple Inc.,stock,2,盘中：候选观察,当前 310.03,307.55-311.89,320.88-325.53,302.28,跌破观察区下沿、弱于基准、板块转弱或出现公告/新闻风险,80,30,收盘前仍强于基准且无事件风险时，才进入隔夜观察,消费电子/大科技；相对基准 3.1464%。,中风险；产品周期;中国市场;监管,QQQ,待复盘,,,,,,,
2026-08-18,20:00:27,美股,GOOGL,Alphabet Inc.,stock,3,盘中：候选观察,当前 344.20,341.45-346.27,356.25-361.41,335.59,跌破观察区下沿、弱于基准、板块转弱或出现公告/新闻风险,78,65,收盘前仍强于基准且无事件风险时，才进入隔夜观察,AI应用/广告/云；相对基准 1.7516%。,中风险；监管;广告周期;财报跳空,QQQ,待复盘,,,,,,,
2026-08-18,20:00:27,美股,MSFT,Microsoft Corporation,stock,4,盘中：候选观察,当前 481.63,477.78-484.52,498.49-505.71,469.59,跌破观察区下沿、弱于基准、板块转弱或出现公告/新闻风险,77,65,收盘前仍强于基准且无事件风险时，才进入隔夜观察,AI云/软件；相对基准 1.96%。,中风险；监管;财报;AI资本开支担忧,QQQ,待复盘,,,,,,,
2026-08-18,20:35:07,美股,CRM,Salesforce,stock,1,盘中：候选观察,当前 196.14,194.57-197.32,203.00-205.95,191.24,跌破观察区下沿、弱于基准、板块转弱或出现公告/新闻风险,81,30,收盘前仍强于基准且无事件风险时，才进入隔夜观察,企业软件；相对基准 4.4007%。,中风险；业绩指引;估值,QQQ,待复盘,,,,,,,
2026-08-18,20:35:07,美股,AAPL,Apple Inc.,stock,2,盘中：候选观察,当前 310.03,307.55-311.89,320.88-325.53,302.28,跌破观察区下沿、弱于基准、板块转弱或出现公告/新闻风险,80,30,收盘前仍强于基准且无事件风险时，才进入隔夜观察,消费电子/大科技；相对基准 3.1464%。,中风险；产品周期;中国市场;监管,QQQ,待复盘,,,,,,,
2026-08-18,20:35:07,美股,GOOGL,Alphabet Inc.,stock,3,盘中：候选观察,当前 344.20,341.45-346.27,356.25-361.41,335.59,跌破观察区下沿、弱于基准、板块转弱或出现公告/新闻风险,78,65,收盘前仍强于基准且无事件风险时，才进入隔夜观察,AI应用/广告/云；相对基准 1.7516%。,中风险；监管;广告周期;财报跳空,QQQ,待复盘,,,,,,,
2026-08-18,20:35:07,美股,MSFT,Microsoft Corporation,stock,4,盘中：候选观察,当前 481.63,477.78-484.52,498.49-505.71,469.59,跌破观察区下沿、弱于基准、板块转弱或出现公告/新闻风险,77,65,收盘前仍强于基准且无事件风险时，才进入隔夜观察,AI云/软件；相对基准 1.96%。,中风险；监管;财报;AI资本开支担忧,QQQ,待复盘,,,,,,,
2026-08-18,21:03:18,美股,CRM,"Salesforce, Inc.",stock,1,收盘：候选观察,当前 196.14,194.57-197.32,203.00-205.95,191.24,跌破观察区下沿、弱于基准、板块转弱或出现公告/新闻风险,81,30,收盘前仍强于基准且无事件风险时，才进入隔夜观察,企业软件；相对基准 4.4007%。,中风险；业绩指引;估值,QQQ,待复盘,,,,,,,
2026-08-18,21:03:18,美股,AAPL,Apple Inc.,stock,2,收盘：候选观察,当前 310.03,307.55-311.89,320.88-325.53,302.28,跌破观察区下沿、弱于基准、板块转弱或出现公告/新闻风险,80,30,收盘前仍强于基准且无事件风险时，才进入隔夜观察,消费电子/大科技；相对基准 3.1464%。,中风险；产品周期;中国市场;监管,QQQ,待复盘,,,,,,,
2026-08-18,21:03:18,美股,GOOGL,Alphabet Inc.,stock,3,收盘：候选观察,当前 344.20,341.45-346.27,356.25-361.41,335.59,跌破观察区下沿、弱于基准、板块转弱或出现公告/新闻风险,78,65,收盘前仍强于基准且无事件风险时，才进入隔夜观察,AI应用/广告/云；相对基准 1.7516%。,中风险；监管;广告周期;财报跳空,QQQ,待复盘,,,,,,,
2026-08-18,21:03:18,美股,MSFT,Microsoft Corporation,stock,4,收盘：候选观察,当前 481.63,477.78-484.52,498.49-505.71,469.59,跌破观察区下沿、弱于基准、板块转弱或出现公告/新闻风险,77,65,收盘前仍强于基准且无事件风险时，才进入隔夜观察,AI云/软件；相对基准 1.96%。,中风险；监管;财报;AI资本开支担忧,QQQ,待复盘,,,,,,,
2026-08-19,03:25:46,A股,600036,招商银行,stock,1,盘中：强势观察,当前 38.97,38.66-39.20,40.33-40.92,38.00,跌破观察区下沿、弱于基准、板块转弱或出现公告/新闻风险,86,40,隔夜降权：只做观察，不作为自动模拟买入；需次日重新确认强于基准和尾盘承接。,银行；相对基准 4.174%。,低风险；地产链风险;利率环境,沪深300,已跳过,,,,,,重复观察,同一股票同一交易日的15分钟重复观察已去重，不重复计入胜率。
2026-08-19,03:25:46,A股,601318,中国平安,stock,2,盘中：强势观察,当前 51.92,51.50-52.23,53.74-54.52,50.62,跌破观察区下沿、弱于基准、板块转弱或出现公告/新闻风险,82,40,隔夜降权：只做观察，不作为自动模拟买入；需次日重新确认强于基准和尾盘承接。,保险/金融；相对基准 3.5672%。,中风险；权益市场波动;利率,沪深300,已跳过,,,,,,重复观察,同一股票同一交易日的15分钟重复观察已去重，不重复计入胜率。
2026-08-19,03:25:46,A股,600941,中国移动,stock,3,盘中：强势观察,当前 96.88,96.10-97.46,100.27-101.72,94.46,跌破观察区下沿、弱于基准、板块转弱或出现公告/新闻风险,82,40,隔夜降权：只做观察，不作为自动模拟买入；需次日重新确认强于基准和尾盘承接。,通信/高股息；相对基准 3.5888%。,低风险；政策/估值;低弹性,沪深300,已跳过,,,,,,重复观察,同一股票同一交易日的15分钟重复观察已去重，不重复计入胜率。
2026-08-19,03:25:46,A股,000333,美的集团,stock,4,盘中：候选观察,当前 84.40,83.72-84.91,87.35-88.62,82.29,跌破观察区下沿、弱于基准、板块转弱或出现公告/新闻风险,80,40,隔夜降权：只做观察，不作为自动模拟买入；需次日重新确认强于基准和尾盘承接。,家电/消费；相对基准 3.3792%。,低风险；消费周期;汇率/出口,沪深300,已跳过,,,,,,重复观察,同一股票同一交易日的15分钟重复观察已去重，不重复计入胜率。
2026-08-19,03:25:46,A股,600519,贵州茅台,stock,5,盘中：边缘观察,当前 1300.23,1289.83-1308.03,1345.74-1365.24,1267.72,跌破观察区下沿、弱于基准、板块转弱或出现公告/新闻风险,70,20,隔夜降权：只做观察，不作为自动模拟买入；需次日重新确认强于基准和尾盘承接。,消费/白酒；相对基准 2.5707%。,低风险；消费预期;外资权重波动,沪深300,已跳过,,,,,,重复观察,同一股票同一交易日的15分钟重复观察已去重，不重复计入胜率。
2026-08-19,04:08:44,A股,000333,美的集团,stock,1,盘中：强势观察,当前 84.55,83.87-85.06,87.51-88.78,82.44,跌破观察区下沿、弱于基准、板块转弱或出现公告/新闻风险,86,40,隔夜降权：只做观察，不作为自动模拟买入；需次日重新确认强于基准和尾盘承接。,家电/消费；相对基准 3.5739%。,低风险；消费周期;汇率/出口,沪深300,已跳过,,,,,,重复观察,同一股票同一交易日的15分钟重复观察已去重，不重复计入胜率。
2026-08-19,04:08:44,A股,600036,招商银行,stock,2,盘中：强势观察,当前 38.94,38.63-39.17,40.30-40.89,37.97,跌破观察区下沿、弱于基准、板块转弱或出现公告/新闻风险,86,40,隔夜降权：只做观察，不作为自动模拟买入；需次日重新确认强于基准和尾盘承接。,银行；相对基准 4.1109%。,低风险；地产链风险;利率环境,沪深300,已跳过,,,,,,重复观察,同一股票同一交易日的15分钟重复观察已去重，不重复计入胜率。
2026-08-19,04:08:44,A股,601318,中国平安,stock,3,盘中：强势观察,当前 51.90,51.48-52.21,53.72-54.49,50.60,跌破观察区下沿、弱于基准、板块转弱或出现公告/新闻风险,82,40,隔夜降权：只做观察，不作为自动模拟买入；需次日重新确认强于基准和尾盘承接。,保险/金融；相对基准 3.5435%。,中风险；权益市场波动;利率,沪深300,已跳过,,,,,,重复观察,同一股票同一交易日的15分钟重复观察已去重，不重复计入胜率。
2026-08-19,04:08:44,A股,600941,中国移动,stock,4,盘中：强势观察,当前 96.90,96.12-97.48,100.29-101.75,94.48,跌破观察区下沿、弱于基准、板块转弱或出现公告/新闻风险,82,40,隔夜降权：只做观察，不作为自动模拟买入；需次日重新确认强于基准和尾盘承接。,通信/高股息；相对基准 3.6249%。,低风险；政策/估值;低弹性,沪深300,已跳过,,,,,,重复观察,同一股票同一交易日的15分钟重复观察已去重，不重复计入胜率。
2026-08-19,04:08:44,A股,600519,贵州茅台,stock,5,盘中：边缘观察,当前 1300.63,1290.22-1308.43,1346.15-1365.66,1268.11,跌破观察区下沿、弱于基准、板块转弱或出现公告/新闻风险,70,20,隔夜降权：只做观察，不作为自动模拟买入；需次日重新确认强于基准和尾盘承接。,消费/白酒；相对基准 2.6167%。,低风险；消费预期;外资权重波动,沪深300,已跳过,,,,,,重复观察,同一股票同一交易日的15分钟重复观察已去重，不重复计入胜率。
2026-08-19,05:35:14,A股,000333,美的集团,stock,1,盘中：强势观察,当前 84.56,83.88-85.07,87.52-88.79,82.45,跌破观察区下沿、弱于基准、板块转弱或出现公告/新闻风险,86,40,隔夜降权：只做观察，不作为自动模拟买入；需次日重新确认强于基准和尾盘承接。,家电/消费；相对基准 3.6601%。,低风险；消费周期;汇率/出口,沪深300,已跳过,,,,,,重复观察,同一股票同一交易日的15分钟重复观察已去重，不重复计入胜率。
2026-08-19,05:35:14,A股,600036,招商银行,stock,2,盘中：强势观察,当前 38.93,38.62-39.16,40.29-40.88,37.96,跌破观察区下沿、弱于基准、板块转弱或出现公告/新闻风险,84,40,隔夜降权：只做观察，不作为自动模拟买入；需次日重新确认强于基准和尾盘承接。,银行；相对基准 4.1591%。,低风险；地产链风险;利率环境,沪深300,已跳过,,,,,,重复观察,同一股票同一交易日的15分钟重复观察已去重，不重复计入胜率。
2026-08-19,05:35:14,A股,600941,中国移动,stock,3,盘中：候选观察,当前 96.74,95.97-97.32,100.13-101.58,94.32,跌破观察区下沿、弱于基准、板块转弱或出现公告/新闻风险,80,40,隔夜降权：只做观察，不作为自动模拟买入；需次日重新确认强于基准和尾盘承接。,通信/高股息；相对基准 3.5321%。,低风险；政策/估值;低弹性,沪深300,已跳过,,,,,,重复观察,同一股票同一交易日的15分钟重复观察已去重，不重复计入胜率。
2026-08-19,05:35:14,A股,601318,中国平安,stock,4,盘中：候选观察,当前 51.77,51.36-52.08,53.58-54.36,50.48,跌破观察区下沿、弱于基准、板块转弱或出现公告/新闻风险,75,40,隔夜降权：只做观察，不作为自动模拟买入；需次日重新确认强于基准和尾盘承接。,保险/金融；相对基准 3.3645%。,中风险；权益市场波动;利率,沪深300,已跳过,,,,,,重复观察,同一股票同一交易日的15分钟重复观察已去重，不重复计入胜率。
2026-08-19,06:03:54,A股,000333,美的集团,stock,1,盘中：强势观察,当前 84.51,83.83-85.02,87.47-88.74,82.40,跌破观察区下沿、弱于基准、板块转弱或出现公告/新闻风险,86,40,隔夜降权：只做观察，不作为自动模拟买入；需次日重新确认强于基准和尾盘承接。,家电/消费；相对基准 4.0202%。,低风险；消费周期;汇率/出口,沪深300,已跳过,,,,,,重复观察,同一股票同一交易日的15分钟重复观察已去重，不重复计入胜率。
2026-08-19,06:03:54,A股,600036,招商银行,stock,2,盘中：强势观察,当前 38.95,38.64-39.18,40.31-40.90,37.98,跌破观察区下沿、弱于基准、板块转弱或出现公告/新闻风险,86,40,隔夜降权：只做观察，不作为自动模拟买入；需次日重新确认强于基准和尾盘承接。,银行；相对基准 4.6312%。,低风险；地产链风险;利率环境,沪深300,已跳过,,,,,,重复观察,同一股票同一交易日的15分钟重复观察已去重，不重复计入胜率。
2026-08-19,06:03:54,A股,600941,中国移动,stock,3,盘中：候选观察,当前 96.72,95.95-97.30,100.11-101.56,94.30,跌破观察区下沿、弱于基准、板块转弱或出现公告/新闻风险,80,40,隔夜降权：只做观察，不作为自动模拟买入；需次日重新确认强于基准和尾盘承接。,通信/高股息；相对基准 3.9311%。,低风险；政策/估值;低弹性,沪深300,已跳过,,,,,,重复观察,同一股票同一交易日的15分钟重复观察已去重，不重复计入胜率。
2026-08-19,06:03:54,A股,601318,中国平安,stock,4,盘中：边缘观察,当前 51.70,51.29-52.01,53.51-54.29,50.41,跌破观察区下沿、弱于基准、板块转弱或出现公告/新闻风险,71,20,隔夜降权：只做观察，不作为自动模拟买入；需次日重新确认强于基准和尾盘承接。,保险/金融；相对基准 3.648%。,中风险；权益市场波动;利率,沪深300,已跳过,,,,,,重复观察,同一股票同一交易日的15分钟重复观察已去重，不重复计入胜率。
2026-08-19,07:06:51,A股,000333,美的集团,stock,1,盘中：强势观察,当前 84.72,84.04-85.23,87.69-88.96,82.60,跌破观察区下沿、弱于基准、板块转弱或出现公告/新闻风险,86,40,隔夜降权：只做观察，不作为自动模拟买入；需次日重新确认强于基准和尾盘承接。,家电/消费；相对基准 4.2655%。,低风险；消费周期;汇率/出口,沪深300,待复盘,,,,,,,
2026-08-19,07:06:51,A股,600036,招商银行,stock,2,盘中：强势观察,当前 39.15,38.84-39.38,40.52-41.11,38.17,跌破观察区下沿、弱于基准、板块转弱或出现公告/新闻风险,86,40,隔夜降权：只做观察，不作为自动模拟买入；需次日重新确认强于基准和尾盘承接。,银行；相对基准 5.1475%。,低风险；地产链风险;利率环境,沪深300,待复盘,,,,,,,
2026-08-19,07:06:51,A股,600941,中国移动,stock,3,盘中：强势观察,当前 97.17,96.39-97.75,100.57-102.03,94.74,跌破观察区下沿、弱于基准、板块转弱或出现公告/新闻风险,86,40,隔夜降权：只做观察，不作为自动模拟买入；需次日重新确认强于基准和尾盘承接。,通信/高股息；相对基准 4.3951%。,低风险；政策/估值;低弹性,沪深300,待复盘,,,,,,,
2026-08-19,07:06:51,A股,601318,中国平安,stock,4,盘中：强势观察,当前 52.08,51.66-52.39,53.90-54.68,50.78,跌破观察区下沿、弱于基准、板块转弱或出现公告/新闻风险,82,40,隔夜降权：只做观察，不作为自动模拟买入；需次日重新确认强于基准和尾盘承接。,保险/金融；相对基准 4.3824%。,中风险；权益市场波动;利率,沪深300,待复盘,,,,,,,
2026-08-19,07:06:51,A股,600519,贵州茅台,stock,5,盘中：候选观察,当前 1307.88,1297.42-1315.73,1353.66-1373.27,1275.18,跌破观察区下沿、弱于基准、板块转弱或出现公告/新闻风险,78,40,隔夜降权：只做观察，不作为自动模拟买入；需次日重新确认强于基准和尾盘承接。,消费/白酒；相对基准 3.6634%。,低风险；消费预期;外资权重波动,沪深300,待复盘,,,,,,,
2026-08-19,07:55:10,A股,000333,美的集团,stock,1,盘中：强势观察,当前 84.72,84.04-85.23,87.69-88.96,82.60,跌破观察区下沿、弱于基准、板块转弱或出现公告/新闻风险,86,40,隔夜降权：只做观察，不作为自动模拟买入；需次日重新确认强于基准和尾盘承接。,家电/消费；相对基准 4.2655%。,低风险；消费周期;汇率/出口,沪深300,待复盘,,,,,,,
2026-08-19,07:55:10,A股,600036,招商银行,stock,2,盘中：强势观察,当前 39.15,38.84-39.38,40.52-41.11,38.17,跌破观察区下沿、弱于基准、板块转弱或出现公告/新闻风险,86,40,隔夜降权：只做观察，不作为自动模拟买入；需次日重新确认强于基准和尾盘承接。,银行；相对基准 5.1475%。,低风险；地产链风险;利率环境,沪深300,待复盘,,,,,,,
2026-08-19,07:55:10,A股,600941,中国移动,stock,3,盘中：强势观察,当前 97.17,96.39-97.75,100.57-102.03,94.74,跌破观察区下沿、弱于基准、板块转弱或出现公告/新闻风险,86,40,隔夜降权：只做观察，不作为自动模拟买入；需次日重新确认强于基准和尾盘承接。,通信/高股息；相对基准 4.3951%。,低风险；政策/估值;低弹性,沪深300,待复盘,,,,,,,
2026-08-19,07:55:10,A股,601318,中国平安,stock,4,盘中：强势观察,当前 52.08,51.66-52.39,53.90-54.68,50.78,跌破观察区下沿、弱于基准、板块转弱或出现公告/新闻风险,82,40,隔夜降权：只做观察，不作为自动模拟买入；需次日重新确认强于基准和尾盘承接。,保险/金融；相对基准 4.3824%。,中风险；权益市场波动;利率,沪深300,待复盘,,,,,,,
2026-08-19,07:55:10,A股,600519,贵州茅台,stock,5,盘中：候选观察,当前 1307.88,1297.42-1315.73,1353.66-1373.27,1275.18,跌破观察区下沿、弱于基准、板块转弱或出现公告/新闻风险,78,40,隔夜降权：只做观察，不作为自动模拟买入；需次日重新确认强于基准和尾盘承接。,消费/白酒；相对基准 3.6634%。,低风险；消费预期;外资权重波动,沪深300,待复盘,,,,,,,
2026-08-19,13:50:25,美股,AAPL,Apple Inc.,stock,1,盘中：候选观察,当前 313.23,310.72-315.11,324.19-328.89,305.40,跌破观察区下沿、弱于基准、板块转弱或出现公告/新闻风险,77,30,收盘前仍强于基准且无事件风险时，才进入隔夜观察,消费电子/大科技；相对基准 1.4406%。,中风险；产品周期;中国市场;监管,QQQ,待复盘,,,,,,,
2026-08-19,13:50:25,美股,CRM,"Salesforce, Inc.",stock,2,盘中：候选观察,当前 200.85,199.25-202.06,207.88-210.90,195.83,跌破观察区下沿、弱于基准、板块转弱或出现公告/新闻风险,75,30,收盘前仍强于基准且无事件风险时，才进入隔夜观察,企业软件；相对基准 2.8123%。,中风险；业绩指引;估值,QQQ,待复盘,,,,,,,
2026-08-19,13:50:25,美股,META,"Meta Platforms, Inc.",stock,3,盘中：边缘观察,当前 543.87,539.51-547.13,562.90-571.06,530.27,跌破观察区下沿、弱于基准、板块转弱或出现公告/新闻风险,73,65,收盘前仍强于基准且无事件风险时，才进入隔夜观察,AI应用/社交广告；相对基准 0.4443%。,中高风险；监管;广告周期;资本开支,QQQ,待复盘,,,,,,,
2026-08-19,13:50:25,美股,MSFT,Microsoft Corporation,stock,4,盘中：边缘观察,当前 482.18,478.32-485.07,499.06-506.29,470.13,跌破观察区下沿、弱于基准、板块转弱或出现公告/新闻风险,70,65,收盘前仍强于基准且无事件风险时，才进入隔夜观察,AI云/软件；相对基准 0.5226%。,中风险；监管;财报;AI资本开支担忧,QQQ,待复盘,,,,,,,
2026-08-19,14:42:27,美股,AMZN,"Amazon.com, Inc.",stock,1,盘中：强势观察,当前 262.43,260.33-264.00,271.62-275.55,255.87,跌破观察区下沿、弱于基准、板块转弱或出现公告/新闻风险,84,65,收盘前仍强于基准且无事件风险时，才进入隔夜观察,云/电商/AI资本开支；相对基准 1.2824%。,中风险；利润率;资本开支;消费,QQQ,待复盘,,,,,,,
2026-08-19,14:42:27,美股,CRM,"Salesforce, Inc.",stock,2,盘中：强势观察,当前 203.83,202.20-205.05,210.96-214.02,198.73,跌破观察区下沿、弱于基准、板块转弱或出现公告/新闻风险,84,30,收盘前仍强于基准且无事件风险时，才进入隔夜观察,企业软件；相对基准 4.0545%。,中风险；业绩指引;估值,QQQ,待复盘,,,,,,,
2026-08-19,14:42:27,美股,AAPL,Apple Inc.,stock,3,盘中：候选观察,当前 316.30,313.76-318.19,327.37-332.11,308.39,跌破观察区下沿、弱于基准、板块转弱或出现公告/新闻风险,79,30,收盘前仍强于基准且无事件风险时，才进入隔夜观察,消费电子/大科技；相对基准 2.1546%。,中风险；产品周期;中国市场;监管,QQQ,待复盘,,,,,,,
2026-08-19,14:42:27,美股,GOOGL,Alphabet Inc.,stock,4,盘中：候选观察,当前 344.44,341.68-346.51,356.50-361.66,335.83,跌破观察区下沿、弱于基准、板块转弱或出现公告/新闻风险,75,65,收盘前仍强于基准且无事件风险时，才进入隔夜观察,AI应用/广告/云；相对基准 0.2035%。,中风险；监管;广告周期;财报跳空,QQQ,待复盘,,,,,,,
2026-08-19,14:42:27,美股,META,"Meta Platforms, Inc.",stock,5,盘中：候选观察,当前 547.59,543.21-550.88,566.76-574.97,533.90,跌破观察区下沿、弱于基准、板块转弱或出现公告/新闻风险,75,65,收盘前仍强于基准且无事件风险时，才进入隔夜观察,AI应用/社交广告；相对基准 0.855%。,中高风险；监管;广告周期;资本开支,QQQ,待复盘,,,,,,,
2026-08-19,15:14:33,美股,AMZN,"Amazon.com, Inc.",stock,1,盘中：强势观察,当前 263.43,261.32-265.01,272.64-276.60,256.84,跌破观察区下沿、弱于基准、板块转弱或出现公告/新闻风险,84,65,收盘前仍强于基准且无事件风险时，才进入隔夜观察,云/电商/AI资本开支；相对基准 1.429%。,中风险；利润率;资本开支;消费,QQQ,待复盘,,,,,,,
2026-08-19,15:14:33,美股,CRM,"Salesforce, Inc.",stock,2,盘中：强势观察,当前 205.88,204.23-207.11,213.08-216.17,200.73,跌破观察区下沿、弱于基准、板块转弱或出现公告/新闻风险,84,30,收盘前仍强于基准且无事件风险时，才进入隔夜观察,企业软件；相对基准 4.8602%。,中风险；业绩指引;估值,QQQ,待复盘,,,,,,,
2026-08-19,15:14:33,美股,AAPL,Apple Inc.,stock,3,盘中：候选观察,当前 318.76,316.21-320.68,329.92-334.70,310.80,跌破观察区下沿、弱于基准、板块转弱或出现公告/新闻风险,79,30,收盘前仍强于基准且无事件风险时，才进入隔夜观察,消费电子/大科技；相对基准 2.7144%。,中风险；产品周期;中国市场;监管,QQQ,待复盘,,,,,,,
2026-08-19,15:14:33,美股,MSFT,Microsoft Corporation,stock,4,盘中：候选观察,当前 484.19,480.32-487.10,501.14-508.40,472.09,跌破观察区下沿、弱于基准、板块转弱或出现公告/新闻风险,75,65,收盘前仍强于基准且无事件风险时，才进入隔夜观察,AI云/软件；相对基准 0.4295%。,中风险；监管;财报;AI资本开支担忧,QQQ,待复盘,,,,,,,
2026-08-19,15:14:33,美股,META,"Meta Platforms, Inc.",stock,5,盘中：候选观察,当前 547.42,543.04-550.70,566.58-574.79,533.73,跌破观察区下沿、弱于基准、板块转弱或出现公告/新闻风险,75,65,收盘前仍强于基准且无事件风险时，才进入隔夜观察,AI应用/社交广告；相对基准 0.5867%。,中高风险；监管;广告周期;资本开支,QQQ,待复盘,,,,,,,
2026-08-19,15:50:12,美股,MSFT,Microsoft Corporation,stock,1,盘中：强势观察,当前 487.85,483.95-490.78,504.92-512.24,475.65,跌破观察区下沿、弱于基准、板块转弱或出现公告/新闻风险,86,65,收盘前仍强于基准且无事件风险时，才进入隔夜观察,AI云/软件；相对基准 1.2803%。,中风险；监管;财报;AI资本开支担忧,QQQ,待复盘,,,,,,,
2026-08-19,15:50:12,美股,AMZN,"Amazon.com, Inc.",stock,2,盘中：强势观察,当前 264.48,262.36-266.07,273.74-277.70,257.87,跌破观察区下沿、弱于基准、板块转弱或出现公告/新闻风险,86,65,收盘前仍强于基准且无事件风险时，才进入隔夜观察,云/电商/AI资本开支；相对基准 1.9276%。,中风险；利润率;资本开支;消费,QQQ,待复盘,,,,,,,
2026-08-19,15:50:12,美股,META,"Meta Platforms, Inc.",stock,3,盘中：强势观察,当前 552.72,548.30-556.04,572.07-580.36,538.90,跌破观察区下沿、弱于基准、板块转弱或出现公告/新闻风险,84,65,收盘前仍强于基准且无事件风险时，才进入隔夜观察,AI应用/社交广告；相对基准 1.6535%。,中高风险；监管;广告周期;资本开支,QQQ,待复盘,,,,,,,
2026-08-19,15:50:12,美股,CRM,"Salesforce, Inc.",stock,4,盘中：强势观察,当前 207.65,205.99-208.90,214.92-218.03,202.46,跌破观察区下沿、弱于基准、板块转弱或出现公告/新闻风险,84,30,收盘前仍强于基准且无事件风险时，才进入隔夜观察,企业软件；相对基准 5.8572%。,中风险；业绩指引;估值,QQQ,待复盘,,,,,,,
2026-08-19,15:50:12,美股,AAPL,Apple Inc.,stock,5,盘中：候选观察,当前 316.63,314.10-318.53,327.72-332.47,308.72,跌破观察区下沿、弱于基准、板块转弱或出现公告/新闻风险,79,30,收盘前仍强于基准且无事件风险时，才进入隔夜观察,消费电子/大科技；相对基准 2.1193%。,中风险；产品周期;中国市场;监管,QQQ,待复盘,,,,,,,
2026-08-19,16:39:30,美股,AMZN,"Amazon.com, Inc.",stock,1,盘中：强势观察,当前 264.44,262.32-266.03,273.70-277.66,257.83,跌破观察区下沿、弱于基准、板块转弱或出现公告/新闻风险,86,65,收盘前仍强于基准且无事件风险时，才进入隔夜观察,云/电商/AI资本开支；相对基准 1.7909%。,中风险；利润率;资本开支;消费,QQQ,待复盘,,,,,,,
2026-08-19,16:39:30,美股,META,"Meta Platforms, Inc.",stock,2,盘中：强势观察,当前 551.14,546.73-554.45,570.43-578.70,537.36,跌破观察区下沿、弱于基准、板块转弱或出现公告/新闻风险,84,65,收盘前仍强于基准且无事件风险时，才进入隔夜观察,AI应用/社交广告；相对基准 1.2416%。,中高风险；监管;广告周期;资本开支,QQQ,待复盘,,,,,,,
2026-08-19,16:39:30,美股,ORCL,Oracle Corporation,stock,3,盘中：强势观察,当前 145.28,144.12-146.15,150.36-152.54,141.65,跌破观察区下沿、弱于基准、板块转弱或出现公告/新闻风险,84,65,收盘前仍强于基准且无事件风险时，才进入隔夜观察,云/数据库；相对基准 1.6114%。,中高风险；财报跳空;订单预期,QQQ,待复盘,,,,,,,
2026-08-19,16:39:30,美股,CRM,"Salesforce, Inc.",stock,4,盘中：强势观察,当前 206.65,205.00-207.89,213.88-216.98,201.48,跌破观察区下沿、弱于基准、板块转弱或出现公告/新闻风险,84,30,收盘前仍强于基准且无事件风险时，才进入隔夜观察,企业软件；相对基准 5.226%。,中风险；业绩指引;估值,QQQ,待复盘,,,,,,,
2026-08-19,16:39:30,美股,AAPL,Apple Inc.,stock,5,盘中：候选观察,当前 315.37,312.85-317.26,326.41-331.14,307.49,跌破观察区下沿、弱于基准、板块转弱或出现公告/新闻风险,78,30,收盘前仍强于基准且无事件风险时，才进入隔夜观察,消费电子/大科技；相对基准 1.59%。,中风险；产品周期;中国市场;监管,QQQ,待复盘,,,,,,,
2026-08-19,17:10:31,美股,AMZN,"Amazon.com, Inc.",stock,1,盘中：强势观察,当前 264.21,262.10-265.80,273.46-277.42,257.60,跌破观察区下沿、弱于基准、板块转弱或出现公告/新闻风险,86,65,收盘前仍强于基准且无事件风险时，才进入隔夜观察,云/电商/AI资本开支；相对基准 1.9253%。,中风险；利润率;资本开支;消费,QQQ,待复盘,,,,,,,
2026-08-19,17:10:31,美股,META,"Meta Platforms, Inc.",stock,2,盘中：强势观察,当前 552.75,548.33-556.07,572.10-580.39,538.94,跌破观察区下沿、弱于基准、板块转弱或出现公告/新闻风险,84,65,收盘前仍强于基准且无事件风险时，才进入隔夜观察,AI应用/社交广告；相对基准 1.7615%。,中高风险；监管;广告周期;资本开支,QQQ,待复盘,,,,,,,
2026-08-19,17:10:31,美股,ORCL,Oracle Corporation,stock,3,盘中：强势观察,当前 144.31,143.15-145.17,149.36-151.52,140.70,跌破观察区下沿、弱于基准、板块转弱或出现公告/新闻风险,84,65,收盘前仍强于基准且无事件风险时，才进入隔夜观察,云/数据库；相对基准 1.1516%。,中高风险；财报跳空;订单预期,QQQ,待复盘,,,,,,,
2026-08-19,17:10:31,美股,CRM,Salesforce,stock,4,盘中：强势观察,当前 206.56,204.91-207.80,213.79-216.89,201.40,跌破观察区下沿、弱于基准、板块转弱或出现公告/新闻风险,84,30,收盘前仍强于基准且无事件风险时，才进入隔夜观察,企业软件；相对基准 5.4031%。,中风险；业绩指引;估值,QQQ,待复盘,,,,,,,
2026-08-19,17:10:31,美股,AAPL,Apple Inc.,stock,5,盘中：候选观察,当前 314.57,312.05-316.46,325.58-330.30,306.71,跌破观察区下沿、弱于基准、板块转弱或出现公告/新闻风险,78,30,收盘前仍强于基准且无事件风险时，才进入隔夜观察,消费电子/大科技；相对基准 1.555%。,中风险；产品周期;中国市场;监管,QQQ,待复盘,,,,,,,
2026-08-19,17:43:25,美股,AMZN,"Amazon.com, Inc.",stock,1,盘中：强势观察,当前 264.26,262.15-265.85,273.51-277.47,257.65,跌破观察区下沿、弱于基准、板块转弱或出现公告/新闻风险,86,65,收盘前仍强于基准且无事件风险时，才进入隔夜观察,云/电商/AI资本开支；相对基准 2.0044%。,中风险；利润率;资本开支;消费,QQQ,待复盘,,,,,,,
2026-08-19,17:43:25,美股,META,"Meta Platforms, Inc.",stock,2,盘中：强势观察,当前 552.14,547.72-555.45,571.46-579.75,538.34,跌破观察区下沿、弱于基准、板块转弱或出现公告/新闻风险,84,65,收盘前仍强于基准且无事件风险时，才进入隔夜观察,AI应用/社交广告；相对基准 1.7084%。,中高风险；监管;广告周期;资本开支,QQQ,待复盘,,,,,,,
2026-08-19,17:43:25,美股,CRM,"Salesforce, Inc.",stock,3,盘中：强势观察,当前 205.34,203.70-206.58,212.53-215.61,200.21,跌破观察区下沿、弱于基准、板块转弱或出现公告/新闻风险,84,30,收盘前仍强于基准且无事件风险时，才进入隔夜观察,企业软件；相对基准 4.8436%。,中风险；业绩指引;估值,QQQ,待复盘,,,,,,,
2026-08-19,17:43:25,美股,AAPL,Apple Inc.,stock,4,盘中：候选观察,当前 315.74,313.21-317.63,326.79-331.52,307.84,跌破观察区下沿、弱于基准、板块转弱或出现公告/新闻风险,78,30,收盘前仍强于基准且无事件风险时，才进入隔夜观察,消费电子/大科技；相对基准 1.9906%。,中风险；产品周期;中国市场;监管,QQQ,待复盘,,,,,,,
2026-08-19,17:43:25,美股,TSLA,"Tesla, Inc.",stock,5,盘中：候选观察,当前 346.86,344.09-348.94,359.00-369.41,334.72,跌破观察区下沿、弱于基准、板块转弱或出现公告/新闻风险,78,30,收盘前仍强于基准且无事件风险时，才进入隔夜观察,电动车/机器人；相对基准 3.116%。,高风险；高波动;交付数据;政策/舆情,QQQ,待复盘,,,,,,,
